id,road_id,segment_id,longitude,latitude,road_type,speed_kmh,is_toll,province
1,0,1,106.672779,9.59803,1,50,1,Trà Vinh
2,0,1,106.478531,9.703789,1,50,1,Trà Vinh
3,0,2,106.549698,9.869143,1,50,1,Trà Vinh
4,0,2,106.549698,9.869325,1,50,1,Trà Vinh
5,0,3,105.340648,10.367837,11,0,1,An Giang
6,0,3,105.34065,10.368861,11,0,1,An Giang
7,0,3,106.419556,10.404472,11,0,1,An Giang
8,0,4,105.190332,10.454752,1,60,1,Long An
9,0,4,106.565739,10.60153,1,60,1,Long An
10,0,4,105.149716,10.631453,1,60,1,Long An
11,0,5,105.738238,10.701925,4,0,1,Long An
12,0,5,106.269232,10.790749,4,0,1,Long An
13,0,6,105.72404,10.926002,1,60,1,Đồng Tháp
14,0,6,105.728326,10.925223,1,60,1,Đồng Tháp
15,0,6,105.733077,10.932238,1,60,1,Đồng Tháp
16,0,7,107.021622,10.941387,1,50,1,Đồng Nai
17,0,7,107.140264,10.944232,1,50,1,Đồng Nai
18,0,8,105.896562,10.964831,1,60,1,Đồng Tháp
19,0,8,105.484328,10.975246,1,60,1,Đồng Tháp
20,0,8,105.902059,10.979849,1,60,1,Đồng Tháp
21,0,9,105.670334,11.20782,1,60,1,Ninh Thuận
22,0,9,108.893811,11.409563,1,60,1,Ninh Thuận
23,0,10,107.564384,11.744194,4,0,1,Tây Ninh
24,0,10,105.872888,11.884989,4,0,1,Tây Ninh
25,0,11,109.164215,12.612434,4,0,1,Đắk Lắk
26,0,11,108.018768,12.553403,4,0,1,Đắk Lắk
27,0,12,108.018791,12.5557,1,50,1,Đắk Lắk
28,0,12,108.018796,12.558435,1,50,1,Đắk Lắk
29,0,13,109.031091,14.123104,1,50,1,Gia Lai
30,0,13,107.960171,14.123914,1,50,1,Gia Lai
31,0,14,109.046941,14.16372,2,0,1,Bình Định
32,0,14,109.034773,14.600564,2,0,1,Bình Định
33,0,15,108.264501,16.935407,4,0,1,Quảng Nam
34,0,15,108.083768,15.231778,4,0,1,Quảng Nam
35,0,15,107.61714,15.441347,4,0,1,Quảng Nam
36,0,15,107.52264,15.490821,4,0,1,Quảng Nam
37,0,16,106.518757,18.564191,4,0,1,Hà Tĩnh
38,0,16,106.518067,18.590314,4,0,1,Hà Tĩnh
39,0,17,106.335673,20.874049,1,80,1,Hải Phòng
40,0,17,106.917821,20.874523,1,80,1,Hải Phòng
41,0,18,106.620611,21.021919,2,0,1,Phú Thọ
42,0,18,105.029952,21.063831,2,0,1,Phú Thọ
43,0,19,103.010744,21.311873,4,0,1,Phú Thọ
44,0,19,103.008681,21.353263,4,0,1,Phú Thọ
45,0,19,105.223658,21.377528,4,0,1,Phú Thọ
46,0,19,103.005018,21.418547,4,0,1,Phú Thọ
47,1,20,109.198188,12.274139,4,0,1,Phú Yên
48,1,20,108.928727,12.803421,4,0,1,Phú Yên
49,1,20,109.267173,13.096937,4,0,1,Phú Yên
50,1,20,109.270048,13.155974,4,0,1,Phú Yên
51,1,21,108.725291,16.348824,4,0,1,Đà Nẵng
52,1,21,108.80851,16.357949,4,0,1,Đà Nẵng
53,1,22,106.651942,18.953192,4,0,1,Hà Tĩnh
54,1,22,106.669022,19.027858,4,0,1,Hà Tĩnh
55,1,23,105.22468,20.246332,2,0,1,Thái Bình
56,1,23,106.760352,20.31037,2,0,1,Thái Bình
57,1,24,105.000451,20.605842,1,60,1,Hải Phòng
58,1,24,106.84662,20.538334,1,60,1,Hải Phòng
59,1,25,106.780686,21.185775,4,0,1,Hải Phòng
60,1,25,106.780787,21.192347,4,0,1,Hải Phòng
61,1,26,106.931377,21.203016,1,100,1,Quảng Ninh
62,1,26,106.931679,21.21286,1,100,1,Quảng Ninh
63,2,27,106.660914,10.186569,4,0,1,Bến Tre
64,2,27,106.661177,10.191291,4,0,1,Bến Tre
65,2,27,106.661373,10.196584,4,0,1,Bến Tre
66,2,27,106.661366,10.195176,4,0,1,Bến Tre
67,2,27,106.661658,10.200911,4,0,1,Bến Tre
68,2,27,106.661593,10.202651,4,0,1,Bến Tre
69,2,28,106.662296,10.216947,4,0,1,Bến Tre
70,2,28,106.662712,10.226333,4,0,1,Bến Tre
71,2,29,106.525048,10.35414,1,50,1,Bà Rịa - Vũng Tàu
72,2,29,107.168492,10.423588,1,50,1,Bà Rịa - Vũng Tàu
73,2,30,107.33906,10.847443,1,60,1,Đồng Nai
74,2,30,107.138183,10.884705,1,60,1,Đồng Nai
75,2,31,107.387703,11.205585,1,60,1,Bình Thuận
76,2,31,108.611493,11.230801,1,60,1,Bình Thuận
77,2,32,108.294391,16.820038,1,50,1,Quảng Nam
78,2,32,108.119754,15.136647,1,50,1,Quảng Nam
79,2,33,105.32442,20.246322,1,80,1,Hòa Bình
80,2,33,105.347492,20.252654,1,80,1,Hòa Bình
81,2,34,105.218904,20.381739,4,0,1,Hòa Bình
82,2,34,105.005002,20.436983,4,0,1,Hòa Bình
83,2,35,105.108777,20.540321,1,80,1,Hải Phòng
84,2,35,106.738623,20.596919,1,80,1,Hải Phòng
85,2,36,106.767007,20.948477,1,60,1,Hà Nội
86,2,36,105.801284,20.958457,1,60,1,Hà Nội
87,2,37,103.51551,21.599042,4,0,1,Yên Bái
88,2,37,104.891289,21.706507,4,0,1,Yên Bái
89,3,38,106.233123,9.824103,4,0,1,Kiên Giang
90,3,38,104.017252,10.051981,4,0,1,Kiên Giang
91,3,39,106.942845,10.677185,2,0,1,Bà Rịa - Vũng Tàu
92,3,39,107.262739,10.539288,2,0,1,Bà Rịa - Vũng Tàu
93,3,40,107.972101,12.298191,1,50,1,Đắk Lắk
94,3,40,108.387518,12.882599,1,50,1,Đắk Lắk
95,3,40,109.354654,12.899756,1,50,1,Đắk Lắk
96,3,41,109.282813,13.147727,4,0,1,Phú Yên
97,3,41,109.198797,13.348361,4,0,1,Phú Yên
98,3,41,108.167698,13.362474,4,0,1,Phú Yên
99,3,42,109.269569,13.823003,4,0,1,Bình Định
100,3,42,109.269728,13.823195,4,0,1,Bình Định
101,3,43,108.005628,13.952803,1,60,1,Gia Lai
102,3,43,108.005829,13.957852,1,60,1,Gia Lai
103,3,44,108.337571,16.903344,1,60,1,Quảng Nam
104,3,44,108.191888,15.051596,1,60,1,Quảng Nam
105,3,44,107.72837,15.189333,1,60,1,Quảng Nam
106,3,44,107.614317,15.445039,1,60,1,Quảng Nam
107,3,45,107.203073,15.731823,2,0,1,Thừa Thiên Huế
108,3,45,107.078411,15.916894,2,0,1,Thừa Thiên Huế
109,3,46,105.261661,18.052869,4,0,1,Hà Tĩnh
110,3,46,106.690985,18.671654,4,0,1,Hà Tĩnh
111,3,47,106.846741,20.025307,1,90,1,Thái Bình
112,3,47,106.950983,20.203837,1,90,1,Thái Bình
113,3,48,106.323207,20.720735,4,0,1,Hải Phòng
114,3,48,106.881116,20.854605,4,0,1,Hải Phòng
115,3,49,103.696577,20.934453,2,0,1,Hà Nội
116,3,49,105.754833,21.031801,2,0,1,Hà Nội
117,3,50,105.010471,21.074798,2,0,1,Điện Biên
118,3,50,103.010748,21.312062,2,0,1,Điện Biên
119,3,51,103.753826,21.423225,4,0,1,Phú Thọ
120,3,51,105.28085,21.423391,4,0,1,Phú Thọ
121,4,52,106.02378,8.846714,4,0,1,Bạc Liêu
122,4,52,106.150956,9.201358,4,0,1,Bạc Liêu
123,4,53,105.367817,10.090132,4,0,1,Bến Tre
124,4,53,106.660534,10.179077,4,0,1,Bến Tre
125,4,53,105.337641,10.394397,4,0,1,Bến Tre
126,4,54,107.158489,10.651491,2,0,1,TP. Hồ Chí Minh
127,4,54,106.556661,10.696228,2,0,1,TP. Hồ Chí Minh
128,4,55,106.368616,10.772931,1,80,1,Long An
129,4,55,106.351188,10.803818,1,80,1,Long An
130,4,56,108.848529,11.644561,4,0,1,Ninh Thuận
131,4,56,108.848585,11.646251,4,0,1,Ninh Thuận
132,4,56,108.849753,11.650469,4,0,1,Ninh Thuận
133,4,57,108.217768,13.062331,4,0,1,Bình Định
134,4,57,109.208373,13.764655,4,0,1,Bình Định
135,4,58,108.773454,14.94969,4,0,1,Đà Nẵng
136,4,58,108.293816,16.471326,4,0,1,Đà Nẵng
137,4,58,108.179482,16.937169,4,0,1,Đà Nẵng
138,4,59,105.969118,15.92569,1,80,1,Quảng Trị
139,4,59,107.024197,17.035614,1,80,1,Quảng Trị
140,4,60,105.31217,20.132379,1,50,1,Hòa Bình
141,4,60,105.175233,20.16742,1,50,1,Hòa Bình
142,4,61,107.22789,21.290666,2,0,1,Phú Thọ
143,4,61,105.389794,21.292677,2,0,1,Phú Thọ
144,4,62,103.422135,21.684534,1,80,1,Yên Bái
145,4,62,104.870912,21.699999,1,80,1,Yên Bái
146,5,63,106.649649,9.548195,1,50,1,Trà Vinh
147,5,63,106.459754,9.556735,1,50,1,Trà Vinh
148,5,64,105.342532,10.444058,2,0,1,Đồng Tháp
149,5,64,105.615396,10.674058,2,0,1,Đồng Tháp
150,5,65,105.597824,11.072715,2,0,1,Tây Ninh
151,5,65,105.705312,11.108619,2,0,1,Tây Ninh
152,5,66,105.41338,11.4164,1,60,1,Tây Ninh
153,5,66,105.299818,11.496206,1,60,1,Tây Ninh
154,5,67,109.012357,11.97948,1,60,1,Khánh Hòa
155,5,67,109.126695,12.490658,1,60,1,Khánh Hòa
156,5,68,106.444121,19.412431,4,0,1,Thái Bình
157,5,68,106.799834,19.680659,4,0,1,Thái Bình
158,5,68,106.846379,19.994977,4,0,1,Thái Bình
159,5,69,105.224411,20.06815,1,80,1,Thanh Hóa
160,5,69,105.224762,20.0583,1,80,1,Thanh Hóa
161,5,70,105.057272,20.424716,4,0,1,Hà Nam
162,5,70,105.613363,20.450656,4,0,1,Hà Nam
163,5,71,105.122928,20.956122,4,0,1,Phú Thọ
164,5,71,105.16158,21.163433,4,0,1,Phú Thọ
165,5,72,106.900039,21.400716,2,0,1,Yên Bái
166,5,72,104.498589,21.675524,2,0,1,Yên Bái
167,5,73,105.218508,21.867525,2,0,1,Lao Cai
168,5,73,104.028542,22.412139,2,0,1,Lao Cai
169,6,74,106.470371,9.571641,1,50,1,Trà Vinh
170,6,74,106.470371,9.571698,1,50,1,Trà Vinh
171,6,75,106.816483,9.807376,1,60,1,Trà Vinh
172,6,75,106.768342,9.968831,1,60,1,Trà Vinh
173,6,76,106.890487,10.320138,4,0,1,An Giang
174,6,76,105.337565,10.396639,4,0,1,An Giang
175,6,77,107.435347,10.472537,2,0,1,TP. Hồ Chí Minh
176,6,77,106.905527,10.618005,2,0,1,TP. Hồ Chí Minh
177,6,78,108.24752,15.102052,4,0,1,Quảng Nam
178,6,78,107.618176,15.449929,4,0,1,Quảng Nam
179,6,79,106.902318,18.345456,4,0,1,Thái Bình
180,6,79,106.703388,18.545051,4,0,1,Thái Bình
181,6,79,106.792927,19.622676,4,0,1,Thái Bình
182,6,79,106.956426,19.994438,4,0,1,Thái Bình
183,6,79,106.811894,20.071404,4,0,1,Thái Bình
184,6,80,106.920628,20.739765,4,0,1,Hòa Bình
185,6,80,105.599388,20.828085,4,0,1,Hòa Bình
186,7,81,105.154706,10.150358,4,0,1,Bà Rịa - Vũng Tàu
187,7,81,107.220902,10.426564,4,0,1,Bà Rịa - Vũng Tàu
188,7,82,106.799043,10.455992,4,0,1,TP. Hồ Chí Minh
189,7,82,106.799066,10.457343,4,0,1,TP. Hồ Chí Minh
190,7,83,107.349319,10.752924,4,0,1,An Giang
191,7,83,105.214619,10.976152,4,0,1,An Giang
192,7,84,107.04083,11.539296,1,50,1,Tây Ninh
193,7,84,105.902085,11.592145,1,50,1,Tây Ninh
194,7,85,108.37423,11.737949,11,0,1,Lâm Đồng
195,7,85,108.339192,11.837177,11,0,1,Lâm Đồng
196,7,86,108.956589,12.354092,4,0,1,Khánh Hòa
197,7,86,109.175604,12.535348,4,0,1,Khánh Hòa
198,7,87,108.075495,12.580661,2,0,1,Phú Yên
199,7,87,109.365405,12.826696,2,0,1,Phú Yên
200,7,88,109.368697,12.836882,4,0,1,Đắk Lắk
201,7,88,108.219845,12.932059,4,0,1,Đắk Lắk
202,7,89,108.264533,16.936118,4,0,1,Quảng Nam
203,7,89,107.669028,15.467232,4,0,1,Quảng Nam
204,7,90,106.564828,18.642381,4,0,1,Hà Tĩnh
205,7,90,106.565085,18.661354,4,0,1,Hà Tĩnh
206,7,90,106.518814,18.587504,4,0,1,Hà Tĩnh
207,7,91,106.775867,19.807934,4,0,1,Thái Bình
208,7,91,106.594356,19.820453,4,0,1,Thái Bình
209,7,92,105.505571,20.906334,1,60,1,Hải Phòng
210,7,92,106.926799,20.943934,1,60,1,Hải Phòng
211,7,93,105.114556,21.330898,11,0,1,Phú Thọ
212,7,93,105.114716,21.331411,11,0,1,Phú Thọ
213,8,94,106.270026,10.279328,4,0,1,Bến Tre
214,8,94,106.535545,10.314914,4,0,1,Bến Tre
215,8,95,105.66433,10.787293,1,60,1,Đồng Tháp
216,8,95,105.614707,10.789853,1,60,1,Đồng Tháp
217,8,96,107.235758,10.835867,4,0,1,Đồng Nai
218,8,96,107.359627,10.8479,4,0,1,Đồng Nai
219,8,97,105.546312,11.007668,1,70,1,Đồng Tháp
220,8,97,105.549311,11.023209,1,70,1,Đồng Tháp
221,8,98,105.409764,11.384159,1,50,1,Tây Ninh
222,8,98,105.88435,11.484782,1,50,1,Tây Ninh
223,8,99,109.195728,12.264238,4,0,1,Khánh Hòa
224,8,99,109.195767,12.264454,4,0,1,Khánh Hòa
225,8,100,108.245397,13.185667,1,50,1,Gia Lai
226,8,100,108.446009,13.47096,1,50,1,Gia Lai
227,8,101,106.697019,19.14297,4,0,1,Thái Bình
228,8,101,106.777143,19.809817,4,0,1,Thái Bình
229,8,101,105.019547,20.113426,4,0,1,Thái Bình
230,8,102,107.462154,21.237338,4,0,1,Hải Phòng
231,8,102,107.464045,21.24975,4,0,1,Hải Phòng
232,8,102,106.699219,21.321184,4,0,1,Hải Phòng
233,8,102,106.376109,21.32504,4,0,1,Hải Phòng
234,8,103,103.01222,21.465294,1,80,1,Yên Bái
235,8,103,104.81719,21.639225,1,80,1,Yên Bái
236,8,104,106.980351,22.562145,2,0,1,Lao Cai
237,8,104,103.748194,22.589831,2,0,1,Lao Cai
238,9,105,105.070618,9.734786,1,80,1,Hậu Giang
239,9,105,105.404303,9.785288,1,80,1,Hậu Giang
240,9,106,105.206852,10.005602,4,0,1,Kiên Giang
241,9,106,105.331104,10.173061,4,0,1,Kiên Giang
242,9,107,106.7974,10.466374,1,60,1,Bà Rịa - Vũng Tàu
243,9,107,107.278392,10.482188,1,60,1,Bà Rịa - Vũng Tàu
244,9,108,107.247248,10.564854,4,0,1,Long An
245,9,108,106.142307,10.708469,4,0,1,Long An
246,9,108,105.699968,10.716599,4,0,1,Long An
247,9,109,105.113006,11.428821,4,0,1,Đắk Nông
248,9,109,105.882829,11.472266,4,0,1,Đắk Nông
249,9,109,107.839024,11.513974,4,0,1,Đắk Nông
250,9,109,108.2404,11.796593,4,0,1,Đắk Nông
251,9,109,107.190369,11.815826,4,0,1,Đắk Nông
252,9,110,108.34567,11.892963,4,0,1,Ninh Thuận
253,9,110,109.100695,11.898898,4,0,1,Ninh Thuận
254,9,111,107.655093,15.417637,4,0,1,Thừa Thiên Huế
255,9,111,107.017122,15.80438,4,0,1,Thừa Thiên Huế
256,9,111,105.437739,17.858981,4,0,1,Thừa Thiên Huế
257,9,112,106.020182,20.300975,2,0,1,Thái Bình
258,9,112,106.778615,20.36794,2,0,1,Thái Bình
259,10,113,105.445608,9.773129,4,0,1,Hậu Giang
260,10,113,105.337425,9.937368,4,0,1,Hậu Giang
261,10,114,106.572509,10.101425,4,0,1,Bà Rịa - Vũng Tàu
262,10,114,106.966584,10.231102,4,0,1,Bà Rịa - Vũng Tàu
263,10,115,106.967323,10.239785,11,0,1,An Giang
264,10,115,105.305063,10.349117,11,0,1,An Giang
265,10,115,105.341412,10.35878,11,0,1,An Giang
266,10,116,106.04692,10.387285,1,80,1,Vinh Long
267,10,116,106.047416,10.394541,1,80,1,Vinh Long
268,10,116,106.06282,10.42237,1,80,1,Vinh Long
269,10,117,107.273581,10.674214,4,0,1,Bà Rịa - Vũng Tàu
270,10,117,107.273725,10.67463,4,0,1,Bà Rịa - Vũng Tàu
271,10,118,105.567033,10.516321,4,0,1,Long An
272,10,118,106.216503,10.532838,4,0,1,Long An
273,10,119,105.69764,10.799084,1,80,1,Đồng Nai
274,10,119,107.038916,10.810076,1,80,1,Đồng Nai
275,10,120,105.547764,11.016039,1,70,1,Đồng Tháp
276,10,120,105.547989,11.015317,1,70,1,Đồng Tháp
277,10,121,108.071804,12.781074,4,0,1,Đắk Lắk
278,10,121,108.207532,13.205702,4,0,1,Đắk Lắk
279,10,122,109.212389,13.394328,1,80,1,Gia Lai
280,10,122,108.445853,13.48257,1,80,1,Gia Lai
281,10,123,106.815211,19.563821,4,0,1,Thái Bình
282,10,123,106.815734,19.565943,4,0,1,Thái Bình
283,10,124,105.072846,20.01794,1,80,1,Hòa Bình
284,10,124,105.322122,20.216566,1,80,1,Hòa Bình
285,10,125,105.660109,20.568762,4,0,1,Hải Dương
286,10,125,106.322857,20.728988,4,0,1,Hải Dương
287,10,126,106.414471,21.301638,4,0,1,Điện Biên
288,10,126,103.015141,21.391983,4,0,1,Điện Biên
289,11,127,106.808951,9.538367,4,0,1,Trà Vinh
290,11,127,106.749754,9.997226,4,0,1,Trà Vinh
291,11,128,106.677836,10.073357,1,80,1,Bến Tre
292,11,128,106.833664,10.078522,1,80,1,Bến Tre
293,11,129,106.674449,10.149217,1,60,1,Vinh Long
294,11,129,105.919121,10.396889,1,60,1,Vinh Long
295,11,130,106.048835,10.402184,1,80,1,Vinh Long
296,11,130,106.060523,10.411431,1,80,1,Vinh Long
297,11,130,106.069509,10.440399,1,80,1,Vinh Long
298,11,131,106.719195,10.602722,4,0,1,TP. Hồ Chí Minh
299,11,131,106.72319,10.623241,4,0,1,TP. Hồ Chí Minh
300,11,131,105.194877,10.625446,4,0,1,TP. Hồ Chí Minh
301,11,132,105.67265,10.708784,1,50,1,Đồng Tháp
302,11,132,105.677701,10.731186,1,50,1,Đồng Tháp
303,11,132,105.679103,10.738172,1,50,1,Đồng Tháp
304,11,133,105.679603,10.740216,4,0,1,Đồng Tháp
305,11,133,105.690717,10.755765,4,0,1,Đồng Tháp
306,11,133,105.69078,10.757147,4,0,1,Đồng Tháp
307,11,134,105.691213,10.75912,4,0,1,Đồng Tháp
308,11,134,105.691382,10.759942,4,0,1,Đồng Tháp
309,11,135,105.69242,10.774888,4,0,1,Đồng Tháp
310,11,135,105.698512,10.804242,4,0,1,Đồng Tháp
311,11,135,105.500233,10.811803,4,0,1,Đồng Tháp
312,11,136,107.153908,10.917235,4,0,1,Tây Ninh
313,11,136,106.080127,10.946075,4,0,1,Tây Ninh
314,11,137,107.405637,10.969511,2,0,1,Tây Ninh
315,11,137,105.948135,10.951875,2,0,1,Tây Ninh
316,11,138,108.729412,12.181912,1,80,1,Lâm Đồng
317,11,138,108.725128,12.182741,1,80,1,Lâm Đồng
318,11,139,106.287901,18.46344,1,60,1,Hà Tĩnh
319,11,139,106.428592,18.600125,1,60,1,Hà Tĩnh
320,11,140,106.58739,19.7845,4,0,1,Nghệ An
321,11,140,106.532388,20.000398,4,0,1,Nghệ An
322,11,140,105.071538,20.011199,4,0,1,Nghệ An
323,11,140,106.51926,20.063637,4,0,1,Nghệ An
324,11,141,105.427184,20.802319,1,80,1,Sơn La
325,11,141,103.996182,20.973634,1,80,1,Sơn La
326,11,142,105.230507,21.433835,1,80,1,Tuyên Quang
327,11,142,105.363897,21.601343,1,80,1,Tuyên Quang
328,11,143,106.809132,21.65496,2,0,1,Quảng Ninh
329,11,143,107.483843,21.689176,2,0,1,Quảng Ninh
330,11,144,106.01133,21.871594,2,0,1,Cao Bằng
331,11,144,106.014644,22.169439,2,0,1,Cao Bằng
332,11,145,104.117291,22.326043,1,60,1,Lao Cai
333,11,145,103.9663,22.466172,1,60,1,Lao Cai
334,12,146,106.128741,9.207071,4,0,1,Hậu Giang
335,12,146,105.443164,9.768773,4,0,1,Hậu Giang
336,12,147,106.620117,9.75114,1,60,1,Hậu Giang
337,12,147,105.407663,9.8098,1,60,1,Hậu Giang
338,12,148,106.820812,10.136765,2,0,1,Kiên Giang
339,12,148,105.33022,10.158767,2,0,1,Kiên Giang
340,12,149,106.630828,10.243379,4,0,1,Kiên Giang
341,12,149,104.075482,10.302562,4,0,1,Kiên Giang
342,12,150,105.415524,10.661065,4,0,1,Đồng Tháp
343,12,150,105.417684,10.666459,4,0,1,Đồng Tháp
344,12,151,105.696191,10.788034,4,0,1,Đồng Tháp
345,12,151,105.696244,10.788303,4,0,1,Đồng Tháp
346,12,152,105.500866,10.813999,1,60,1,Đồng Tháp
347,12,152,105.501602,10.817009,1,60,1,Đồng Tháp
348,12,153,107.405236,10.968196,1,50,1,Đồng Nai
349,12,153,107.326133,11.011364,1,50,1,Đồng Nai
350,12,154,107.247752,11.168445,1,60,1,Đồng Nai
351,12,154,107.434381,11.214329,1,60,1,Đồng Nai
352,12,155,108.743125,11.295962,1,50,1,Tây Ninh
353,12,155,105.359682,11.30064,1,50,1,Tây Ninh
354,12,156,108.207224,13.204777,4,0,1,Phú Yên
355,12,156,109.180123,13.554786,4,0,1,Phú Yên
356,12,157,107.776243,13.591357,2,0,1,Bình Định
357,12,157,109.207111,13.748843,2,0,1,Bình Định
358,12,158,109.207889,13.761173,4,0,1,Bình Định
359,12,158,109.051305,13.982044,4,0,1,Bình Định
360,12,159,109.05134,13.982171,1,60,1,Đà Nẵng
361,12,159,108.888028,16.205597,1,60,1,Đà Nẵng
362,12,159,107.932962,16.841671,1,60,1,Đà Nẵng
363,12,160,106.579234,19.858376,4,0,1,Thái Bình
364,12,160,106.845204,19.885043,4,0,1,Thái Bình
365,12,161,105.173811,20.322489,2,0,1,Hòa Bình
366,12,161,105.130308,20.632533,2,0,1,Hòa Bình
367,12,162,105.615589,20.783781,1,50,1,Hòa Bình
368,12,162,105.617953,20.789502,1,50,1,Hòa Bình
369,12,163,105.332502,20.982156,2,0,1,Hòa Bình
370,12,163,105.302833,21.067663,2,0,1,Hòa Bình
371,13,164,106.896042,9.435963,2,0,1,Trà Vinh
372,13,164,106.949783,9.657698,2,0,1,Trà Vinh
373,13,165,107.23582,10.512766,1,50,1,Đồng Tháp
374,13,165,105.69587,10.595865,1,50,1,Đồng Tháp
375,13,166,105.502995,10.824555,11,0,1,Đồng Tháp
376,13,166,105.503138,10.826128,11,0,1,Đồng Tháp
377,13,167,105.371574,11.309598,1,50,1,Đồng Nai
378,13,167,107.483784,11.39643,1,50,1,Đồng Nai
379,13,168,107.823305,11.639902,4,0,1,Bình Phước
380,13,168,107.14021,11.713245,4,0,1,Bình Phước
381,13,169,109.080271,11.777253,10,0,1,Lâm Đồng
382,13,169,108.677595,11.845066,10,0,1,Lâm Đồng
383,13,170,108.165646,13.256939,4,0,1,Phú Yên
384,13,170,109.19284,13.399542,4,0,1,Phú Yên
385,13,171,108.993639,13.933747,1,80,1,Kon Tum
386,13,171,107.990947,14.253404,1,80,1,Kon Tum
387,13,172,106.904142,18.308889,4,0,1,Hà Tĩnh
388,13,172,106.724663,18.609299,4,0,1,Hà Tĩnh
389,13,173,106.824422,19.597485,4,0,1,Thái Bình
390,13,173,106.835344,19.731035,4,0,1,Thái Bình
391,13,174,106.805447,19.880774,1,90,1,Thái Bình
392,13,174,106.810526,19.898212,1,90,1,Thái Bình
393,13,175,106.849771,20.050266,4,0,1,Thanh Hóa
394,13,175,105.225691,20.09572,4,0,1,Thanh Hóa
395,13,175,105.01876,20.10943,4,0,1,Thanh Hóa
396,13,176,106.959494,20.23554,4,0,1,Hòa Bình
397,13,176,105.326647,20.26492,4,0,1,Hòa Bình
398,13,176,105.004079,20.470552,4,0,1,Hòa Bình
399,13,176,105.004688,20.472586,4,0,1,Hòa Bình
400,13,177,105.129387,20.55521,11,0,1,Hòa Bình
401,13,177,105.302925,20.70276,11,0,1,Hòa Bình
402,13,177,105.065614,20.731876,11,0,1,Hòa Bình
403,14,178,106.521176,10.338222,4,0,1,Bà Rịa - Vũng Tàu
404,14,178,105.555076,10.366964,4,0,1,Bà Rịa - Vũng Tàu
405,14,178,107.097991,10.359003,4,0,1,Bà Rịa - Vũng Tàu
406,14,178,106.465955,10.455528,4,0,1,Bà Rịa - Vũng Tàu
407,14,178,107.242739,10.486953,4,0,1,Bà Rịa - Vũng Tàu
408,14,179,107.237765,10.515357,1,50,1,Bà Rịa - Vũng Tàu
409,14,179,107.238861,10.520625,1,50,1,Bà Rịa - Vũng Tàu
410,14,180,107.240517,10.525932,4,0,1,Bà Rịa - Vũng Tàu
411,14,180,107.24656,10.545353,4,0,1,Bà Rịa - Vũng Tàu
412,14,180,105.698044,10.705034,4,0,1,Bà Rịa - Vũng Tàu
413,14,181,105.729116,10.771435,1,60,1,Đồng Tháp
414,14,181,105.612777,10.782059,1,60,1,Đồng Tháp
415,14,182,105.695459,10.793716,4,0,1,Đồng Tháp
416,14,182,105.695911,10.796849,4,0,1,Đồng Tháp
417,14,183,105.61779,10.803374,1,60,1,Đồng Tháp
418,14,183,105.622296,10.821013,1,60,1,Đồng Tháp
419,14,183,105.622441,10.824155,1,60,1,Đồng Tháp
420,14,183,105.625744,10.838381,1,60,1,Đồng Tháp
421,14,183,105.625941,10.841768,1,60,1,Đồng Tháp
422,14,184,105.707072,11.113577,4,0,1,Tây Ninh
423,14,184,105.709586,11.123234,4,0,1,Tây Ninh
424,14,185,105.38731,11.3134,1,60,1,Tây Ninh
425,14,185,105.417484,11.344152,1,60,1,Tây Ninh
426,14,185,105.556634,11.445911,1,60,1,Tây Ninh
427,14,186,109.372357,12.882705,4,0,1,Phú Yên
428,14,186,109.169874,13.010569,4,0,1,Phú Yên
429,14,187,108.005835,13.927602,4,0,1,Gia Lai
430,14,187,108.007652,13.983861,4,0,1,Gia Lai
431,14,188,108.261574,14.028663,2,0,1,Bình Định
432,14,188,109.04373,14.115268,2,0,1,Bình Định
433,14,189,108.775737,16.046041,4,0,1,Đà Nẵng
434,14,189,108.779881,16.071719,4,0,1,Đà Nẵng
435,14,190,105.192392,18.023327,1,80,1,Hà Tĩnh
436,14,190,106.659926,18.455106,1,80,1,Hà Tĩnh
437,14,191,106.849128,20.06784,2,0,1,Thái Bình
438,14,191,106.849976,20.051087,2,0,1,Thái Bình
439,14,192,106.367859,20.829473,2,0,1,Hòa Bình
440,14,192,105.574183,20.887627,2,0,1,Hòa Bình
441,14,193,104.223613,21.182235,1,60,1,Phú Thọ
442,14,193,105.10522,21.226602,1,60,1,Phú Thọ
443,14,193,103.978386,21.250536,1,60,1,Phú Thọ
444,14,194,105.279035,21.408443,11,0,1,Phú Thọ
445,14,194,105.279207,21.409054,11,0,1,Phú Thọ
446,14,195,104.962442,21.925267,2,0,1,Lai Châu
447,14,195,103.239207,21.925565,2,0,1,Lai Châu
448,15,196,106.969733,9.50006,11,0,1,Trà Vinh
449,15,196,106.969847,9.500434,11,0,1,Trà Vinh
450,15,197,106.088806,10.787043,2,0,1,Đồng Tháp
451,15,197,105.79357,10.903039,2,0,1,Đồng Tháp
452,15,198,108.983093,11.676241,2,0,1,Ninh Thuận
453,15,198,109.147188,11.513642,2,0,1,Ninh Thuận
454,15,198,108.993851,11.515458,2,0,1,Ninh Thuận
455,15,199,109.081656,11.983659,4,0,1,Tây Ninh
456,15,199,105.803759,11.98451,4,0,1,Tây Ninh
457,15,200,109.246562,13.655864,1,60,1,Gia Lai
458,15,200,107.813599,13.823261,1,60,1,Gia Lai
459,15,201,109.060165,14.171499,11,0,1,Bình Định
460,15,201,109.061199,14.176103,11,0,1,Bình Định
461,15,202,108.265918,16.593243,4,0,1,Đà Nẵng
462,15,202,108.347484,16.730639,4,0,1,Đà Nẵng
463,15,202,108.124866,16.910077,4,0,1,Đà Nẵng
464,15,203,106.084406,20.558525,1,60,1,Hòa Bình
465,15,203,105.296921,20.880508,1,60,1,Hòa Bình
466,15,204,107.372313,21.041673,4,0,1,Phú Thọ
467,15,204,105.09635,21.06998,4,0,1,Phú Thọ
468,15,205,105.103287,21.211848,1,60,1,Phú Thọ
469,15,205,105.105064,21.220755,1,60,1,Phú Thọ
470,15,205,105.105971,21.223874,1,60,1,Phú Thọ
471,15,206,104.820529,21.75602,4,0,1,Thái Nguyên
472,15,206,105.730298,21.823679,4,0,1,Thái Nguyên
473,16,207,106.490696,9.132406,4,0,1,Trà Vinh
474,16,207,106.968289,9.696086,4,0,1,Trà Vinh
475,16,208,107.674856,10.823146,4,0,1,Đồng Nai
476,16,208,107.403387,10.929518,4,0,1,Đồng Nai
477,16,209,107.487619,11.44816,4,0,1,Tây Ninh
478,16,209,105.555017,11.448735,4,0,1,Tây Ninh
479,16,210,109.005315,11.974923,1,80,1,Đắk Nông
480,16,210,107.41888,12.242184,1,80,1,Đắk Nông
481,16,211,108.808518,16.143765,4,0,1,Đà Nẵng
482,16,211,108.889434,16.182608,4,0,1,Đà Nẵng
483,16,212,105.064402,20.724086,4,0,1,Hòa Bình
484,16,212,105.064901,20.726772,4,0,1,Hòa Bình
485,16,212,105.066693,20.728289,4,0,1,Hòa Bình
486,16,213,105.291931,20.855684,1,60,1,Hòa Bình
487,16,213,105.291983,20.855775,1,60,1,Hòa Bình
488,16,213,105.293461,20.871974,1,60,1,Hòa Bình
489,16,214,106.974202,21.33908,2,0,1,Bắc Giang
490,16,214,106.636491,21.370451,2,0,1,Bắc Giang
491,16,215,106.650725,21.445731,1,60,1,Quảng Ninh
492,16,215,107.163838,21.487469,1,60,1,Quảng Ninh
493,16,215,104.858996,21.705531,1,60,1,Quảng Ninh
494,17,216,105.642848,9.95219,1,60,1,Bà Rịa - Vũng Tàu
495,17,216,106.903871,10.247739,1,60,1,Bà Rịa - Vũng Tàu
496,17,217,105.744361,10.960964,1,60,1,Tây Ninh
497,17,217,105.744373,10.961,1,60,1,Tây Ninh
498,17,218,105.31288,11.006594,4,0,1,Tây Ninh
499,17,218,105.584556,11.042958,4,0,1,Tây Ninh
500,17,219,107.09875,11.956827,1,80,1,Khánh Hòa
501,17,219,109.008974,11.972908,1,80,1,Khánh Hòa
502,17,220,108.000479,12.527443,4,0,1,Đắk Lắk
503,17,220,108.042102,12.571178,4,0,1,Đắk Lắk
504,17,221,108.950503,14.385608,1,80,1,Kon Tum
505,17,221,108.006263,14.403948,1,80,1,Kon Tum
506,17,221,107.794336,16.714208,1,80,1,Kon Tum
507,17,222,108.147689,15.004148,4,0,1,Quảng Nam
508,17,222,107.637987,15.424577,4,0,1,Quảng Nam
509,17,223,106.944361,21.42419,1,80,1,Điện Biên
510,17,223,103.013042,21.639815,1,80,1,Điện Biên
511,17,224,105.154216,22.689979,1,60,1,Lao Cai
512,17,224,104.085993,22.50337,1,60,1,Lao Cai
513,18,225,106.836203,10.084002,1,80,1,Bến Tre
514,18,225,106.867883,10.14524,1,80,1,Bến Tre
515,18,225,106.868698,10.148491,1,80,1,Bến Tre
516,18,226,105.119897,10.31296,1,60,1,Long An
517,18,226,106.793656,10.358969,1,60,1,Long An
518,18,227,105.720009,10.923988,1,60,1,Tây Ninh
519,18,227,105.741309,10.983135,1,60,1,Tây Ninh
520,18,228,107.835356,11.494053,4,0,1,Tây Ninh
521,18,228,105.902076,11.635726,4,0,1,Tây Ninh
522,18,229,109.236809,12.304747,4,0,1,Phú Yên
523,18,229,109.251609,13.133215,4,0,1,Phú Yên
524,18,230,107.98987,14.250841,1,60,1,Kon Tum
525,18,230,107.582833,14.510319,1,60,1,Kon Tum
526,18,231,107.737281,16.027501,1,80,1,Đà Nẵng
527,18,231,108.094718,16.238479,1,80,1,Đà Nẵng
528,18,232,108.360405,16.897817,4,0,1,Đà Nẵng
529,18,232,108.338367,16.90718,4,0,1,Đà Nẵng
530,18,233,107.685236,15.676748,1,80,1,Quảng Bình
531,18,233,106.75886,17.765417,1,80,1,Quảng Bình
532,18,234,106.595744,19.28317,4,0,1,Thanh Hóa
533,18,234,106.788926,19.457778,4,0,1,Thanh Hóa
534,18,235,106.772036,19.999433,4,0,1,Nghệ An
535,18,235,105.000552,20.131166,4,0,1,Nghệ An
536,18,236,106.573492,21.274507,1,80,1,Phú Thọ
537,18,236,105.299622,21.409967,1,80,1,Phú Thọ
538,18,237,105.198047,21.460396,1,60,1,Tuyên Quang
539,18,237,105.339775,21.607243,1,60,1,Tuyên Quang
540,18,238,104.476212,22.309842,1,60,1,Lao Cai
541,18,238,104.116514,22.320631,1,60,1,Lao Cai
542,18,239,103.857942,22.355931,4,0,1,Lao Cai
543,18,239,103.857942,22.355931,4,0,1,Lao Cai
544,18,239,106.41541,23.210031,4,0,1,Lao Cai
545,19,240,105.434805,10.683719,4,0,1,Bà Rịa - Vũng Tàu
546,19,240,107.231307,10.692046,4,0,1,Bà Rịa - Vũng Tàu
547,19,241,105.715792,10.776289,1,60,1,Đồng Tháp
548,19,241,105.981218,10.778293,1,60,1,Đồng Tháp
549,19,241,105.674311,10.783802,1,60,1,Đồng Tháp
550,19,242,107.569104,11.358388,4,0,1,Bình Thuận
551,19,242,107.852519,11.393894,4,0,1,Bình Thuận
552,19,243,107.055599,11.581896,2,0,1,Ninh Thuận
553,19,243,108.804746,11.831878,2,0,1,Ninh Thuận
554,19,244,108.339422,16.910344,11,0,1,Quảng Nam
555,19,244,107.524226,15.468708,11,0,1,Quảng Nam
556,19,245,106.564719,18.268213,4,0,1,Hà Tĩnh
557,19,245,106.598316,18.540516,4,0,1,Hà Tĩnh
558,19,246,106.386492,21.242583,1,50,1,Bắc Giang
559,19,246,106.572008,21.270116,1,50,1,Bắc Giang
560,19,247,107.951275,21.610666,1,60,1,Điện Biên
561,19,247,103.406739,21.682951,1,60,1,Điện Biên
562,19,248,106.892835,22.37901,4,0,1,Hà Giang
563,19,248,105.25043,22.553578,4,0,1,Hà Giang
564,20,249,106.928712,10.156381,1,50,1,Bà Rịa - Vũng Tàu
565,20,249,106.931708,10.173475,1,50,1,Bà Rịa - Vũng Tàu
566,20,250,103.985586,10.2439,4,0,1,An Giang
567,20,250,105.167455,10.280372,4,0,1,An Giang
568,20,251,107.229958,10.817887,2,0,1,Bình Thuận
569,20,251,107.936273,10.860329,2,0,1,Bình Thuận
570,20,252,108.731031,11.328184,4,0,1,Đồng Nai
571,20,252,107.621688,11.332524,4,0,1,Đồng Nai
572,20,253,109.180523,11.943553,1,50,1,Đắk Nông
573,20,253,107.581435,12.040072,1,50,1,Đắk Nông
574,20,254,109.180738,13.614154,1,90,1,Phú Yên
575,20,254,109.180843,13.614422,1,90,1,Phú Yên
576,20,255,108.009147,14.376868,4,0,1,Quảng Ngãi
577,20,255,109.012117,14.67169,4,0,1,Quảng Ngãi
578,20,255,109.018296,14.688406,4,0,1,Quảng Ngãi
579,20,256,108.337399,16.90053,4,0,1,Quảng Nam
580,20,256,108.125355,15.159114,4,0,1,Quảng Nam
581,20,256,105.440905,17.708104,4,0,1,Quảng Nam
582,20,257,105.443825,17.716843,10,0,1,Hà Tĩnh
583,20,257,106.711597,18.712533,10,0,1,Hà Tĩnh
584,20,258,106.795323,20.210916,1,80,1,Thái Bình
585,20,258,106.619278,20.334526,1,80,1,Thái Bình
586,20,259,104.891106,21.704274,2,0,1,Yên Bái
587,20,259,104.818652,21.769579,2,0,1,Yên Bái
588,21,260,105.085873,9.952651,4,0,1,Bà Rịa - Vũng Tàu
589,21,260,105.111533,10.036383,4,0,1,Bà Rịa - Vũng Tàu
590,21,260,107.087928,10.329149,4,0,1,Bà Rịa - Vũng Tàu
591,21,260,106.564269,10.429878,4,0,1,Bà Rịa - Vũng Tàu
592,21,261,105.70791,10.515914,1,50,1,Vinh Long
593,21,261,105.944127,10.565311,1,50,1,Vinh Long
594,21,262,105.884474,10.575659,1,70,1,Đồng Tháp
595,21,262,105.708863,10.786832,1,70,1,Đồng Tháp
596,21,263,105.37175,11.289621,1,60,1,Đồng Nai
597,21,263,107.401916,11.319357,1,60,1,Đồng Nai
598,21,264,105.511003,11.569685,4,0,1,Khánh Hòa
599,21,264,109.211217,12.123691,4,0,1,Khánh Hòa
600,21,265,109.182029,12.57124,4,0,1,Phú Yên
601,21,265,109.04811,13.574025,4,0,1,Phú Yên
602,21,266,108.680454,14.148021,1,60,1,Bình Định
603,21,266,109.052344,14.206948,1,60,1,Bình Định
604,21,267,109.025408,14.453287,4,0,1,Đà Nẵng
605,21,267,108.740004,14.758815,4,0,1,Đà Nẵng
606,21,267,108.746611,14.792954,4,0,1,Đà Nẵng
607,21,267,108.788499,16.104058,4,0,1,Đà Nẵng
608,21,267,108.534456,16.261714,4,0,1,Đà Nẵng
609,21,267,108.191721,15.005364,4,0,1,Đà Nẵng
610,21,268,106.928164,20.661897,2,0,1,Hải Phòng
611,21,268,106.834601,20.546713,2,0,1,Hải Phòng
612,21,268,106.31352,20.597558,2,0,1,Hải Phòng
613,21,269,105.526118,21.044899,1,80,1,Hà Nội
614,21,269,105.769658,21.186618,1,80,1,Hà Nội
615,21,270,107.468507,21.19063,4,0,1,Sơn La
616,21,270,103.97985,21.254572,4,0,1,Sơn La
617,22,271,107.405607,10.60592,1,50,1,Vinh Long
618,22,271,105.924433,10.554157,1,50,1,Vinh Long
619,22,271,105.925218,10.558664,1,50,1,Vinh Long
620,22,271,105.931467,10.581351,1,50,1,Vinh Long
621,22,272,105.657833,10.753025,1,60,1,Đồng Tháp
622,22,272,105.833542,10.813014,1,60,1,Đồng Tháp
623,22,272,107.649209,10.824551,1,60,1,Đồng Tháp
624,22,273,108.723599,11.310898,4,0,1,Ninh Thuận
625,22,273,108.726689,11.316376,4,0,1,Ninh Thuận
626,22,274,108.842667,11.608874,10,0,1,Ninh Thuận
627,22,274,108.988714,11.665999,10,0,1,Ninh Thuận
628,22,275,108.988746,11.667075,4,0,1,Ninh Thuận
629,22,275,109.086442,11.83757,4,0,1,Ninh Thuận
630,22,276,108.254792,12.900275,4,0,1,Gia Lai
631,22,276,108.449169,13.490067,4,0,1,Gia Lai
632,22,276,108.460353,13.493288,4,0,1,Gia Lai
633,22,277,109.19234,13.880337,4,0,1,Bình Định
634,22,277,109.199979,13.888479,4,0,1,Bình Định
635,22,278,107.990055,14.251359,4,0,1,Bình Định
636,22,278,109.096764,14.443873,4,0,1,Bình Định
637,22,279,108.19149,15.006761,11,0,1,Thừa Thiên Huế
638,22,279,107.192553,15.766469,11,0,1,Thừa Thiên Huế
639,22,280,106.848451,20.003781,1,50,1,Thái Bình
640,22,280,106.849108,20.006287,1,50,1,Thái Bình
641,22,281,106.374422,20.090241,4,0,1,Thái Bình
642,22,281,106.768768,20.32967,4,0,1,Thái Bình
643,22,281,105.642869,20.600428,4,0,1,Thái Bình
644,22,282,105.6643,21.072034,1,50,1,Hà Nội
645,22,282,105.664406,21.07227,1,50,1,Hà Nội
646,23,283,106.979777,9.760974,2,0,1,Trà Vinh
647,23,283,106.491188,9.917293,2,0,1,Trà Vinh
648,23,284,105.40892,10.25955,4,0,1,Đồng Tháp
649,23,284,105.414231,10.281752,4,0,1,Đồng Tháp
650,23,284,104.610402,10.34969,4,0,1,Đồng Tháp
651,23,285,105.326321,10.453963,4,0,1,Vinh Long
652,23,285,106.018264,10.455997,4,0,1,Vinh Long
653,23,286,105.435928,10.689027,4,0,1,Bà Rịa - Vũng Tàu
654,23,286,107.230106,10.689339,4,0,1,Bà Rịa - Vũng Tàu
655,23,287,106.930365,10.784221,4,0,1,Đồng Nai
656,23,287,107.233948,10.908708,4,0,1,Đồng Nai
657,23,288,108.102831,10.962057,2,0,1,Tây Ninh
658,23,288,105.779656,10.956371,2,0,1,Tây Ninh
659,23,289,108.71602,11.289592,4,0,1,An Giang
660,23,289,105.086075,11.335565,4,0,1,An Giang
661,23,289,108.740284,11.378032,4,0,1,An Giang
662,23,290,108.156528,12.599486,1,50,1,Gia Lai
663,23,290,108.011232,13.88596,1,50,1,Gia Lai
664,23,291,106.304067,18.782928,1,80,1,Hà Tĩnh
665,23,291,106.304115,18.783048,1,80,1,Hà Tĩnh
666,23,292,106.689503,20.024447,4,0,1,Hòa Bình
667,23,292,105.02723,20.141557,4,0,1,Hòa Bình
668,23,292,106.868539,20.279086,4,0,1,Hòa Bình
669,23,293,103.974711,21.264707,4,0,1,Bắc Giang
670,23,293,106.457122,21.28628,4,0,1,Bắc Giang
671,23,294,104.880634,21.823624,4,0,1,Lao Cai
672,23,294,103.864544,22.340243,4,0,1,Lao Cai
673,24,295,106.787201,9.725508,4,0,1,Trà Vinh
674,24,295,106.812691,9.779353,4,0,1,Trà Vinh
675,24,296,107.219632,10.419612,1,50,1,Bà Rịa - Vũng Tàu
676,24,296,107.172879,10.445877,1,50,1,Bà Rịa - Vũng Tàu
677,24,297,109.127793,11.680438,4,0,1,Bình Phước
678,24,297,108.310323,11.541155,4,0,1,Bình Phước
679,24,297,107.148202,11.739918,4,0,1,Bình Phước
680,24,297,109.078417,11.821499,4,0,1,Bình Phước
681,24,297,105.796306,11.962629,4,0,1,Bình Phước
682,24,298,106.971585,20.244048,11,0,1,Hải Phòng
683,24,298,106.97676,20.249945,11,0,1,Hải Phòng
684,24,298,105.368816,20.270671,11,0,1,Hải Phòng
685,24,299,106.837056,20.51113,1,60,1,Hòa Bình
686,24,299,105.106228,20.575597,1,60,1,Hòa Bình
687,24,300,106.819159,21.089223,4,0,1,Hải Phòng
688,24,300,106.821454,21.094267,4,0,1,Hải Phòng
689,24,300,106.823933,21.099559,4,0,1,Hải Phòng
690,24,300,106.826434,21.102954,4,0,1,Hải Phòng
691,24,301,107.423292,21.117655,1,100,1,Quảng Ninh
692,24,301,107.423662,21.118119,1,100,1,Quảng Ninh
693,24,302,105.248238,21.305407,4,0,1,Quảng Ninh
694,24,302,106.90211,21.323361,4,0,1,Quảng Ninh
695,25,303,106.136852,9.148713,4,0,1,Bạc Liêu
696,25,303,106.135958,9.160936,4,0,1,Bạc Liêu
697,25,304,105.33261,10.136612,4,0,1,Kiên Giang
698,25,304,104.071436,10.219379,4,0,1,Kiên Giang
699,25,304,106.538333,10.319748,4,0,1,Kiên Giang
700,25,305,106.528801,10.573978,2,0,1,Bình Thuận
701,25,305,107.878834,10.749878,2,0,1,Bình Thuận
702,25,306,105.729354,10.772251,1,60,1,Đồng Tháp
703,25,306,105.751773,10.825691,1,60,1,Đồng Tháp
704,25,307,107.170565,11.081767,4,0,1,An Giang
705,25,307,105.117589,11.354315,4,0,1,An Giang
706,25,308,107.046863,11.85462,1,60,1,Bình Phước
707,25,308,107.068948,11.874414,1,60,1,Bình Phước
708,25,309,109.084048,12.629198,4,0,1,Khánh Hòa
709,25,309,109.09224,12.646946,4,0,1,Khánh Hòa
710,25,310,109.190258,12.588242,4,0,1,Đắk Lắk
711,25,310,108.073496,12.715574,4,0,1,Đắk Lắk
712,25,310,108.264365,12.860195,4,0,1,Đắk Lắk
713,25,310,108.206886,13.201601,4,0,1,Đắk Lắk
714,25,310,109.092615,13.362233,4,0,1,Đắk Lắk
715,25,311,109.226417,13.591041,4,0,1,Gia Lai
716,25,311,107.990635,13.786496,4,0,1,Gia Lai
717,25,311,109.206421,13.906674,4,0,1,Gia Lai
718,25,312,107.481962,16.874593,1,60,1,Quảng Nam
719,25,312,107.707774,15.152222,1,60,1,Quảng Nam
720,25,313,106.823657,17.90496,4,0,1,Quảng Bình
721,25,313,106.885798,18.424266,4,0,1,Quảng Bình
722,25,313,106.712509,18.541399,4,0,1,Quảng Bình
723,25,314,106.526111,18.702426,10,0,1,Hà Tĩnh
724,25,314,106.708076,18.704896,10,0,1,Hà Tĩnh
725,25,315,106.527296,18.70704,1,80,1,Hà Tĩnh
726,25,315,106.419037,18.91083,1,80,1,Hà Tĩnh
727,25,315,106.422648,19.358515,1,80,1,Hà Tĩnh
728,25,316,106.946203,20.638874,4,0,1,Hải Phòng
729,25,316,106.915201,20.649659,4,0,1,Hải Phòng
730,25,317,104.597384,20.810505,1,80,1,Hòa Bình
731,25,317,105.086958,20.848242,1,80,1,Hòa Bình
732,25,318,106.838774,21.217652,1,50,1,Hải Phòng
733,25,318,106.621449,21.218289,1,50,1,Hải Phòng
734,25,319,106.239743,21.398323,4,0,1,Bắc Giang
735,25,319,106.230388,21.422663,4,0,1,Bắc Giang
736,25,319,105.352126,21.622601,4,0,1,Bắc Giang
737,26,320,108.244706,11.788658,2,0,1,Đắk Nông
738,26,320,107.451234,12.194859,2,0,1,Đắk Nông
739,26,321,109.06137,12.260329,1,50,1,Khánh Hòa
740,26,321,108.850391,12.253971,1,50,1,Khánh Hòa
741,26,322,107.939347,13.808447,1,60,1,Gia Lai
742,26,322,108.05876,13.972695,1,60,1,Gia Lai
743,26,323,108.200338,16.525629,4,0,1,Đà Nẵng
744,26,323,108.408503,16.757151,4,0,1,Đà Nẵng
745,26,324,107.674093,15.394576,4,0,1,Hà Tĩnh
746,26,324,106.288627,18.466939,4,0,1,Hà Tĩnh
747,26,325,106.901763,19.736637,1,60,1,Thái Bình
748,26,325,106.903523,19.739446,1,60,1,Thái Bình
749,26,326,106.722771,19.856934,4,0,1,Thái Bình
750,26,326,106.956614,19.994909,4,0,1,Thái Bình
751,26,327,106.974006,20.247109,4,0,1,Hòa Bình
752,26,327,105.491456,20.416004,4,0,1,Hòa Bình
753,26,327,105.370991,20.691009,4,0,1,Hòa Bình
754,26,328,105.626606,20.798625,1,80,1,Hòa Bình
755,26,328,105.259035,20.867232,1,80,1,Hòa Bình
756,26,329,105.421639,20.895011,2,0,1,Hòa Bình
757,26,329,105.31954,20.918649,2,0,1,Hòa Bình
758,26,329,105.992494,20.956502,2,0,1,Hòa Bình
759,27,330,106.097124,9.336534,4,0,1,Trà Vinh
760,27,330,106.977674,9.509776,4,0,1,Trà Vinh
761,27,330,106.469865,10.42211,4,0,1,Trà Vinh
762,27,331,105.504423,10.612789,4,0,1,An Giang
763,27,331,105.369685,10.634741,4,0,1,An Giang
764,27,332,105.036879,10.698933,2,0,1,Long An
765,27,332,106.343714,10.597341,2,0,1,Long An
766,27,333,105.609907,10.73703,1,60,1,Đồng Tháp
767,27,333,105.499078,10.756207,1,60,1,Đồng Tháp
768,27,334,107.602725,11.299365,1,50,1,Đồng Nai
769,27,334,107.60381,11.301403,1,50,1,Đồng Nai
770,27,335,105.095854,11.313913,4,0,1,An Giang
771,27,335,105.099263,11.31858,4,0,1,An Giang
772,27,336,109.028756,11.553186,4,0,1,Ninh Thuận
773,27,336,109.053703,11.770013,4,0,1,Ninh Thuận
774,27,337,109.133084,12.491123,4,0,1,Phú Yên
775,27,337,109.273066,12.76424,4,0,1,Phú Yên
776,27,338,109.294184,13.026793,1,80,1,Phú Yên
777,27,338,109.293765,13.260852,1,80,1,Phú Yên
778,27,339,109.198513,13.415811,4,0,1,Bình Định
779,27,339,109.2485,13.673719,4,0,1,Bình Định
780,27,339,109.057751,13.727403,4,0,1,Bình Định
781,27,340,109.003235,13.947721,1,80,1,Bình Định
782,27,340,108.681287,14.149774,1,80,1,Bình Định
783,27,341,108.261076,16.370238,4,0,1,Thừa Thiên Huế
784,27,341,107.830683,16.756957,4,0,1,Thừa Thiên Huế
785,27,341,108.316941,16.89457,4,0,1,Thừa Thiên Huế
786,27,342,106.710089,18.535439,4,0,1,Hà Tĩnh
787,27,342,106.71219,18.540635,4,0,1,Hà Tĩnh
788,27,343,106.590138,18.707352,1,80,1,Hà Tĩnh
789,27,343,106.592923,18.712776,1,80,1,Hà Tĩnh
790,27,344,106.596586,18.717981,1,80,1,Hà Tĩnh
791,27,344,106.598868,18.724102,1,80,1,Hà Tĩnh
792,27,344,106.702226,18.730491,1,80,1,Hà Tĩnh
793,27,344,106.708339,18.742168,1,80,1,Hà Tĩnh
794,27,344,106.712955,18.761011,1,80,1,Hà Tĩnh
795,27,345,106.91365,20.644409,11,0,1,Hải Phòng
796,27,345,106.914702,20.64553,11,0,1,Hải Phòng
797,27,346,105.374775,20.698667,4,0,1,Hòa Bình
798,27,346,105.40095,20.810256,4,0,1,Hòa Bình
799,27,347,106.871597,20.941323,2,0,1,Hà Nội
800,27,347,105.82563,20.943007,2,0,1,Hà Nội
801,27,348,105.497213,21.130956,1,80,1,Vĩnh Phúc
802,27,348,105.60092,21.169006,1,80,1,Vĩnh Phúc
803,27,349,106.329204,22.189453,1,60,1,Lao Cai
804,27,349,104.475403,22.233561,1,60,1,Lao Cai
805,27,350,105.47086,22.25255,4,0,1,Hà Giang
806,27,350,104.996776,22.762558,4,0,1,Hà Giang
807,28,351,105.011679,9.378617,2,0,1,Kiên Giang
808,28,351,105.181331,9.803369,2,0,1,Kiên Giang
809,28,352,106.399733,10.041981,4,0,1,Long An
810,28,352,106.786071,10.367166,4,0,1,Long An
811,28,352,105.391191,10.377827,4,0,1,Long An
812,28,353,105.378791,10.602059,11,0,1,Đồng Tháp
813,28,353,105.529115,10.666438,11,0,1,Đồng Tháp
814,28,354,105.532939,10.652496,4,0,1,Đồng Tháp
815,28,354,105.538521,10.672192,4,0,1,Đồng Tháp
816,28,355,105.238265,10.929559,1,50,1,Tây Ninh
817,28,355,105.74477,10.962539,1,50,1,Tây Ninh
818,28,355,105.744811,10.962596,1,50,1,Tây Ninh
819,28,356,107.537629,11.027824,2,0,1,Tây Ninh
820,28,356,105.78143,11.049908,2,0,1,Tây Ninh
821,28,357,107.565914,11.39766,2,0,1,Bình Thuận
822,28,357,108.350505,11.405643,2,0,1,Bình Thuận
823,28,358,108.825495,11.475918,4,0,1,Tây Ninh
824,28,358,105.172762,11.683966,4,0,1,Tây Ninh
825,28,359,108.514989,12.12774,1,60,1,Khánh Hòa
826,28,359,109.191208,12.32479,1,60,1,Khánh Hòa
827,28,360,108.172856,12.407137,4,0,1,Khánh Hòa
828,28,360,109.129946,12.486145,4,0,1,Khánh Hòa
829,28,361,109.190525,12.540091,1,60,1,Khánh Hòa
830,28,361,109.190705,12.540186,1,60,1,Khánh Hòa
831,28,362,109.241967,13.199381,1,60,1,Bình Định
832,28,362,108.995703,13.937066,1,60,1,Bình Định
833,28,363,105.362229,21.036584,2,0,1,Phú Thọ
834,28,363,105.008867,21.050659,2,0,1,Phú Thọ
835,28,363,105.79424,21.091889,2,0,1,Phú Thọ
836,28,364,104.050852,22.647347,1,60,1,Lao Cai
837,28,364,104.282004,22.598184,1,60,1,Lao Cai
838,29,365,106.716774,10.478541,4,0,1,Đồng Tháp
839,29,365,105.506597,10.616033,4,0,1,Đồng Tháp
840,29,365,105.508547,10.620125,4,0,1,Đồng Tháp
841,29,365,105.510731,10.623813,4,0,1,Đồng Tháp
842,29,365,104.924525,10.658071,4,0,1,Đồng Tháp
843,29,365,104.943542,10.504701,4,0,1,Đồng Tháp
844,29,366,105.752941,10.828579,1,60,1,Đồng Tháp
845,29,366,105.752063,10.829619,1,60,1,Đồng Tháp
846,29,367,105.745519,10.846152,1,50,1,Đồng Tháp
847,29,367,105.772164,10.845145,1,50,1,Đồng Tháp
848,29,368,107.223098,10.889628,2,0,1,Đồng Nai
849,29,368,107.228471,10.898846,2,0,1,Đồng Nai
850,29,369,105.743178,10.948505,1,50,1,Đồng Nai
851,29,369,107.145332,10.973018,1,50,1,Đồng Nai
852,29,370,105.900409,11.579886,1,90,1,Ninh Thuận
853,29,370,109.048454,11.743097,1,90,1,Ninh Thuận
854,29,371,105.692209,11.874194,4,0,1,Tây Ninh
855,29,371,105.692375,11.87449,4,0,1,Tây Ninh
856,29,372,108.496615,16.645033,4,0,1,Đà Nẵng
857,29,372,108.496812,16.645523,4,0,1,Đà Nẵng
858,29,373,108.495318,16.647625,1,60,1,Đà Nẵng
859,29,373,108.220142,16.514569,1,60,1,Đà Nẵng
860,29,374,107.516283,15.443152,4,0,1,Quảng Nam
861,29,374,107.385496,15.657538,4,0,1,Quảng Nam
862,29,375,105.571661,20.881633,4,0,1,Hòa Bình
863,29,375,105.571661,20.881633,4,0,1,Hòa Bình
864,29,376,104.868653,21.448826,2,0,1,Bắc Giang
865,29,376,106.148264,21.480113,2,0,1,Bắc Giang
866,29,376,106.019724,21.654292,2,0,1,Bắc Giang
867,29,377,104.789884,21.767872,2,0,1,Sơn La
868,29,377,104.109043,21.835281,2,0,1,Sơn La
869,29,378,105.709067,21.955398,4,0,1,Cao Bằng
870,29,378,105.61133,22.823233,4,0,1,Cao Bằng
871,29,378,104.990923,23.054696,4,0,1,Cao Bằng
872,30,379,106.213944,9.153964,1,50,1,Sóc Trăng
873,30,379,106.215539,9.158488,1,50,1,Sóc Trăng
874,30,379,106.47981,9.449366,1,50,1,Sóc Trăng
875,30,380,104.926861,10.670304,4,0,1,An Giang
876,30,380,104.929585,10.675925,4,0,1,An Giang
877,30,381,106.657357,10.577404,1,60,1,Đồng Tháp
878,30,381,105.750599,10.827152,1,60,1,Đồng Tháp
879,30,382,107.415252,10.971739,1,50,1,Đồng Nai
880,30,382,107.146763,10.972098,1,50,1,Đồng Nai
881,30,383,105.925857,11.422145,1,60,1,Tây Ninh
882,30,383,105.925515,11.441619,1,60,1,Tây Ninh
883,30,383,108.819358,11.454288,1,60,1,Tây Ninh
884,30,384,109.171364,12.519368,4,0,1,Phú Yên
885,30,384,109.247818,13.672364,4,0,1,Phú Yên
886,30,384,107.999975,14.353171,4,0,1,Phú Yên
887,30,385,107.589135,14.712274,4,0,1,Đà Nẵng
888,30,385,108.274411,16.718253,4,0,1,Đà Nẵng
889,30,386,106.845298,19.700566,4,0,1,Thái Bình
890,30,386,106.770364,19.776278,4,0,1,Thái Bình
891,30,387,105.488223,21.054728,4,0,1,Vĩnh Phúc
892,30,387,105.489273,21.055682,4,0,1,Vĩnh Phúc
893,31,388,106.848023,9.865054,4,0,1,Trà Vinh
894,31,388,106.864792,9.857106,4,0,1,Trà Vinh
895,31,389,106.703788,10.193415,2,0,1,Long An
896,31,389,106.799007,10.374644,2,0,1,Long An
897,31,390,104.886638,10.3834,1,80,1,Long An
898,31,390,106.645951,10.421284,1,80,1,Long An
899,31,391,104.665445,10.425069,10,0,1,An Giang
900,31,391,105.319246,10.460816,10,0,1,An Giang
901,31,391,104.679392,10.454123,10,0,1,An Giang
902,31,392,105.526635,10.648978,4,0,1,Đồng Tháp
903,31,392,105.536819,10.65719,4,0,1,Đồng Tháp
904,31,393,107.332518,10.714055,1,50,1,Bà Rịa - Vũng Tàu
905,31,393,107.33353,10.71658,1,50,1,Bà Rịa - Vũng Tàu
906,31,394,105.4664,11.049267,4,0,1,Đồng Nai
907,31,394,107.360421,11.193761,4,0,1,Đồng Nai
908,31,395,108.999197,11.420037,4,0,1,Tây Ninh
909,31,395,105.853791,11.438172,4,0,1,Tây Ninh
910,31,395,105.574726,11.459666,4,0,1,Tây Ninh
911,31,395,108.979284,11.654048,4,0,1,Tây Ninh
912,31,396,107.310784,11.870732,4,0,1,Ninh Thuận
913,31,396,109.089318,11.878793,4,0,1,Ninh Thuận
914,31,397,109.207032,12.290934,4,0,1,Khánh Hòa
915,31,397,109.12816,12.476378,4,0,1,Khánh Hòa
916,31,398,109.201318,12.564835,1,60,1,Khánh Hòa
917,31,398,109.201363,12.564907,1,60,1,Khánh Hòa
918,31,399,106.990917,20.524147,1,80,1,Hòa Bình
919,31,399,105.097689,20.834933,1,80,1,Hòa Bình
920,31,400,105.415836,21.006855,1,80,1,Hòa Bình
921,31,400,105.348948,21.029582,1,80,1,Hòa Bình
922,31,401,106.813447,21.079236,1,90,1,Hải Phòng
923,31,401,106.814955,21.081568,1,90,1,Hải Phòng
924,31,401,106.816636,21.082531,1,90,1,Hải Phòng
925,31,401,106.815645,21.084272,1,90,1,Hải Phòng
926,31,402,106.077026,21.453202,2,0,1,Yên Bái
927,31,402,104.757952,21.487758,2,0,1,Yên Bái
928,32,403,106.842061,9.84529,1,50,1,Trà Vinh
929,32,403,106.553902,9.991479,1,50,1,Trà Vinh
930,32,404,106.039358,10.348064,1,80,1,An Giang
931,32,404,104.856244,10.366511,1,80,1,An Giang
932,32,405,107.173427,10.481174,4,0,1,Đồng Tháp
933,32,405,105.507386,10.834862,4,0,1,Đồng Tháp
934,32,406,109.05867,12.497598,4,0,1,Đắk Lắk
935,32,406,109.282241,12.759953,4,0,1,Đắk Lắk
936,32,406,108.215823,12.787648,4,0,1,Đắk Lắk
937,32,406,108.423991,12.801347,4,0,1,Đắk Lắk
938,32,407,108.160936,13.337145,4,0,1,Đắk Lắk
939,32,407,108.166035,13.343546,4,0,1,Đắk Lắk
940,32,408,108.454905,13.61256,1,60,1,Bình Định
941,32,408,109.109505,13.752682,1,60,1,Bình Định
942,32,408,109.025448,13.839552,1,60,1,Bình Định
943,32,408,108.006156,13.976716,1,60,1,Bình Định
944,32,409,105.494567,20.939562,1,60,1,Hòa Bình
945,32,409,105.570729,20.943655,1,60,1,Hòa Bình
946,32,410,105.142111,21.095454,2,0,1,Hà Nội
947,32,410,105.875768,21.144232,2,0,1,Hà Nội
948,32,411,106.82333,21.172148,1,60,1,Sơn La
949,32,411,104.079606,21.198371,1,60,1,Sơn La
950,32,412,105.375001,21.641593,4,0,1,Thái Nguyên
951,32,412,106.016857,21.667687,4,0,1,Thái Nguyên
952,32,413,106.186123,21.516411,2,0,1,Thái Nguyên
953,32,413,105.738844,21.833963,2,0,1,Thái Nguyên
954,33,414,107.208268,10.481893,2,0,1,Bà Rịa - Vũng Tàu
955,33,414,107.174186,10.482356,2,0,1,Bà Rịa - Vũng Tàu
956,33,415,105.370721,10.487838,4,0,1,Bà Rịa - Vũng Tàu
957,33,415,107.347534,10.614953,4,0,1,Bà Rịa - Vũng Tàu
958,33,416,105.447604,10.507893,4,0,1,Đồng Tháp
959,33,416,105.585603,10.763271,4,0,1,Đồng Tháp
960,33,417,105.405096,10.887871,4,0,1,Đồng Tháp
961,33,417,107.144547,10.891148,4,0,1,Đồng Tháp
962,33,417,105.700416,10.901807,4,0,1,Đồng Tháp
963,33,417,107.407123,10.951319,4,0,1,Đồng Tháp
964,33,418,108.173156,11.143817,4,0,1,Bình Thuận
965,33,418,107.691483,11.194812,4,0,1,Bình Thuận
966,33,419,107.989487,12.687332,1,80,1,Đắk Lắk
967,33,419,108.219626,12.85168,1,80,1,Đắk Lắk
968,33,420,105.070265,20.564604,1,60,1,Hòa Bình
969,33,420,105.071084,20.566742,1,60,1,Hòa Bình
970,33,421,106.334272,20.848782,1,60,1,Hòa Bình
971,33,421,105.041948,20.886476,1,60,1,Hòa Bình
972,33,422,104.091815,21.204597,2,0,1,Quảng Ninh
973,33,422,107.104922,21.282052,2,0,1,Quảng Ninh
974,33,423,106.557505,22.938456,2,0,1,Cao Bằng
975,33,423,106.414399,23.169921,2,0,1,Cao Bằng
976,34,424,105.031976,9.716686,2,0,1,Trà Vinh
977,34,424,106.63049,9.74457,2,0,1,Trà Vinh
978,34,425,104.018033,10.054008,4,0,1,Bến Tre
979,34,425,106.514208,10.105045,4,0,1,Bến Tre
980,34,425,105.419574,10.29421,4,0,1,Bến Tre
981,34,426,105.516154,10.842261,4,0,1,Bình Thuận
982,34,426,108.055426,10.927009,4,0,1,Bình Thuận
983,34,427,106.465109,10.964926,2,0,1,An Giang
984,34,427,105.331959,11.059697,2,0,1,An Giang
985,34,428,107.630223,11.38013,4,0,1,Đồng Nai
986,34,428,107.631859,11.382621,4,0,1,Đồng Nai
987,34,429,107.354544,11.905217,1,50,1,Đắk Nông
988,34,429,107.667923,12.276009,1,50,1,Đắk Nông
989,34,430,108.995649,13.935777,1,70,1,Bình Định
990,34,430,109.247086,13.950478,1,70,1,Bình Định
991,34,431,105.058845,20.562443,1,60,1,Hòa Bình
992,34,431,105.059522,20.563657,1,60,1,Hòa Bình
993,34,432,107.409183,21.067622,4,0,1,Quảng Ninh
994,34,432,107.311186,21.082714,4,0,1,Quảng Ninh
995,34,433,105.096038,21.212218,2,0,1,Hải Phòng
996,34,433,106.723417,21.257021,2,0,1,Hải Phòng
997,35,434,106.564369,9.881035,4,0,1,Kiên Giang
998,35,434,104.69095,10.241928,4,0,1,Kiên Giang
999,35,435,106.017954,10.315524,1,80,1,Vinh Long
1000,35,435,106.024297,10.326419,1,80,1,Vinh Long
1001,35,436,105.813751,10.880005,4,0,1,Đồng Tháp
1002,35,436,105.821545,10.890746,4,0,1,Đồng Tháp
1003,35,437,109.077818,12.216245,4,0,1,Khánh Hòa
1004,35,437,109.203075,12.28227,4,0,1,Khánh Hòa
1005,35,438,107.942149,13.814119,1,80,1,Bình Định
1006,35,438,108.913215,13.932112,1,80,1,Bình Định
1007,35,439,107.707754,15.386512,1,60,1,Hà Tĩnh
1008,35,439,105.38977,17.761557,1,60,1,Hà Tĩnh
1009,35,439,105.16825,17.998186,1,60,1,Hà Tĩnh
1010,35,439,105.168972,17.999189,1,60,1,Hà Tĩnh
1011,35,440,105.046622,20.059907,4,0,1,Hà Nam
1012,35,440,105.060492,20.075532,4,0,1,Hà Nam
1013,35,440,105.613462,20.434729,4,0,1,Hà Nam
1014,35,440,106.755553,20.481517,4,0,1,Hà Nam
1015,35,441,106.989877,20.522108,1,60,1,Hòa Bình
1016,35,441,105.416575,20.553119,1,60,1,Hòa Bình
1017,35,442,107.13101,20.945094,1,60,1,Phú Thọ
1018,35,442,105.398177,21.101938,1,60,1,Phú Thọ
1019,35,442,105.10984,21.233069,1,60,1,Phú Thọ
1020,35,443,106.684657,21.313321,4,0,1,Phú Thọ
1021,35,443,105.24904,21.340433,4,0,1,Phú Thọ
1022,35,444,105.614577,21.863976,2,0,1,Hà Giang
1023,35,444,105.144644,22.743524,2,0,1,Hà Giang
1024,36,445,106.015654,9.034487,4,0,1,Sóc Trăng
1025,36,445,106.277283,9.174159,4,0,1,Sóc Trăng
1026,36,446,106.558307,10.162179,1,50,1,Bến Tre
1027,36,446,106.559534,10.164014,1,50,1,Bến Tre
1028,36,447,105.720697,10.731247,4,0,1,Đồng Tháp
1029,36,447,105.720726,10.731463,4,0,1,Đồng Tháp
1030,36,448,105.373553,11.087482,1,50,1,Đồng Nai
1031,36,448,107.617303,11.154529,1,50,1,Đồng Nai
1032,36,449,105.722718,11.218162,1,50,1,Tây Ninh
1033,36,449,105.725903,11.223882,1,50,1,Tây Ninh
1034,36,449,105.481994,11.236515,1,50,1,Tây Ninh
1035,36,450,105.210153,11.351694,2,0,1,Bình Phước
1036,36,450,107.344674,11.663507,2,0,1,Bình Phước
1037,36,450,108.978212,11.652604,2,0,1,Bình Phước
1038,36,451,105.219055,11.557739,4,0,1,Lâm Đồng
1039,36,451,108.470535,11.878074,4,0,1,Lâm Đồng
1040,36,452,108.450226,16.69725,4,0,1,Thừa Thiên Huế
1041,36,452,108.026212,16.867464,4,0,1,Thừa Thiên Huế
1042,36,453,106.738767,18.766799,4,0,1,Thanh Hóa
1043,36,453,106.441653,19.406886,4,0,1,Thanh Hóa
1044,36,454,107.344645,21.122927,2,0,1,Vĩnh Phúc
1045,36,454,105.426838,21.136057,2,0,1,Vĩnh Phúc
1046,36,455,106.272394,21.180753,1,80,1,Bắc Giang
1047,36,455,106.414915,21.188031,1,80,1,Bắc Giang
1048,36,456,106.207361,21.382788,2,0,1,Quảng Ninh
1049,36,456,106.966349,21.387446,2,0,1,Quảng Ninh
1050,36,457,105.739133,21.83431,4,0,1,Thái Nguyên
1051,36,457,105.769657,21.862723,4,0,1,Thái Nguyên
1052,36,458,106.276404,22.140192,2,0,1,Lạng Sơn
1053,36,458,106.313852,22.190469,2,0,1,Lạng Sơn
1054,37,459,106.131037,9.140615,4,0,1,Sóc Trăng
1055,37,459,106.210935,9.339618,4,0,1,Sóc Trăng
1056,37,460,105.036711,9.52392,4,0,1,Sóc Trăng
1057,37,460,106.155872,9.717362,4,0,1,Sóc Trăng
1058,37,461,105.271411,9.995059,4,0,1,Trà Vinh
1059,37,461,106.760284,10.009059,4,0,1,Trà Vinh
1060,37,461,104.905611,10.167454,4,0,1,Trà Vinh
1061,37,462,106.611971,10.428233,4,0,1,An Giang
1062,37,462,105.313263,10.442806,4,0,1,An Giang
1063,37,463,105.192765,10.470908,4,0,1,An Giang
1064,37,463,104.533151,10.616689,4,0,1,An Giang
1065,37,464,107.114713,10.851883,10,0,1,Đồng Nai
1066,37,464,107.116063,10.852296,10,0,1,Đồng Nai
1067,37,465,107.118324,10.85564,4,0,1,Đồng Tháp
1068,37,465,105.754115,10.871543,4,0,1,Đồng Tháp
1069,37,466,105.832808,11.092434,1,50,1,Đồng Nai
1070,37,466,107.623031,11.172318,1,50,1,Đồng Nai
1071,37,467,107.628198,11.179073,1,50,1,Bình Thuận
1072,37,467,108.517974,11.185257,1,50,1,Bình Thuận
1073,37,468,107.567029,11.741933,4,0,1,Tây Ninh
1074,37,468,105.964406,11.813196,4,0,1,Tây Ninh
1075,37,468,108.347465,11.896506,4,0,1,Tây Ninh
1076,37,469,108.793391,16.112303,4,0,1,Đà Nẵng
1077,37,469,108.518793,16.166218,4,0,1,Đà Nẵng
1078,37,470,108.114527,15.078361,4,0,1,Quảng Nam
1079,37,470,107.588687,15.40725,4,0,1,Quảng Nam
1080,37,470,107.771163,15.424706,4,0,1,Quảng Nam
1081,37,471,106.85709,19.732161,1,60,1,Thái Bình
1082,37,471,106.9147,19.767285,1,60,1,Thái Bình
1083,37,471,106.780681,19.750791,1,60,1,Thái Bình
1084,37,472,106.319086,20.702499,4,0,1,Hải Dương
1085,37,472,106.320616,20.704376,4,0,1,Hải Dương
1086,37,472,105.508596,20.758597,4,0,1,Hải Dương
1087,37,473,105.146493,20.893128,4,0,1,Hòa Bình
1088,37,473,105.140785,20.894753,4,0,1,Hòa Bình
1089,37,473,107.149703,20.96641,4,0,1,Hòa Bình
1090,37,474,106.51418,21.125354,2,0,1,Hải Phòng
1091,37,474,106.602923,21.125883,2,0,1,Hải Phòng
1092,37,475,106.75056,21.163824,4,0,1,Phú Thọ
1093,37,475,105.071357,21.177844,4,0,1,Phú Thọ
1094,37,476,106.620048,21.215028,1,80,1,Phú Thọ
1095,37,476,105.34526,21.222746,1,80,1,Phú Thọ
1096,37,477,106.683933,21.312605,11,0,1,Bắc Giang
1097,37,477,106.298471,21.370981,11,0,1,Bắc Giang
1098,37,478,106.772185,21.881977,4,0,1,Lao Cai
1099,37,478,103.955366,22.60161,4,0,1,Lao Cai
1100,38,479,106.587266,10.122017,2,0,1,Bà Rịa - Vũng Tàu
1101,38,479,107.27774,10.419277,2,0,1,Bà Rịa - Vũng Tàu
1102,38,480,105.813999,10.997927,2,0,1,Đồng Nai
1103,38,480,107.0452,11.004216,2,0,1,Đồng Nai
1104,38,481,105.105751,11.331497,1,60,1,Tây Ninh
1105,38,481,105.451214,11.417721,1,60,1,Tây Ninh
1106,38,482,108.497151,16.683467,1,50,1,Đà Nẵng
1107,38,482,108.604529,16.693011,1,50,1,Đà Nẵng
1108,38,482,108.606852,16.694672,1,50,1,Đà Nẵng
1109,38,482,108.605629,16.696426,1,50,1,Đà Nẵng
1110,38,482,108.610842,16.500888,1,50,1,Đà Nẵng
1111,38,483,106.516233,20.043081,2,0,1,Thanh Hóa
1112,38,483,105.170508,20.046332,2,0,1,Thanh Hóa
1113,38,484,105.010058,20.542199,1,50,1,Hòa Bình
1114,38,484,105.491568,20.813031,1,50,1,Hòa Bình
1115,38,484,105.638288,20.819382,1,50,1,Hòa Bình
1116,38,485,105.825009,20.942112,1,60,1,Hải Dương
1117,38,485,106.458531,21.043271,1,60,1,Hải Dương
1118,38,486,105.613446,21.077253,2,0,1,Phú Thọ
1119,38,486,105.037899,21.188379,2,0,1,Phú Thọ
1120,38,487,105.274975,21.394547,2,0,1,Lạng Sơn
1121,38,487,106.959235,21.484969,2,0,1,Lạng Sơn
1122,39,488,106.19434,9.383005,1,80,1,Sóc Trăng
1123,39,488,106.194382,9.383063,1,80,1,Sóc Trăng
1124,39,489,106.262214,9.463646,1,80,1,Sóc Trăng
1125,39,489,106.275096,9.481493,1,80,1,Sóc Trăng
1126,39,489,106.656827,9.761415,1,80,1,Sóc Trăng
1127,39,490,106.57407,10.106993,2,0,1,Bà Rịa - Vũng Tàu
1128,39,490,106.987536,10.232026,2,0,1,Bà Rịa - Vũng Tàu
1129,39,490,106.319625,10.367063,2,0,1,Bà Rịa - Vũng Tàu
1130,39,491,106.195759,10.475323,4,0,1,An Giang
1131,39,491,105.354038,10.478953,4,0,1,An Giang
1132,39,492,106.212213,10.494654,4,0,1,Long An
1133,39,492,106.242727,10.630348,4,0,1,Long An
1134,39,492,106.243695,10.631383,4,0,1,Long An
1135,39,492,106.24953,10.638437,4,0,1,Long An
1136,39,493,106.154312,10.654541,2,0,1,Long An
1137,39,493,106.647646,10.562614,2,0,1,Long An
1138,39,494,105.361066,10.844657,1,50,1,An Giang
1139,39,494,105.352033,10.867586,1,50,1,An Giang
1140,39,495,105.913997,11.044623,1,60,1,Đồng Nai
1141,39,495,107.073952,11.046493,1,60,1,Đồng Nai
1142,39,496,107.746061,11.490034,2,0,1,Lâm Đồng
1143,39,496,108.342374,11.641938,2,0,1,Lâm Đồng
1144,39,497,107.761292,16.394114,1,60,1,Đà Nẵng
1145,39,497,108.630457,16.691515,1,60,1,Đà Nẵng
1146,39,498,108.339979,16.713229,4,0,1,Thừa Thiên Huế
1147,39,498,108.140766,16.985802,4,0,1,Thừa Thiên Huế
1148,39,499,107.431053,15.527617,2,0,1,Quảng Bình
1149,39,499,105.899533,17.020664,2,0,1,Quảng Bình
1150,39,500,105.223867,20.656132,2,0,1,Hải Phòng
1151,39,500,106.852734,20.655963,2,0,1,Hải Phòng
1152,39,501,106.187081,21.545763,1,60,1,Thái Nguyên
1153,39,501,106.214066,21.811759,1,60,1,Thái Nguyên
1154,40,502,106.37207,10.420058,2,0,1,Đồng Tháp
1155,40,502,105.454698,10.435929,2,0,1,Đồng Tháp
1156,40,502,106.57124,10.449029,2,0,1,Đồng Tháp
1157,40,503,105.230933,10.587324,4,0,1,Đồng Tháp
1158,40,503,105.774128,10.758588,4,0,1,Đồng Tháp
1159,40,503,105.77497,10.759593,4,0,1,Đồng Tháp
1160,40,503,105.775637,10.771611,4,0,1,Đồng Tháp
1161,40,504,105.704539,10.892195,4,0,1,Đồng Tháp
1162,40,504,105.464359,10.942848,4,0,1,Đồng Tháp
1163,40,505,105.696249,11.803355,2,0,1,Lâm Đồng
1164,40,505,108.147581,11.928288,2,0,1,Lâm Đồng
1165,40,506,109.135291,12.499525,4,0,1,Đắk Lắk
1166,40,506,108.066634,12.597342,4,0,1,Đắk Lắk
1167,40,506,109.212241,12.715689,4,0,1,Đắk Lắk
1168,40,507,108.310199,16.579467,4,0,1,Quảng Nam
1169,40,507,108.124737,15.090003,4,0,1,Quảng Nam
1170,40,508,106.38062,19.319514,1,50,1,Thanh Hóa
1171,40,508,106.763336,19.40506,1,50,1,Thanh Hóa
1172,40,509,106.774503,19.824746,4,0,1,Thái Bình
1173,40,509,106.398569,19.957757,4,0,1,Thái Bình
1174,40,510,105.077311,20.185706,4,0,1,Thanh Hóa
1175,40,510,105.382001,20.223594,4,0,1,Thanh Hóa
1176,40,511,105.358707,21.633133,4,0,1,Yên Bái
1177,40,511,104.889465,21.716218,4,0,1,Yên Bái
1178,41,512,106.857369,9.941261,1,60,1,Trà Vinh
1179,41,512,106.736107,9.975194,1,60,1,Trà Vinh
1180,41,513,105.553114,10.522802,4,0,1,Đồng Tháp
1181,41,513,105.585739,10.763697,4,0,1,Đồng Tháp
1182,41,514,105.613007,10.790322,1,60,1,Đồng Tháp
1183,41,514,105.491765,10.853542,1,60,1,Đồng Tháp
1184,41,515,105.448108,10.936718,4,0,1,Đồng Tháp
1185,41,515,105.448559,10.935372,4,0,1,Đồng Tháp
1186,41,516,107.406527,11.631431,4,0,1,Ninh Thuận
1187,41,516,108.901168,11.53366,4,0,1,Ninh Thuận
1188,41,517,108.393975,11.765598,4,0,1,Tây Ninh
1189,41,517,105.688821,11.79506,4,0,1,Tây Ninh
1190,41,518,107.915418,13.775145,1,80,1,Bình Định
1191,41,518,109.165737,14.128721,1,80,1,Bình Định
1192,41,519,106.564063,20.458737,1,50,1,Hà Nam
1193,41,519,105.637994,20.591294,1,50,1,Hà Nam
1194,41,520,106.892675,20.98321,4,0,1,Hải Phòng
1195,41,520,106.89283,20.983617,4,0,1,Hải Phòng
1196,41,520,105.045493,20.986708,4,0,1,Hải Phòng
1197,41,521,106.899773,20.991303,1,50,1,Hải Dương
1198,41,521,106.412889,20.999949,1,50,1,Hải Dương
1199,41,521,106.413769,21.000909,1,50,1,Hải Dương
1200,41,522,106.912126,21.006196,4,0,1,Hải Phòng
1201,41,522,106.912327,21.006422,4,0,1,Hải Phòng
1202,41,523,107.630209,21.347787,1,80,1,Phú Thọ
1203,41,523,105.193287,21.350924,1,80,1,Phú Thọ
1204,41,524,103.015493,21.393327,4,0,1,Lạng Sơn
1205,41,524,107.569469,21.446683,4,0,1,Lạng Sơn
1206,41,524,106.815482,21.679376,4,0,1,Lạng Sơn
1207,41,524,104.871212,21.596664,4,0,1,Lạng Sơn
1208,41,525,104.106198,22.342275,4,0,1,Lao Cai
1209,41,525,104.106222,22.342279,4,0,1,Lao Cai
1210,41,525,103.974962,22.476981,4,0,1,Lao Cai
1211,42,526,106.492213,9.55923,1,80,1,Trà Vinh
1212,42,526,106.492971,9.559976,1,80,1,Trà Vinh
1213,42,527,107.226171,10.481449,1,50,1,Bà Rịa - Vũng Tàu
1214,42,527,107.227852,10.48441,1,50,1,Bà Rịa - Vũng Tàu
1215,42,528,107.229432,10.485137,4,0,1,Vinh Long
1216,42,528,106.028111,10.498168,4,0,1,Vinh Long
1217,42,529,107.498772,11.630741,4,0,1,Ninh Thuận
1218,42,529,108.888967,11.520004,4,0,1,Ninh Thuận
1219,42,530,108.330585,11.583675,11,0,1,Lâm Đồng
1220,42,530,108.431487,11.940712,11,0,1,Lâm Đồng
1221,42,531,109.418929,12.877286,4,0,1,Đắk Lắk
1222,42,531,108.23382,12.942353,4,0,1,Đắk Lắk
1223,42,531,108.781238,12.984898,4,0,1,Đắk Lắk
1224,42,532,108.562369,13.981523,1,80,1,Gia Lai
1225,42,532,107.867465,14.043,1,80,1,Gia Lai
1226,42,532,108.411787,14.547835,1,80,1,Gia Lai
1227,42,533,105.087798,19.979078,1,50,1,Thanh Hóa
1228,42,533,105.305804,20.122584,1,50,1,Thanh Hóa
1229,42,534,107.626848,21.327379,4,0,1,Quảng Ninh
1230,42,534,107.668414,21.36663,4,0,1,Quảng Ninh
1231,42,535,105.05464,21.372482,1,60,1,Phú Thọ
1232,42,535,105.226454,21.431489,1,60,1,Phú Thọ
1233,42,536,104.884619,21.708247,4,0,1,Yên Bái
1234,42,536,104.88582,21.710727,4,0,1,Yên Bái
1235,43,537,106.208697,10.039937,4,0,1,Bến Tre
1236,43,537,106.880736,10.099948,4,0,1,Bến Tre
1237,43,538,107.284057,10.414548,2,0,1,TP. Hồ Chí Minh
1238,43,538,106.835636,10.614118,2,0,1,TP. Hồ Chí Minh
1239,43,539,107.140618,10.555149,2,0,1,An Giang
1240,43,539,105.060909,10.729144,2,0,1,An Giang
1241,43,540,105.782997,10.777784,1,50,1,Đồng Tháp
1242,43,540,105.790393,10.784892,1,50,1,Đồng Tháp
1243,43,540,105.704291,10.797314,1,50,1,Đồng Tháp
1244,43,541,107.002873,11.022697,1,60,1,Đồng Nai
1245,43,541,107.012867,11.033002,1,60,1,Đồng Nai
1246,43,542,108.162889,11.113812,4,0,1,Bình Thuận
1247,43,542,107.691938,11.196418,4,0,1,Bình Thuận
1248,43,543,109.211882,13.004728,4,0,1,Đắk Lắk
1249,43,543,109.249473,13.049394,4,0,1,Đắk Lắk
1250,43,543,108.23427,13.110975,4,0,1,Đắk Lắk
1251,43,543,108.234602,13.111128,4,0,1,Đắk Lắk
1252,43,544,109.017141,13.567247,4,0,1,Bình Định
1253,43,544,109.01884,14.444722,4,0,1,Bình Định
1254,43,545,108.579747,16.435227,1,60,1,Quảng Nam
1255,43,545,107.556463,15.126537,1,60,1,Quảng Nam
1256,43,546,106.303757,18.863825,1,60,1,Thái Bình
1257,43,546,106.67853,19.919951,1,60,1,Thái Bình
1258,43,547,106.991371,20.897795,4,0,1,Hà Nội
1259,43,547,105.948348,20.956303,4,0,1,Hà Nội
1260,43,548,105.860207,21.000399,2,0,1,Quảng Ninh
1261,43,548,107.367788,21.012,2,0,1,Quảng Ninh
1262,43,548,107.204569,21.050554,2,0,1,Quảng Ninh
1263,43,549,105.215089,21.281835,4,0,1,Phú Thọ
1264,43,549,105.391354,21.308935,4,0,1,Phú Thọ
1265,43,550,106.231226,21.423736,2,0,1,Lạng Sơn
1266,43,550,107.092376,21.641571,2,0,1,Lạng Sơn
1267,43,551,104.919418,21.577163,4,0,1,Yên Bái
1268,43,551,104.922005,21.579938,4,0,1,Yên Bái
1269,43,551,105.730893,21.754193,4,0,1,Yên Bái
1270,44,552,106.063603,9.070244,1,50,1,Sóc Trăng
1271,44,552,106.415077,9.392239,1,50,1,Sóc Trăng
1272,44,553,106.188104,9.442634,4,0,1,Trà Vinh
1273,44,553,106.949746,9.655009,4,0,1,Trà Vinh
1274,44,553,106.458024,9.784469,4,0,1,Trà Vinh
1275,44,553,105.183143,9.806259,4,0,1,Trà Vinh
1276,44,553,106.239559,9.86407,4,0,1,Trà Vinh
1277,44,554,106.864251,9.927613,1,60,1,Trà Vinh
1278,44,554,106.864465,9.927704,1,60,1,Trà Vinh
1279,44,555,105.298917,10.021354,1,80,1,Kiên Giang
1280,44,555,105.29896,10.021395,1,80,1,Kiên Giang
1281,44,556,105.319358,10.041939,4,0,1,Bến Tre
1282,44,556,106.285531,10.118562,4,0,1,Bến Tre
1283,44,557,106.307418,10.13921,4,0,1,Bến Tre
1284,44,557,106.307566,10.139628,4,0,1,Bến Tre
1285,44,558,106.390868,10.226429,2,0,1,Bến Tre
1286,44,558,106.467767,10.293779,2,0,1,Bến Tre
1287,44,559,105.751878,10.765527,1,50,1,Đồng Tháp
1288,44,559,105.755613,10.751439,1,50,1,Đồng Tháp
1289,44,559,105.77262,10.755736,1,50,1,Đồng Tháp
1290,44,559,105.783626,10.778363,1,50,1,Đồng Tháp
1291,44,560,107.954866,10.925124,4,0,1,Bình Thuận
1292,44,560,107.956408,10.92554,4,0,1,Bình Thuận
1293,44,560,108.140831,11.101457,4,0,1,Bình Thuận
1294,44,561,105.437323,11.195921,1,60,1,An Giang
1295,44,561,105.263202,11.237915,1,60,1,An Giang
1296,44,561,105.684964,11.34083,1,60,1,An Giang
1297,44,562,107.655756,11.400315,4,0,1,Đắk Nông
1298,44,562,107.676743,11.41808,4,0,1,Đắk Nông
1299,44,562,105.880846,11.451534,4,0,1,Đắk Nông
1300,44,563,108.941296,11.571419,4,0,1,Tây Ninh
1301,44,563,105.839336,12.04326,4,0,1,Tây Ninh
1302,44,564,106.841047,20.149494,1,80,1,Hòa Bình
1303,44,564,105.259843,20.283145,1,80,1,Hòa Bình
1304,44,565,105.593184,21.014365,2,0,1,Hà Nội
1305,44,565,105.66679,21.015165,2,0,1,Hà Nội
1306,44,566,107.461967,21.301685,4,0,1,Quảng Ninh
1307,44,566,106.908135,21.330368,4,0,1,Quảng Ninh
1308,44,566,107.400639,21.333095,4,0,1,Quảng Ninh
1309,44,567,105.36242,21.498728,1,60,1,Quảng Ninh
1310,44,567,107.988671,21.61532,1,60,1,Quảng Ninh
1311,45,568,106.106259,9.352638,1,60,1,Sóc Trăng
1312,45,568,106.467541,9.434628,1,60,1,Sóc Trăng
1313,45,569,106.186552,9.440154,4,0,1,Sóc Trăng
1314,45,569,106.191756,9.445179,4,0,1,Sóc Trăng
1315,45,569,106.261885,9.604319,4,0,1,Sóc Trăng
1316,45,570,106.054947,9.817423,4,0,1,Kiên Giang
1317,45,570,105.221821,9.871376,4,0,1,Kiên Giang
1318,45,571,106.206872,10.037047,4,0,1,Trà Vinh
1319,45,571,106.205033,10.037236,4,0,1,Trà Vinh
1320,45,572,107.631959,10.631066,1,50,1,Bà Rịa - Vũng Tàu
1321,45,572,106.95733,10.679239,1,50,1,Bà Rịa - Vũng Tàu
1322,45,573,105.780681,10.776481,4,0,1,Đồng Nai
1323,45,573,107.056472,10.815883,4,0,1,Đồng Nai
1324,45,574,105.744347,10.841467,1,80,1,Đồng Tháp
1325,45,574,105.74445,10.841683,1,80,1,Đồng Tháp
1326,45,575,108.974982,11.86194,2,0,1,Đắk Nông
1327,45,575,107.602591,11.981178,2,0,1,Đắk Nông
1328,45,576,107.583392,12.046324,4,0,1,Khánh Hòa
1329,45,576,109.12594,12.492561,4,0,1,Khánh Hòa
1330,45,577,107.960114,13.939806,1,80,1,Đà Nẵng
1331,45,577,108.889628,16.208512,1,80,1,Đà Nẵng
1332,45,578,108.311892,16.767178,4,0,1,Đà Nẵng
1333,45,578,108.312007,16.767392,4,0,1,Đà Nẵng
1334,45,579,107.926787,15.120866,1,60,1,Quảng Bình
1335,45,579,106.922843,18.215653,1,60,1,Quảng Bình
1336,45,580,106.853551,18.490285,1,80,1,Hà Tĩnh
1337,45,580,106.362715,18.718324,1,80,1,Hà Tĩnh
1338,45,581,105.264103,20.080402,1,60,1,Hòa Bình
1339,45,581,105.262329,20.257451,1,60,1,Hòa Bình
1340,45,582,105.627975,20.483521,4,0,1,Hòa Bình
1341,45,582,105.243602,20.822302,4,0,1,Hòa Bình
1342,46,583,106.178725,9.433674,4,0,1,Sóc Trăng
1343,46,583,106.213149,9.455873,4,0,1,Sóc Trăng
1344,46,584,106.237909,9.862285,1,60,1,Trà Vinh
1345,46,584,106.538991,9.932326,1,60,1,Trà Vinh
1346,46,585,106.765508,10.034942,10,0,1,Kiên Giang
1347,46,585,105.31648,10.03795,10,0,1,Kiên Giang
1348,46,586,106.546255,10.062493,2,0,1,Trà Vinh
1349,46,586,106.255454,10.09863,2,0,1,Trà Vinh
1350,46,587,106.232605,10.618306,4,0,1,An Giang
1351,46,587,105.39835,10.68086,4,0,1,An Giang
1352,46,588,106.070402,10.574343,4,0,1,Đồng Tháp
1353,46,588,105.691665,10.583559,4,0,1,Đồng Tháp
1354,46,589,105.779098,10.774006,1,50,1,Đồng Tháp
1355,46,589,105.780953,10.776815,1,50,1,Đồng Tháp
1356,46,590,107.27576,10.851425,1,60,1,Tây Ninh
1357,46,590,105.849309,10.905192,1,60,1,Tây Ninh
1358,46,591,107.970117,10.931451,4,0,1,Bình Thuận
1359,46,591,108.113557,11.077134,4,0,1,Bình Thuận
1360,46,592,108.192526,11.09311,1,90,1,Bình Thuận
1361,46,592,108.134319,11.094829,1,90,1,Bình Thuận
1362,46,593,105.139526,11.234593,2,0,1,An Giang
1363,46,593,105.175722,11.30217,2,0,1,An Giang
1364,46,594,105.897597,11.632023,11,0,1,Khánh Hòa
1365,46,594,109.209804,12.21398,11,0,1,Khánh Hòa
1366,46,595,108.044544,12.579418,4,0,1,Bình Định
1367,46,595,109.220501,13.783938,4,0,1,Bình Định
1368,46,596,108.829874,13.967469,1,60,1,Bình Định
1369,46,596,109.037694,14.217579,1,60,1,Bình Định
1370,46,597,108.584853,16.431394,1,50,1,Thừa Thiên Huế
1371,46,597,107.797587,16.444419,1,50,1,Thừa Thiên Huế
1372,46,598,108.292507,16.741269,4,0,1,Đà Nẵng
1373,46,598,108.369515,16.891238,4,0,1,Đà Nẵng
1374,46,598,108.237446,15.0833,4,0,1,Đà Nẵng
1375,46,599,105.011432,20.544119,1,80,1,Hưng Yên
1376,46,599,106.04641,20.712498,1,80,1,Hưng Yên
1377,46,600,107.130014,20.948913,4,0,1,Hà Nội
1378,46,600,106.880196,21.008067,4,0,1,Hà Nội
1379,46,600,105.647982,21.008283,4,0,1,Hà Nội
1380,46,600,106.921634,21.015823,4,0,1,Hà Nội
1381,46,601,106.174113,21.202321,2,0,1,Hải Phòng
1382,46,601,106.605224,21.211109,2,0,1,Hải Phòng
1383,46,602,104.074656,22.007788,1,80,1,Lao Cai
1384,46,602,104.059222,22.665591,1,80,1,Lao Cai
1385,47,603,106.071932,9.823858,4,0,1,Sóc Trăng
1386,47,603,106.087141,9.837737,4,0,1,Sóc Trăng
1387,47,603,105.2266,9.874787,4,0,1,Sóc Trăng
1388,47,604,106.567619,10.285439,11,0,1,Bến Tre
1389,47,604,106.567571,10.285651,11,0,1,Bến Tre
1390,47,605,104.528119,10.611208,2,0,1,An Giang
1391,47,605,105.353046,10.674649,2,0,1,An Giang
1392,47,606,105.433678,10.798003,1,80,1,Đồng Tháp
1393,47,606,105.434012,10.798344,1,80,1,Đồng Tháp
1394,47,607,105.830854,10.968388,4,0,1,An Giang
1395,47,607,105.341407,11.093996,4,0,1,An Giang
1396,47,608,107.83803,11.671404,4,0,1,Ninh Thuận
1397,47,608,108.96007,11.69408,4,0,1,Ninh Thuận
1398,47,608,108.963575,11.584332,4,0,1,Ninh Thuận
1399,47,608,108.905857,11.839602,4,0,1,Ninh Thuận
1400,47,609,107.492073,11.97253,4,0,1,Lâm Đồng
1401,47,609,108.549214,12.142135,4,0,1,Lâm Đồng
1402,47,610,108.971357,12.414215,4,0,1,Khánh Hòa
1403,47,610,108.986507,12.427246,4,0,1,Khánh Hòa
1404,47,610,109.043327,12.471557,4,0,1,Khánh Hòa
1405,47,611,105.068746,21.177929,4,0,1,Phú Thọ
1406,47,611,105.069157,21.178289,4,0,1,Phú Thọ
1407,48,612,105.06862,9.872226,1,60,1,Trà Vinh
1408,48,612,106.503586,9.900539,1,60,1,Trà Vinh
1409,48,613,105.189142,10.084093,2,0,1,Bến Tre
1410,48,613,106.402456,10.21077,2,0,1,Bến Tre
1411,48,614,105.771569,10.756969,1,50,1,Long An
1412,48,614,106.235329,10.780329,1,50,1,Long An
1413,48,615,108.244032,11.201548,4,0,1,An Giang
1414,48,615,108.267445,11.213573,4,0,1,An Giang
1415,48,615,108.259705,11.224427,4,0,1,An Giang
1416,48,615,105.796341,11.290151,4,0,1,An Giang
1417,48,615,105.133945,11.389119,4,0,1,An Giang
1418,48,615,108.928294,11.624517,4,0,1,An Giang
1419,48,615,108.928648,11.624847,4,0,1,An Giang
1420,48,615,108.932275,11.628196,4,0,1,An Giang
1421,48,616,108.913802,11.545116,4,0,1,Ninh Thuận
1422,48,616,108.927919,11.568496,4,0,1,Ninh Thuận
1423,48,616,107.549182,11.758996,4,0,1,Ninh Thuận
1424,48,617,109.029765,12.469413,4,0,1,Đắk Lắk
1425,48,617,108.046008,12.579769,4,0,1,Đắk Lắk
1426,48,618,109.321723,12.79777,2,0,1,Gia Lai
1427,48,618,107.764476,13.571609,2,0,1,Gia Lai
1428,48,619,107.809674,13.580726,1,50,1,Gia Lai
1429,48,619,107.849938,13.727081,1,50,1,Gia Lai
1430,48,620,107.83147,13.965559,2,0,1,Gia Lai
1431,48,620,107.887688,14.136035,2,0,1,Gia Lai
1432,48,620,107.912617,14.211036,2,0,1,Gia Lai
1433,48,621,108.293531,16.742154,4,0,1,Thừa Thiên Huế
1434,48,621,107.83545,16.748855,4,0,1,Thừa Thiên Huế
1435,48,621,108.283238,16.840756,4,0,1,Thừa Thiên Huế
1436,48,622,107.705065,15.38313,4,0,1,Quảng Nam
1437,48,622,107.677779,15.493062,4,0,1,Quảng Nam
1438,48,622,107.305362,15.535742,4,0,1,Quảng Nam
1439,48,623,106.906252,20.420199,1,60,1,Hải Phòng
1440,48,623,106.885131,20.65997,1,60,1,Hải Phòng
1441,48,624,105.683322,20.761982,2,0,1,Hải Phòng
1442,48,624,106.994694,20.75967,2,0,1,Hải Phòng
1443,48,625,106.57367,21.297064,1,50,1,Phú Thọ
1444,48,625,105.263831,21.313112,1,50,1,Phú Thọ
1445,48,626,106.799123,21.899768,1,80,1,Lao Cai
1446,48,626,104.35887,22.184831,1,80,1,Lao Cai
1447,48,626,104.059076,22.419397,1,80,1,Lao Cai
1448,48,627,103.821392,22.68015,1,60,1,Lao Cai
1449,48,627,104.095426,22.535431,1,60,1,Lao Cai
1450,49,628,106.029705,9.046518,4,0,1,Sóc Trăng
1451,49,628,106.253669,9.24947,4,0,1,Sóc Trăng
1452,49,629,106.614831,9.826205,1,60,1,Trà Vinh
1453,49,629,106.642616,9.849104,1,60,1,Trà Vinh
1454,49,630,106.650921,9.856052,4,0,1,Trà Vinh
1455,49,630,106.69787,9.879798,4,0,1,Trà Vinh
1456,49,631,106.160413,9.893637,2,0,1,Trà Vinh
1457,49,631,106.527109,9.9212,2,0,1,Trà Vinh
1458,49,632,106.651185,10.147772,2,0,1,Bến Tre
1459,49,632,106.401666,10.214098,2,0,1,Bến Tre
1460,49,633,107.582969,10.564341,2,0,1,Vinh Long
1461,49,633,106.059417,10.57344,2,0,1,Vinh Long
1462,49,634,106.209128,10.771525,4,0,1,Đồng Nai
1463,49,634,106.210004,10.772398,4,0,1,Đồng Nai
1464,49,634,107.061238,10.803517,4,0,1,Đồng Nai
1465,49,634,105.512874,10.840383,4,0,1,Đồng Nai
1466,49,634,107.130169,10.880257,4,0,1,Đồng Nai
1467,49,635,108.12599,10.956045,2,0,1,Đồng Nai
1468,49,635,107.155994,11.006589,2,0,1,Đồng Nai
1469,49,636,108.230487,11.18956,4,0,1,Đồng Nai
1470,49,636,107.480719,11.280736,4,0,1,Đồng Nai
1471,49,637,108.74957,11.391649,4,0,1,Ninh Thuận
1472,49,637,108.758115,11.408581,4,0,1,Ninh Thuận
1473,49,638,108.976903,11.862719,4,0,1,Lâm Đồng
1474,49,638,107.372646,11.912305,4,0,1,Lâm Đồng
1475,49,638,108.362318,11.92953,4,0,1,Lâm Đồng
1476,49,638,109.18457,12.260336,4,0,1,Lâm Đồng
1477,49,639,108.065738,13.980542,4,0,1,Bình Định
1478,49,639,108.789733,13.985106,4,0,1,Bình Định
1479,49,640,108.08801,13.987287,1,80,1,Bình Định
1480,49,640,109.009656,14.435992,1,80,1,Bình Định
1481,49,641,106.641882,18.60243,4,0,1,Thanh Hóa
1482,49,641,106.51701,19.174975,4,0,1,Thanh Hóa
1483,49,642,106.884562,20.658544,4,0,1,Hòa Bình
1484,49,642,105.433526,20.566467,4,0,1,Hòa Bình
1485,49,642,105.434926,20.565603,4,0,1,Hòa Bình
1486,49,642,105.436787,20.567252,4,0,1,Hòa Bình
1487,49,643,104.081439,22.031923,1,80,1,Yên Bái
1488,49,643,104.167358,22.05607,1,80,1,Yên Bái
1489,49,643,104.576927,22.093163,1,80,1,Yên Bái
1490,49,643,104.379838,22.192322,1,80,1,Yên Bái
1491,50,644,104.006717,10.15015,4,0,1,Bà Rịa - Vũng Tàu
1492,50,644,106.902884,10.329017,4,0,1,Bà Rịa - Vũng Tàu
1493,50,645,105.021643,10.40976,4,0,1,Đồng Tháp
1494,50,645,105.402777,10.637043,4,0,1,Đồng Tháp
1495,50,646,105.766035,10.760134,1,50,1,Đồng Tháp
1496,50,646,105.703039,10.758298,1,50,1,Đồng Tháp
1497,50,647,106.475864,10.815992,1,80,1,Đồng Tháp
1498,50,647,105.79477,10.852067,1,80,1,Đồng Tháp
1499,50,647,105.727129,10.855791,1,80,1,Đồng Tháp
1500,50,648,105.531952,10.901713,1,50,1,Đồng Tháp
1501,50,648,105.537737,10.90496,1,50,1,Đồng Tháp
1502,50,649,105.494142,10.972598,4,0,1,Tây Ninh
1503,50,649,105.978456,10.994192,4,0,1,Tây Ninh
1504,50,649,108.010357,11.004915,4,0,1,Tây Ninh
1505,50,650,108.457952,11.962951,4,0,1,Đắk Lắk
1506,50,650,109.000838,12.437368,4,0,1,Đắk Lắk
1507,50,650,107.875726,12.642467,4,0,1,Đắk Lắk
1508,50,650,109.362079,12.809833,4,0,1,Đắk Lắk
1509,50,651,108.169228,14.469176,1,50,1,Đà Nẵng
1510,50,651,108.833753,16.127793,1,50,1,Đà Nẵng
1511,50,652,108.389969,16.734231,1,50,1,Thừa Thiên Huế
1512,50,652,108.052405,16.875106,1,50,1,Thừa Thiên Huế
1513,50,653,106.702273,18.542982,4,0,1,Thanh Hóa
1514,50,653,106.382023,19.321255,4,0,1,Thanh Hóa
1515,50,653,106.988873,20.030591,4,0,1,Thanh Hóa
1516,50,654,106.680581,20.90125,2,0,1,Hòa Bình
1517,50,654,105.559103,20.941874,2,0,1,Hòa Bình
1518,50,655,106.945476,21.110535,4,0,1,Bắc Giang
1519,50,655,106.514407,21.231749,4,0,1,Bắc Giang
1520,50,656,106.401203,21.414236,2,0,1,Bắc Giang
1521,50,656,106.218821,21.594058,2,0,1,Bắc Giang
1522,50,656,105.756732,21.856283,2,0,1,Bắc Giang
1523,51,657,106.896521,9.624844,4,0,1,Trà Vinh
1524,51,657,106.910075,9.632793,4,0,1,Trà Vinh
1525,51,658,106.572503,9.899616,4,0,1,Trà Vinh
1526,51,658,106.580926,9.903983,4,0,1,Trà Vinh
1527,51,658,106.592789,9.910322,4,0,1,Trà Vinh
1528,51,659,106.950519,10.375382,4,0,1,An Giang
1529,51,659,105.064155,10.405666,4,0,1,An Giang
1530,51,660,105.069166,10.409266,4,0,1,Tiền Giang
1531,51,660,106.491306,10.409434,4,0,1,Tiền Giang
1532,51,661,105.404952,10.638246,11,0,1,Đồng Tháp
1533,51,661,105.407772,10.639797,11,0,1,Đồng Tháp
1534,51,662,105.637549,10.542083,1,50,1,Đồng Tháp
1535,51,662,105.530324,10.731852,1,50,1,Đồng Tháp
1536,51,663,105.532322,10.862596,4,0,1,Đồng Tháp
1537,51,663,105.537527,10.866659,4,0,1,Đồng Tháp
1538,51,664,107.129112,10.941401,1,50,1,Tây Ninh
1539,51,664,105.979999,10.996021,1,50,1,Tây Ninh
1540,51,665,105.674005,11.250895,2,0,1,Tây Ninh
1541,51,665,105.775574,11.270428,2,0,1,Tây Ninh
1542,51,666,109.013054,11.543943,4,0,1,Lâm Đồng
1543,51,666,108.342374,11.58886,4,0,1,Lâm Đồng
1544,51,667,107.066334,11.907072,1,80,1,Bình Phước
1545,51,667,107.096053,11.940322,1,80,1,Bình Phước
1546,51,668,106.493124,18.931832,1,80,1,Thanh Hóa
1547,51,668,106.680588,19.469801,1,80,1,Thanh Hóa
1548,51,669,105.699961,20.753582,1,60,1,Hải Phòng
1549,51,669,106.541128,20.835775,1,60,1,Hải Phòng
1550,51,670,106.969913,21.118074,11,0,1,Phú Thọ
1551,51,670,105.074816,21.189575,11,0,1,Phú Thọ
1552,51,671,104.881134,21.706758,4,0,1,Hà Giang
1553,51,671,104.956494,22.530968,4,0,1,Hà Giang
1554,52,672,106.180439,9.194393,4,0,1,Sóc Trăng
1555,52,672,106.185958,9.19781,4,0,1,Sóc Trăng
1556,52,673,106.538602,9.834185,1,50,1,Trà Vinh
1557,52,673,106.573759,9.900151,1,50,1,Trà Vinh
1558,52,674,106.975002,10.384772,4,0,1,Vinh Long
1559,52,674,105.968948,10.403748,4,0,1,Vinh Long
1560,52,675,107.054432,10.572113,1,60,1,Đồng Tháp
1561,52,675,105.787352,10.580377,1,60,1,Đồng Tháp
1562,52,676,105.714419,10.850407,4,0,1,Đồng Tháp
1563,52,676,106.402199,10.850502,4,0,1,Đồng Tháp
1564,52,676,105.71975,10.852986,4,0,1,Đồng Tháp
1565,52,676,105.733026,10.859832,4,0,1,Đồng Tháp
1566,52,676,105.919449,10.904849,4,0,1,Đồng Tháp
1567,52,677,107.952544,10.906151,1,90,1,Tây Ninh
1568,52,677,105.921464,10.906903,1,90,1,Tây Ninh
1569,52,678,108.673215,11.189796,4,0,1,Bình Thuận
1570,52,678,108.536922,11.260713,4,0,1,Bình Thuận
1571,52,678,107.431323,11.257245,4,0,1,Bình Thuận
1572,52,679,109.222603,13.023893,4,0,1,Phú Yên
1573,52,679,109.235307,13.035041,4,0,1,Phú Yên
1574,52,680,107.774327,13.82591,1,80,1,Gia Lai
1575,52,680,108.160742,13.986739,1,80,1,Gia Lai
1576,52,681,107.977675,14.340175,2,0,1,Quảng Ngãi
1577,52,681,108.708107,14.76284,2,0,1,Quảng Ngãi
1578,52,682,108.354402,16.652821,1,60,1,Đà Nẵng
1579,52,682,108.318125,16.752084,1,60,1,Đà Nẵng
1580,52,683,108.033449,16.853093,1,50,1,Quảng Nam
1581,52,683,107.933216,15.123107,1,50,1,Quảng Nam
1582,52,684,105.056138,19.993051,4,0,1,Nghệ An
1583,52,684,105.087472,20.091873,4,0,1,Nghệ An
1584,52,685,106.722956,21.237279,11,0,1,Hải Phòng
1585,52,685,106.723284,21.237416,11,0,1,Hải Phòng
1586,52,685,106.72346,21.237497,11,0,1,Hải Phòng
1587,52,686,105.186755,21.274836,4,0,1,Phú Thọ
1588,52,686,105.184933,21.367433,4,0,1,Phú Thọ
1589,53,687,106.551094,9.208996,1,60,1,Trà Vinh
1590,53,687,106.736757,9.230057,1,60,1,Trà Vinh
1591,53,688,105.51107,10.721892,11,0,1,Đồng Tháp
1592,53,688,105.519999,10.725301,11,0,1,Đồng Tháp
1593,53,689,105.768893,10.854875,4,0,1,Đồng Tháp
1594,53,689,105.724568,10.856436,4,0,1,Đồng Tháp
1595,53,689,105.725346,10.855271,4,0,1,Đồng Tháp
1596,53,690,105.732874,10.859748,1,80,1,Bình Thuận
1597,53,690,107.976078,10.911499,1,80,1,Bình Thuận
1598,53,691,107.989423,10.918552,1,50,1,Bình Thuận
1599,53,691,107.989684,10.918741,1,50,1,Bình Thuận
1600,53,692,107.833252,11.532949,4,0,1,Ninh Thuận
1601,53,692,109.02108,11.704987,4,0,1,Ninh Thuận
1602,53,692,108.876703,11.823712,4,0,1,Ninh Thuận
1603,53,693,107.577022,12.036476,1,50,1,Khánh Hòa
1604,53,693,109.053906,12.191936,1,50,1,Khánh Hòa
1605,53,694,108.776548,12.222241,1,80,1,Gia Lai
1606,53,694,107.551536,12.450537,1,80,1,Gia Lai
1607,53,694,107.546325,13.799224,1,80,1,Gia Lai
1608,53,694,109.023207,14.427932,1,80,1,Gia Lai
1609,53,695,109.050522,14.622558,1,50,1,Đà Nẵng
1610,53,695,108.129019,16.260736,1,50,1,Đà Nẵng
1611,53,696,108.157146,15.065498,11,0,1,Quảng Nam
1612,53,696,108.136757,15.098722,11,0,1,Quảng Nam
1613,53,697,107.097521,15.812389,11,0,1,Thừa Thiên Huế
1614,53,697,107.098001,15.812665,11,0,1,Thừa Thiên Huế
1615,53,698,106.831313,18.38787,2,0,1,Hà Tĩnh
1616,53,698,106.430812,18.609602,2,0,1,Hà Tĩnh
1617,53,699,104.964504,19.027615,1,50,1,Thanh Hóa
1618,53,699,106.506062,19.500865,1,50,1,Thanh Hóa
1619,53,700,106.933912,19.963309,4,0,1,Nghệ An
1620,53,700,105.176979,20.060725,4,0,1,Nghệ An
1621,53,700,105.087062,20.071001,4,0,1,Nghệ An
1622,53,700,105.084997,20.090679,4,0,1,Nghệ An
1623,53,701,105.349134,20.251514,1,80,1,Hòa Bình
1624,53,701,105.159708,20.30031,1,80,1,Hòa Bình
1625,53,702,105.32705,20.765755,1,80,1,Hòa Bình
1626,53,702,105.314691,20.872036,1,80,1,Hòa Bình
1627,53,703,106.602288,21.073435,1,60,1,Quảng Ninh
1628,53,703,107.488344,21.110726,1,60,1,Quảng Ninh
1629,54,704,106.133417,9.95113,4,0,1,Hậu Giang
1630,54,704,105.51264,9.983138,4,0,1,Hậu Giang
1631,54,705,107.366525,10.619471,1,80,1,Bà Rịa - Vũng Tàu
1632,54,705,107.444942,10.66005,1,80,1,Bà Rịa - Vũng Tàu
1633,54,706,107.015074,10.71677,1,80,1,Đồng Tháp
1634,54,706,105.511786,10.722238,1,80,1,Đồng Tháp
1635,54,706,105.520474,10.725626,1,80,1,Đồng Tháp
1636,54,707,105.524592,10.849021,4,0,1,TP. Hồ Chí Minh
1637,54,707,105.528316,10.86059,4,0,1,TP. Hồ Chí Minh
1638,54,707,106.399043,10.869268,4,0,1,TP. Hồ Chí Minh
1639,54,707,105.725273,10.855351,4,0,1,TP. Hồ Chí Minh
1640,54,708,108.64233,12.096636,2,0,1,Khánh Hòa
1641,54,708,109.138006,12.28382,2,0,1,Khánh Hòa
1642,54,709,108.00166,12.53121,1,50,1,Đắk Lắk
1643,54,709,108.360998,12.721622,1,50,1,Đắk Lắk
1644,54,710,107.573026,14.703057,1,80,1,Thừa Thiên Huế
1645,54,710,107.763883,16.397088,1,80,1,Thừa Thiên Huế
1646,54,711,106.705934,18.629868,4,0,1,Hà Tĩnh
1647,54,711,106.701653,18.542667,4,0,1,Hà Tĩnh
1648,54,711,106.701688,18.542522,4,0,1,Hà Tĩnh
1649,54,712,104.966807,19.028119,1,60,1,Thanh Hóa
1650,54,712,106.76357,19.26599,1,60,1,Thanh Hóa
1651,54,713,107.371493,21.037136,4,0,1,Phú Thọ
1652,54,713,105.228473,21.052528,4,0,1,Phú Thọ
1653,54,713,105.093197,21.074637,4,0,1,Phú Thọ
1654,54,713,107.427121,21.075053,4,0,1,Phú Thọ
1655,54,714,106.880909,22.251105,2,0,1,Cao Bằng
1656,54,714,106.205576,22.460333,2,0,1,Cao Bằng
1657,55,715,106.488739,9.244793,4,0,1,Kiên Giang
1658,55,715,105.26595,9.892977,4,0,1,Kiên Giang
1659,55,715,105.256956,9.895437,4,0,1,Kiên Giang
1660,55,716,105.252148,10.353293,1,80,1,Tiền Giang
1661,55,716,106.453175,10.39506,1,80,1,Tiền Giang
1662,55,716,106.632465,10.408221,1,80,1,Tiền Giang
1663,55,717,107.637862,10.668638,2,0,1,Bà Rịa - Vũng Tàu
1664,55,717,104.993125,10.516924,2,0,1,Bà Rịa - Vũng Tàu
1665,55,717,107.270975,10.595857,2,0,1,Bà Rịa - Vũng Tàu
1666,55,717,105.946407,10.751288,2,0,1,Bà Rịa - Vũng Tàu
1667,55,718,108.301296,10.960913,1,60,1,Đồng Nai
1668,55,718,107.361427,10.952791,1,60,1,Đồng Nai
1669,55,719,105.913287,11.414753,1,60,1,Tây Ninh
1670,55,719,105.903604,11.45697,1,60,1,Tây Ninh
1671,55,720,109.187743,12.083852,4,0,1,Khánh Hòa
1672,55,720,109.106842,12.250644,4,0,1,Khánh Hòa
1673,55,721,107.99298,13.973785,11,0,1,Đà Nẵng
1674,55,721,108.815133,16.115206,11,0,1,Đà Nẵng
1675,55,721,108.40396,16.617573,11,0,1,Đà Nẵng
1676,55,722,108.088747,15.074572,2,0,1,Quảng Trị
1677,55,722,105.880609,15.584138,2,0,1,Quảng Trị
1678,55,723,106.570382,18.490256,1,50,1,Hà Tĩnh
1679,55,723,106.773946,18.54118,1,50,1,Hà Tĩnh
1680,55,724,106.894976,20.172171,4,0,1,Thái Bình
1681,55,724,106.763383,20.324268,4,0,1,Thái Bình
1682,55,725,105.624867,20.647472,4,0,1,Hòa Bình
1683,55,725,105.034342,20.651029,4,0,1,Hòa Bình
1684,55,725,105.205656,20.697013,4,0,1,Hòa Bình
1685,55,726,105.580502,20.920762,1,60,1,Hòa Bình
1686,55,726,105.582706,20.921551,1,60,1,Hòa Bình
1687,55,726,105.595653,20.928761,1,60,1,Hòa Bình
1688,55,727,105.408285,21.319543,4,0,1,Quảng Ninh
1689,55,727,106.979032,21.366162,4,0,1,Quảng Ninh
1690,56,728,106.737832,9.42517,4,0,1,Kiên Giang
1691,56,728,105.073247,9.905344,4,0,1,Kiên Giang
1692,56,728,105.348738,10.242906,4,0,1,Kiên Giang
1693,56,728,106.748724,10.281474,4,0,1,Kiên Giang
1694,56,729,107.259312,10.489712,4,0,1,TP. Hồ Chí Minh
1695,56,729,106.911434,10.66259,4,0,1,TP. Hồ Chí Minh
1696,56,730,105.642869,10.576748,4,0,1,Đồng Tháp
1697,56,730,105.580982,10.814821,4,0,1,Đồng Tháp
1698,56,730,107.369248,10.882336,4,0,1,Đồng Tháp
1699,56,731,107.401275,10.914455,4,0,1,An Giang
1700,56,731,105.424189,11.003809,4,0,1,An Giang
1701,56,732,105.121876,11.340652,4,0,1,Đắk Nông
1702,56,732,105.136373,11.345812,4,0,1,Đắk Nông
1703,56,732,105.157633,11.351723,4,0,1,Đắk Nông
1704,56,732,107.369708,11.684333,4,0,1,Đắk Nông
1705,56,732,108.090973,11.500287,4,0,1,Đắk Nông
1706,56,732,108.16466,11.928042,4,0,1,Đắk Nông
1707,56,733,107.994933,14.033308,1,50,1,Đà Nẵng
1708,56,733,108.838357,16.130224,1,50,1,Đà Nẵng
1709,56,734,108.174575,16.924534,4,0,1,Quảng Trị
1710,56,734,105.731536,15.526194,4,0,1,Quảng Trị
1711,56,735,107.178565,15.811794,1,80,1,Thừa Thiên Huế
1712,56,735,107.056776,15.837216,1,80,1,Thừa Thiên Huế
1713,56,736,105.099415,20.09727,4,0,1,Thanh Hóa
1714,56,736,105.106252,20.099951,4,0,1,Thanh Hóa
1715,56,736,105.114101,20.10382,4,0,1,Thanh Hóa
1716,56,737,105.65421,20.372176,1,50,1,Hòa Bình
1717,56,737,105.200244,20.694278,1,50,1,Hòa Bình
1718,56,738,106.898175,20.539831,4,0,1,Hòa Bình
1719,56,738,105.097854,20.590243,4,0,1,Hòa Bình
1720,56,739,105.725889,20.776334,4,0,1,Hà Nội
1721,56,739,105.644617,20.819013,4,0,1,Hà Nội
1722,56,740,105.196348,21.065665,2,0,1,Sơn La
1723,56,740,103.853668,21.056878,2,0,1,Sơn La
1724,56,741,105.419454,21.131252,4,0,1,Phú Thọ
1725,56,741,105.129387,21.249063,4,0,1,Phú Thọ
1726,56,742,104.523443,21.913684,2,0,1,Lao Cai
1727,56,742,104.187748,22.484404,2,0,1,Lao Cai
1728,57,743,106.107287,8.966665,1,60,1,Sóc Trăng
1729,57,743,106.542807,9.20118,1,60,1,Sóc Trăng
1730,57,744,107.290898,10.499263,4,0,1,Bà Rịa - Vũng Tàu
1731,57,744,107.641867,10.650252,4,0,1,Bà Rịa - Vũng Tàu
1732,57,745,107.236764,10.866846,4,0,1,Đồng Nai
1733,57,745,107.248972,10.85146,4,0,1,Đồng Nai
1734,57,745,105.828275,10.965696,4,0,1,Đồng Nai
1735,57,746,105.511073,11.886687,4,0,1,Khánh Hòa
1736,57,746,109.135944,11.914015,4,0,1,Khánh Hòa
1737,57,746,108.489685,11.945153,4,0,1,Khánh Hòa
1738,57,747,108.718289,14.829327,4,0,1,Đà Nẵng
1739,57,747,108.358764,16.723361,4,0,1,Đà Nẵng
1740,57,747,107.665839,15.373334,4,0,1,Đà Nẵng
1741,57,748,105.158412,18.001939,1,80,1,Hà Tĩnh
1742,57,748,105.396318,18.079222,1,80,1,Hà Tĩnh
1743,57,749,106.683875,19.533059,4,0,1,Thái Bình
1744,57,749,106.80026,19.806615,4,0,1,Thái Bình
1745,57,749,106.750351,19.807789,4,0,1,Thái Bình
1746,57,749,105.181273,20.062886,4,0,1,Thái Bình
1747,57,750,105.09416,20.588638,4,0,1,Hòa Bình
1748,57,750,105.165838,20.715295,4,0,1,Hòa Bình
1749,57,751,104.960857,20.728178,1,60,1,Hải Dương
1750,57,751,106.336559,20.859157,1,60,1,Hải Dương
1751,57,752,105.721971,21.028369,2,0,1,Hải Phòng
1752,57,752,106.699727,21.030265,2,0,1,Hải Phòng
1753,57,753,106.675337,21.043518,1,80,1,Quảng Ninh
1754,57,753,107.185336,21.062498,1,80,1,Quảng Ninh
1755,57,754,105.712735,21.391706,2,0,1,Bắc Giang
1756,57,754,106.12053,21.419278,2,0,1,Bắc Giang
1757,57,755,107.979372,21.621284,1,60,1,Quảng Ninh
1758,57,755,107.979518,21.621378,1,60,1,Quảng Ninh
1759,57,756,105.234183,21.626779,2,0,1,Yên Bái
1760,57,756,104.581241,21.879684,2,0,1,Yên Bái
1761,58,757,106.840716,10.074822,4,0,1,Kiên Giang
1762,58,757,106.841705,10.07621,4,0,1,Kiên Giang
1763,58,757,105.286597,10.2015,4,0,1,Kiên Giang
1764,58,757,105.580366,10.207694,4,0,1,Kiên Giang
1765,58,758,105.071041,10.515267,4,0,1,An Giang
1766,58,758,105.087746,10.522815,4,0,1,An Giang
1767,58,759,105.663247,10.580453,1,50,1,Đồng Tháp
1768,58,759,105.983459,10.738116,1,50,1,Đồng Tháp
1769,58,760,105.974965,10.875221,1,80,1,An Giang
1770,58,760,105.276697,11.158848,1,80,1,An Giang
1771,58,761,107.390148,11.359609,1,60,1,Tây Ninh
1772,58,761,105.626265,11.467951,1,60,1,Tây Ninh
1773,58,762,108.431509,11.884466,1,60,1,Khánh Hòa
1774,58,762,109.134096,11.91286,1,60,1,Khánh Hòa
1775,58,763,108.764714,16.357779,1,60,1,Đà Nẵng
1776,58,763,108.371571,16.724669,1,60,1,Đà Nẵng
1777,58,764,105.179261,20.062021,4,0,1,Nghệ An
1778,58,764,105.090332,20.093349,4,0,1,Nghệ An
1779,58,765,105.10595,20.124625,1,60,1,Thái Bình
1780,58,765,106.843204,20.263398,1,60,1,Thái Bình
1781,58,766,105.700712,20.930535,1,60,1,Hà Nội
1782,58,766,105.709844,20.934373,1,60,1,Hà Nội
1783,58,766,105.726348,20.940618,1,60,1,Hà Nội
1784,58,766,105.73202,20.943197,1,60,1,Hà Nội
1785,58,767,107.187054,21.063458,4,0,1,Quảng Ninh
1786,58,767,107.201854,21.066864,4,0,1,Quảng Ninh
1787,58,768,105.351412,21.244758,1,60,1,Bắc Giang
1788,58,768,106.500666,21.289387,1,60,1,Bắc Giang
1789,58,769,106.234613,21.446232,1,60,1,Bắc Giang
1790,58,769,106.235037,21.446868,1,60,1,Bắc Giang
1791,58,770,107.57421,21.451059,4,0,1,Quảng Ninh
1792,58,770,107.971306,21.612398,4,0,1,Quảng Ninh
1793,59,771,106.815177,9.345992,4,0,1,Trà Vinh
1794,59,771,106.754771,9.437864,4,0,1,Trà Vinh
1795,59,772,106.393031,10.357515,4,0,1,Bà Rịa - Vũng Tàu
1796,59,772,107.164175,10.421311,4,0,1,Bà Rịa - Vũng Tàu
1797,59,773,105.143303,10.544686,2,0,1,Bà Rịa - Vũng Tàu
1798,59,773,107.23405,10.598476,2,0,1,Bà Rịa - Vũng Tàu
1799,59,774,107.91873,10.895532,4,0,1,Đồng Nai
1800,59,774,107.392579,10.897324,4,0,1,Đồng Nai
1801,59,774,105.834225,10.899687,4,0,1,Đồng Nai
1802,59,775,107.321267,11.173296,4,0,1,Đồng Nai
1803,59,775,107.569828,11.411093,4,0,1,Đồng Nai
1804,59,776,108.507899,11.846542,4,0,1,Tây Ninh
1805,59,776,105.79474,11.961535,4,0,1,Tây Ninh
1806,59,777,109.143317,13.013674,4,0,1,Gia Lai
1807,59,777,107.763443,13.820441,4,0,1,Gia Lai
1808,59,778,108.18732,15.011801,10,0,1,Quảng Nam
1809,59,778,108.208832,15.019038,10,0,1,Quảng Nam
1810,59,779,105.253549,20.085924,1,60,1,Thái Bình
1811,59,779,106.985228,20.17156,1,60,1,Thái Bình
1812,59,780,105.217158,20.501341,1,50,1,Hòa Bình
1813,59,780,105.461557,20.556707,1,50,1,Hòa Bình
1814,59,781,105.428671,20.771351,1,50,1,Hòa Bình
1815,59,781,105.028983,20.82545,1,50,1,Hòa Bình
1816,59,782,107.222947,20.988922,1,80,1,Quảng Ninh
1817,59,782,107.223,20.988942,1,80,1,Quảng Ninh
1818,60,783,106.851667,9.576288,2,0,1,Trà Vinh
1819,60,783,106.883917,9.594058,2,0,1,Trà Vinh
1820,60,784,106.311885,9.904437,4,0,1,Bến Tre
1821,60,784,106.830415,10.049017,4,0,1,Bến Tre
1822,60,785,106.479891,10.295183,1,50,1,Bến Tre
1823,60,785,106.471531,10.306778,1,50,1,Bến Tre
1824,60,786,105.670475,10.556289,4,0,1,Đồng Tháp
1825,60,786,105.688851,10.581144,4,0,1,Đồng Tháp
1826,60,787,105.87365,10.924792,1,60,1,An Giang
1827,60,787,105.401809,11.064378,1,60,1,An Giang
1828,60,788,107.517554,12.188093,1,50,1,Khánh Hòa
1829,60,788,109.110141,12.259771,1,50,1,Khánh Hòa
1830,60,789,108.244217,12.962627,4,0,1,Phú Yên
1831,60,789,108.91759,12.993382,4,0,1,Phú Yên
1832,60,790,109.308773,13.038476,1,60,1,Phú Yên
1833,60,790,109.21677,13.297449,1,60,1,Phú Yên
1834,60,791,108.27374,16.717505,1,80,1,Quảng Nam
1835,60,791,108.043888,15.252144,1,80,1,Quảng Nam
1836,60,792,106.860904,17.878929,1,80,1,Hà Tĩnh
1837,60,792,106.665602,18.5625,1,80,1,Hà Tĩnh
1838,60,792,106.364073,18.928394,1,80,1,Hà Tĩnh
1839,60,793,106.399609,19.514268,1,50,1,Thanh Hóa
1840,60,793,106.417432,19.563801,1,50,1,Thanh Hóa
1841,60,793,106.82473,19.821596,1,50,1,Thanh Hóa
1842,60,794,105.202082,20.059282,1,50,1,Thái Bình
1843,60,794,106.962861,20.179043,1,50,1,Thái Bình
1844,60,795,105.486964,20.399583,4,0,1,Hòa Bình
1845,60,795,105.495244,20.421573,4,0,1,Hòa Bình
1846,60,796,105.198436,20.760963,2,0,1,Hải Phòng
1847,60,796,106.919869,20.772738,2,0,1,Hải Phòng
1848,60,797,106.613694,21.208757,4,0,1,Phú Thọ
1849,60,797,105.213894,21.279596,4,0,1,Phú Thọ
1850,60,798,107.640863,21.34406,4,0,1,Quảng Ninh
1851,60,798,107.581704,21.454443,4,0,1,Quảng Ninh
1852,60,798,105.337926,21.492813,4,0,1,Quảng Ninh
1853,60,799,105.378634,21.496761,1,100,1,Phú Thọ
1854,60,799,105.378513,21.496822,1,100,1,Phú Thọ
1855,60,800,104.071103,21.867169,2,0,1,Lao Cai
1856,60,800,103.955578,22.415138,2,0,1,Lao Cai
1857,60,801,103.959432,22.603975,4,0,1,Cao Bằng
1858,60,801,106.007915,22.845531,4,0,1,Cao Bằng
1859,61,802,105.11778,9.75169,4,0,1,Trà Vinh
1860,61,802,106.076152,9.82577,4,0,1,Trà Vinh
1861,61,802,106.258063,9.859988,4,0,1,Trà Vinh
1862,61,802,106.163467,9.895215,4,0,1,Trà Vinh
1863,61,803,106.307666,9.900989,2,0,1,Trà Vinh
1864,61,803,106.655567,9.928068,2,0,1,Trà Vinh
1865,61,804,106.759515,10.002752,1,60,1,Kiên Giang
1866,61,804,105.281234,10.00524,1,60,1,Kiên Giang
1867,61,805,105.281827,10.00553,4,0,1,Kiên Giang
1868,61,805,105.28189,10.005713,4,0,1,Kiên Giang
1869,61,806,105.285121,10.010115,10,0,1,Bến Tre
1870,61,806,106.82476,10.044471,10,0,1,Bến Tre
1871,61,807,106.912757,10.347896,4,0,1,An Giang
1872,61,807,104.471514,10.411831,4,0,1,An Giang
1873,61,808,104.879059,10.613925,4,0,1,Vinh Long
1874,61,808,107.223913,10.676952,4,0,1,Vinh Long
1875,61,808,106.015943,10.532574,4,0,1,Vinh Long
1876,61,808,106.033417,10.546664,4,0,1,Vinh Long
1877,61,808,106.034877,10.545577,4,0,1,Vinh Long
1878,61,809,105.36709,10.734245,4,0,1,Đồng Tháp
1879,61,809,105.374174,10.747753,4,0,1,Đồng Tháp
1880,61,809,105.7876,10.782106,4,0,1,Đồng Tháp
1881,61,809,105.722558,10.829093,4,0,1,Đồng Tháp
1882,61,809,107.092716,10.840972,4,0,1,Đồng Tháp
1883,61,810,105.766045,10.852579,1,50,1,Đồng Tháp
1884,61,810,105.82511,10.895079,1,50,1,Đồng Tháp
1885,61,811,108.720357,11.230834,1,50,1,Tây Ninh
1886,61,811,105.464706,11.305903,1,50,1,Tây Ninh
1887,61,812,107.578066,11.420424,4,0,1,Đắk Nông
1888,61,812,107.712717,11.442055,4,0,1,Đắk Nông
1889,61,813,108.377267,11.74521,4,0,1,Lâm Đồng
1890,61,813,108.42158,11.78915,4,0,1,Lâm Đồng
1891,61,814,109.116355,12.671874,4,0,1,Khánh Hòa
1892,61,814,109.168112,12.505618,4,0,1,Khánh Hòa
1893,61,815,109.307988,13.037851,2,0,1,Gia Lai
1894,61,815,107.875627,13.8101,2,0,1,Gia Lai
1895,61,816,107.905762,13.834919,1,80,1,Gia Lai
1896,61,816,107.98141,13.874512,1,80,1,Gia Lai
1897,61,817,108.067226,13.981051,4,0,1,Gia Lai
1898,61,817,107.924049,13.984354,4,0,1,Gia Lai
1899,61,818,108.248364,16.584206,1,50,1,Thừa Thiên Huế
1900,61,818,107.831991,16.746187,1,50,1,Thừa Thiên Huế
1901,61,819,108.042932,15.250968,4,0,1,Thừa Thiên Huế
1902,61,819,107.066238,15.808285,4,0,1,Thừa Thiên Huế
1903,61,820,105.223448,20.056986,1,50,1,Thanh Hóa
1904,61,820,105.226814,20.057753,1,50,1,Thanh Hóa
1905,61,820,105.321232,20.139322,1,50,1,Thanh Hóa
1906,61,821,105.039164,20.363392,2,0,1,Hòa Bình
1907,61,821,105.049383,20.351661,2,0,1,Hòa Bình
1908,61,822,106.624268,21.01012,1,60,1,Hải Phòng
1909,61,822,106.632181,21.015408,1,60,1,Hải Phòng
1910,61,823,107.43376,21.078683,4,0,1,Phú Thọ
1911,61,823,105.392067,21.112818,4,0,1,Phú Thọ
1912,61,824,105.057961,21.184908,11,0,1,Hải Phòng
1913,61,824,106.669367,21.298928,11,0,1,Hải Phòng
1914,61,825,107.977539,21.442532,2,0,1,Phú Thọ
1915,61,825,106.657034,21.464977,2,0,1,Phú Thọ
1916,61,825,105.341467,21.51722,2,0,1,Phú Thọ
1917,61,825,106.388062,21.584708,2,0,1,Phú Thọ
1918,61,825,106.305257,21.838062,2,0,1,Phú Thọ
1919,61,826,104.576113,21.877836,4,0,1,Tuyên Quang
1920,61,826,105.24931,21.896733,4,0,1,Tuyên Quang
1921,62,827,106.491363,9.777295,4,0,1,Trà Vinh
1922,62,827,106.818199,9.812289,4,0,1,Trà Vinh
1923,62,828,106.825363,9.833049,1,50,1,Trà Vinh
1924,62,828,106.825382,9.83307,1,50,1,Trà Vinh
1925,62,828,106.827373,9.833847,1,50,1,Trà Vinh
1926,62,829,106.117249,9.862692,4,0,1,Kiên Giang
1927,62,829,105.191567,9.863504,4,0,1,Kiên Giang
1928,62,830,106.825956,10.255929,2,0,1,Bến Tre
1929,62,830,106.473096,10.305983,2,0,1,Bến Tre
1930,62,831,106.085752,10.586263,4,0,1,Long An
1931,62,831,106.089492,10.587361,4,0,1,Long An
1932,62,832,106.091389,10.588831,4,0,1,Long An
1933,62,832,106.094083,10.590918,4,0,1,Long An
1934,62,832,106.096832,10.592271,4,0,1,Long An
1935,62,832,106.097917,10.593875,4,0,1,Long An
1936,62,832,106.100053,10.596642,4,0,1,Long An
1937,62,832,106.102872,10.597702,4,0,1,Long An
1938,62,833,106.104086,10.598526,4,0,1,Long An
1939,62,833,106.105301,10.700315,4,0,1,Long An
1940,62,833,106.108554,10.702093,4,0,1,Long An
1941,62,833,105.543628,10.709751,4,0,1,Long An
1942,62,834,105.875765,11.022614,1,60,1,Tây Ninh
1943,62,834,105.654468,11.074528,1,60,1,Tây Ninh
1944,62,835,108.284703,11.237433,4,0,1,Đồng Nai
1945,62,835,107.487346,11.284622,4,0,1,Đồng Nai
1946,62,835,107.488709,11.286641,4,0,1,Đồng Nai
1947,62,836,107.754709,11.62368,4,0,1,Đắk Nông
1948,62,836,107.432605,11.636383,4,0,1,Đắk Nông
1949,62,836,107.036973,11.527997,4,0,1,Đắk Nông
1950,62,837,108.43089,13.747109,1,80,1,Gia Lai
1951,62,837,107.896241,13.826936,1,80,1,Gia Lai
1952,62,837,108.201067,14.0053,1,80,1,Gia Lai
1953,62,837,107.86607,14.005762,1,80,1,Gia Lai
1954,62,838,108.188654,15.012664,4,0,1,Quảng Nam
1955,62,838,108.179062,15.052116,4,0,1,Quảng Nam
1956,62,839,106.543738,20.919312,1,80,1,Quảng Ninh
1957,62,839,107.188749,20.949622,1,80,1,Quảng Ninh
1958,62,840,105.227239,21.303263,4,0,1,Phú Thọ
1959,62,840,105.242815,21.316085,4,0,1,Phú Thọ
1960,62,841,106.223986,21.405817,1,60,1,Lạng Sơn
1961,62,841,106.630935,21.437304,1,60,1,Lạng Sơn
1962,62,842,105.099063,21.443033,4,0,1,Tuyên Quang
1963,62,842,105.377127,21.642852,4,0,1,Tuyên Quang
1964,62,842,105.503923,21.575742,4,0,1,Tuyên Quang
1965,62,843,104.218439,22.083345,1,80,1,Lao Cai
1966,62,843,103.883975,22.391137,1,80,1,Lao Cai
1967,63,844,104.500201,10.265678,4,0,1,Kiên Giang
1968,63,844,104.52321,10.272642,4,0,1,Kiên Giang
1969,63,845,107.666971,10.682754,4,0,1,An Giang
1970,63,845,104.957237,10.503398,4,0,1,An Giang
1971,63,846,106.083061,10.582498,4,0,1,Long An
1972,63,846,106.111842,10.704665,4,0,1,Long An
1973,63,847,105.598163,10.753874,4,0,1,Đồng Tháp
1974,63,847,105.598381,10.754042,4,0,1,Đồng Tháp
1975,63,848,105.97351,10.838291,1,60,1,Tây Ninh
1976,63,848,105.983772,10.846806,1,60,1,Tây Ninh
1977,63,849,105.817874,11.14574,1,60,1,Tây Ninh
1978,63,849,105.410915,11.191731,1,60,1,Tây Ninh
1979,63,850,109.129502,12.683258,4,0,1,Phú Yên
1980,63,850,109.291275,13.080902,4,0,1,Phú Yên
1981,63,851,107.825495,16.739109,4,0,1,Thừa Thiên Huế
1982,63,851,108.40142,16.751479,4,0,1,Thừa Thiên Huế
1983,63,851,108.209399,16.877052,4,0,1,Thừa Thiên Huế
1984,63,851,108.329944,16.891571,4,0,1,Thừa Thiên Huế
1985,63,852,107.669113,15.467304,4,0,1,Thừa Thiên Huế
1986,63,852,107.052428,15.812254,4,0,1,Thừa Thiên Huế
1987,63,853,105.767813,17.179955,1,80,1,Quảng Bình
1988,63,853,106.773098,17.765521,1,80,1,Quảng Bình
1989,63,854,105.158009,20.970166,4,0,1,Hải Phòng
1990,63,854,106.781429,20.976003,4,0,1,Hải Phòng
1991,63,855,105.220672,21.298094,4,0,1,Phú Thọ
1992,63,855,106.437548,21.301833,4,0,1,Phú Thọ
1993,63,855,105.230728,21.306843,4,0,1,Phú Thọ
1994,63,855,105.231137,21.305208,4,0,1,Phú Thọ
1995,64,856,106.340103,10.670495,4,0,1,Đồng Tháp
1996,64,856,105.653021,10.550346,4,0,1,Đồng Tháp
1997,64,856,106.086886,10.584686,4,0,1,Đồng Tháp
1998,64,857,105.800437,10.82593,1,50,1,Đồng Tháp
1999,64,857,105.52294,10.895044,1,50,1,Đồng Tháp
2000,64,858,108.202105,11.1569,4,0,1,Đắk Nông
2001,64,858,107.87089,11.632187,4,0,1,Đắk Nông
2002,64,858,108.956353,11.648622,4,0,1,Đắk Nông
2003,64,859,108.359572,11.770658,4,0,1,Lâm Đồng
2004,64,859,108.58439,11.831317,4,0,1,Lâm Đồng
2005,64,860,107.45493,11.948594,1,80,1,Lâm Đồng
2006,64,860,108.729432,12.193445,1,80,1,Lâm Đồng
2007,64,861,109.1908,12.212601,4,0,1,Đắk Lắk
2008,64,861,108.154623,12.403001,4,0,1,Đắk Lắk
2009,64,861,107.522041,12.449746,4,0,1,Đắk Lắk
2010,64,862,107.933182,12.513597,1,50,1,Đắk Lắk
2011,64,862,108.095956,12.517268,1,50,1,Đắk Lắk
2012,64,863,109.126117,13.788652,4,0,1,Bình Định
2013,64,863,109.129067,13.927285,4,0,1,Bình Định
2014,64,864,108.027465,16.869493,1,80,1,Thừa Thiên Huế
2015,64,864,108.151679,16.914111,1,80,1,Thừa Thiên Huế
2016,64,865,106.347278,18.604489,4,0,1,Thanh Hóa
2017,64,865,106.729979,18.797495,4,0,1,Thanh Hóa
2018,64,865,106.508825,19.155389,4,0,1,Thanh Hóa
2019,64,865,106.584987,19.258574,4,0,1,Thanh Hóa
2020,64,866,106.777701,19.827859,4,0,1,Thái Bình
2021,64,866,106.983617,20.126165,4,0,1,Thái Bình
2022,64,867,105.047169,20.313929,4,0,1,Thái Bình
2023,64,867,106.775926,20.347645,4,0,1,Thái Bình
2024,64,868,106.827315,20.503015,1,60,1,Hòa Bình
2025,64,868,105.325214,20.547329,1,60,1,Hòa Bình
2026,64,869,106.928784,21.025808,4,0,1,Quảng Ninh
2027,64,869,107.371597,21.037258,4,0,1,Quảng Ninh
2028,64,870,106.608762,21.206758,11,0,1,Phú Thọ
2029,64,870,105.272956,21.251596,11,0,1,Phú Thọ
2030,64,871,105.426446,21.667354,4,0,1,Tuyên Quang
2031,64,871,105.478363,21.651963,4,0,1,Tuyên Quang
2032,64,872,106.012982,22.861397,4,0,1,Hà Giang
2033,64,872,104.997047,23.055984,4,0,1,Hà Giang
2034,65,873,106.806163,9.451121,4,0,1,Trà Vinh
2035,65,873,106.814724,9.923187,4,0,1,Trà Vinh
2036,65,873,106.926105,9.979367,4,0,1,Trà Vinh
2037,65,873,105.109229,10.159403,4,0,1,Trà Vinh
2038,65,874,107.265085,10.380221,4,0,1,Bà Rịa - Vũng Tàu
2039,65,874,107.120757,10.387108,4,0,1,Bà Rịa - Vũng Tàu
2040,65,874,105.459011,10.53513,4,0,1,Bà Rịa - Vũng Tàu
2041,65,875,105.506222,10.725599,1,70,1,Đồng Tháp
2042,65,875,105.507413,10.728208,1,70,1,Đồng Tháp
2043,65,876,105.656301,10.804718,1,60,1,Tây Ninh
2044,65,876,105.867492,10.908453,1,60,1,Tây Ninh
2045,65,877,107.139944,10.926146,4,0,1,Tây Ninh
2046,65,877,105.834186,10.951279,4,0,1,Tây Ninh
2047,65,878,107.416621,11.26713,4,0,1,Đồng Nai
2048,65,878,107.425197,11.254284,4,0,1,Đồng Nai
2049,65,879,107.736514,11.47375,4,0,1,Đắk Nông
2050,65,879,107.738412,11.477901,4,0,1,Đắk Nông
2051,65,879,108.811548,11.840389,4,0,1,Đắk Nông
2052,65,880,109.069944,13.73705,1,60,1,Bình Định
2053,65,880,109.05366,13.73946,1,60,1,Bình Định
2054,65,880,109.058322,13.742697,1,60,1,Bình Định
2055,65,881,108.548928,13.979098,1,60,1,Đà Nẵng
2056,65,881,108.485592,16.050266,1,60,1,Đà Nẵng
2057,65,882,106.386048,19.177146,1,80,1,Thanh Hóa
2058,65,882,106.386107,19.177174,1,80,1,Thanh Hóa
2059,65,883,104.574942,20.289941,2,0,1,Hòa Bình
2060,65,883,105.070897,20.329985,2,0,1,Hòa Bình
2061,65,883,105.076171,20.374314,2,0,1,Hòa Bình
2062,65,884,105.618052,20.954121,1,60,1,Hà Nội
2063,65,884,105.654178,21.028542,1,60,1,Hà Nội
2064,65,885,105.686061,21.041791,4,0,1,Quảng Ninh
2065,65,885,107.401921,21.047525,4,0,1,Quảng Ninh
2066,65,886,105.202194,21.256573,4,0,1,Phú Thọ
2067,65,886,105.205441,21.258476,4,0,1,Phú Thọ
2068,65,887,105.193766,21.279641,4,0,1,Phú Thọ
2069,65,887,105.211847,21.291666,4,0,1,Phú Thọ
2070,65,888,103.027805,21.403653,4,0,1,Điện Biên
2071,65,888,103.032361,21.405622,4,0,1,Điện Biên
2072,66,889,106.506587,9.751051,4,0,1,Trà Vinh
2073,66,889,106.507528,9.752403,4,0,1,Trà Vinh
2074,66,889,106.785699,10.01389,4,0,1,Trà Vinh
2075,66,890,105.255588,10.175982,4,0,1,Kiên Giang
2076,66,890,103.975124,10.226334,4,0,1,Kiên Giang
2077,66,891,104.543533,10.285748,4,0,1,Bà Rịa - Vũng Tàu
2078,66,891,107.132959,10.409112,4,0,1,Bà Rịa - Vũng Tàu
2079,66,891,107.448587,10.47789,4,0,1,Bà Rịa - Vũng Tàu
2080,66,892,107.826013,10.707347,1,50,1,Đồng Tháp
2081,66,892,105.503529,10.726523,1,50,1,Đồng Tháp
2082,66,892,106.188638,10.739308,1,50,1,Đồng Tháp
2083,66,893,107.712526,13.548552,1,50,1,Gia Lai
2084,66,893,107.57455,13.796945,1,50,1,Gia Lai
2085,66,894,108.106746,15.131403,4,0,1,Quảng Nam
2086,66,894,108.105606,15.131913,4,0,1,Quảng Nam
2087,66,894,107.902016,15.279518,4,0,1,Quảng Nam
2088,66,895,106.972194,17.878456,1,80,1,Hà Tĩnh
2089,66,895,106.729194,18.759942,1,80,1,Hà Tĩnh
2090,66,896,106.861331,19.894981,1,50,1,Hòa Bình
2091,66,896,105.318898,20.409187,1,50,1,Hòa Bình
2092,66,897,106.856359,20.675708,2,0,1,Hòa Bình
2093,66,897,105.417252,20.543532,2,0,1,Hòa Bình
2094,66,898,107.395458,21.043944,1,60,1,Quảng Ninh
2095,66,898,107.399258,21.046837,1,60,1,Quảng Ninh
2096,66,899,106.332714,21.21726,4,0,1,Bắc Giang
2097,66,899,106.332805,21.217278,4,0,1,Bắc Giang
2098,66,900,105.209633,21.290039,4,0,1,Bắc Giang
2099,66,900,106.388042,21.327874,4,0,1,Bắc Giang
2100,67,901,106.295231,10.301809,4,0,1,Tiền Giang
2101,67,901,106.324077,10.319836,4,0,1,Tiền Giang
2102,67,902,107.39054,10.631956,2,0,1,An Giang
2103,67,902,105.322028,10.637977,2,0,1,An Giang
2104,67,903,105.942839,10.769867,4,0,1,Đồng Tháp
2105,67,903,105.599228,10.754659,4,0,1,Đồng Tháp
2106,67,903,105.733211,10.837452,4,0,1,Đồng Tháp
2107,67,904,107.887063,10.882522,4,0,1,Bình Thuận
2108,67,904,108.196112,11.151223,4,0,1,Bình Thuận
2109,67,905,107.568704,11.951576,1,50,1,Đắk Nông
2110,67,905,107.691676,12.295138,1,50,1,Đắk Nông
2111,67,906,109.277284,13.071608,1,80,1,Gia Lai
2112,67,906,108.083255,13.706435,1,80,1,Gia Lai
2113,67,907,105.233254,20.336593,1,60,1,Hải Phòng
2114,67,907,106.908346,20.422205,1,60,1,Hải Phòng
2115,67,908,105.319511,20.542977,2,0,1,Hòa Bình
2116,67,908,105.225251,20.755922,2,0,1,Hòa Bình
2117,67,909,107.328935,21.004028,1,50,1,Quảng Ninh
2118,67,909,107.37287,21.042187,1,50,1,Quảng Ninh
2119,67,910,105.01076,21.126399,1,90,1,Phú Thọ
2120,67,910,105.025761,21.136733,1,90,1,Phú Thọ
2121,67,910,105.029556,21.137527,1,90,1,Phú Thọ
2122,67,911,106.407517,21.185182,1,50,1,Bắc Giang
2123,67,911,106.509069,21.228328,1,50,1,Bắc Giang
2124,67,912,105.361437,21.497916,4,0,1,Quảng Ninh
2125,67,912,107.769178,21.607777,4,0,1,Quảng Ninh
2126,67,913,105.672411,21.545364,2,0,1,Tuyên Quang
2127,67,913,105.245382,21.752505,2,0,1,Tuyên Quang
2128,68,914,107.69279,10.500305,1,50,1,Đồng Tháp
2129,68,914,105.653646,10.550706,1,50,1,Đồng Tháp
2130,68,915,105.537136,10.736894,1,50,1,Đồng Tháp
2131,68,915,105.546953,10.741248,1,50,1,Đồng Tháp
2132,68,916,105.780226,10.863048,1,60,1,Đồng Tháp
2133,68,916,105.782003,10.864087,1,60,1,Đồng Tháp
2134,68,917,105.788252,10.868174,1,80,1,Đồng Tháp
2135,68,917,105.60346,10.874924,1,80,1,Đồng Tháp
2136,68,918,107.934852,10.906439,4,0,1,Bình Thuận
2137,68,918,107.960917,10.916335,4,0,1,Bình Thuận
2138,68,919,107.03078,10.965025,11,0,1,Đồng Tháp
2139,68,919,105.479997,11.051755,11,0,1,Đồng Tháp
2140,68,920,105.449365,11.151839,2,0,1,Đồng Nai
2141,68,920,106.969808,11.255507,2,0,1,Đồng Nai
2142,68,921,109.099166,12.025367,4,0,1,Đắk Lắk
2143,68,921,108.153933,12.402566,4,0,1,Đắk Lắk
2144,68,922,107.510568,13.77571,1,80,1,Gia Lai
2145,68,922,107.789403,13.935795,1,80,1,Gia Lai
2146,68,923,108.017087,14.038527,1,80,1,Bình Định
2147,68,923,109.175015,14.17764,1,80,1,Bình Định
2148,68,924,108.207438,15.018297,11,0,1,Quảng Ngãi
2149,68,924,108.242818,15.037944,11,0,1,Quảng Ngãi
2150,68,924,108.174852,15.069177,11,0,1,Quảng Ngãi
2151,68,925,107.293795,21.006534,2,0,1,Hòa Bình
2152,68,925,105.276631,21.011623,2,0,1,Hòa Bình
2153,68,926,106.83551,21.122256,4,0,1,Phú Thọ
2154,68,926,105.051571,21.18024,4,0,1,Phú Thọ
2155,68,927,105.19658,21.280742,4,0,1,Quảng Ninh
2156,68,927,107.649092,21.349287,4,0,1,Quảng Ninh
2157,68,928,105.254453,22.555763,4,0,1,Hà Giang
2158,68,928,104.972418,23.025913,4,0,1,Hà Giang
2159,69,929,106.154428,9.186549,4,0,1,Trà Vinh
2160,69,929,106.919548,9.638141,4,0,1,Trà Vinh
2161,69,930,106.790854,9.883428,1,60,1,Kiên Giang
2162,69,930,105.209027,9.925976,1,60,1,Kiên Giang
2163,69,931,105.33973,10.238597,4,0,1,Bà Rịa - Vũng Tàu
2164,69,931,106.928218,10.36933,4,0,1,Bà Rịa - Vũng Tàu
2165,69,932,105.006727,10.400697,4,0,1,An Giang
2166,69,932,105.012285,10.404396,4,0,1,An Giang
2167,69,933,105.786186,10.865894,1,60,1,Đồng Tháp
2168,69,933,105.790231,10.86994,1,60,1,Đồng Tháp
2169,69,934,105.492828,10.971967,4,0,1,Đồng Tháp
2170,69,934,105.605,10.979487,4,0,1,Đồng Tháp
2171,69,934,105.804687,11.05317,4,0,1,Đồng Tháp
2172,69,935,105.535678,11.426665,4,0,1,Tây Ninh
2173,69,935,105.542533,11.429144,4,0,1,Tây Ninh
2174,69,935,109.00454,11.538746,4,0,1,Tây Ninh
2175,69,936,107.51972,12.189485,1,80,1,Đắk Nông
2176,69,936,107.3935,12.248566,1,80,1,Đắk Nông
2177,69,937,108.053482,12.592242,4,0,1,Phú Yên
2178,69,937,108.819643,12.751308,4,0,1,Phú Yên
2179,69,937,109.3242,12.803342,4,0,1,Phú Yên
2180,69,937,108.427008,12.804146,4,0,1,Phú Yên
2181,69,938,108.117284,15.030927,10,0,1,Quảng Nam
2182,69,938,108.117755,15.031225,10,0,1,Quảng Nam
2183,69,939,106.945293,20.183724,4,0,1,Thái Bình
2184,69,939,106.947699,20.184411,4,0,1,Thái Bình
2185,69,940,106.322891,20.705395,4,0,1,Hòa Bình
2186,69,940,105.026339,20.938437,4,0,1,Hòa Bình
2187,69,941,105.864701,21.004075,4,0,1,Hà Nội
2188,69,941,105.864701,21.004075,4,0,1,Hà Nội
2189,69,942,105.684532,21.560531,4,0,1,Thái Nguyên
2190,69,942,105.686323,21.561032,4,0,1,Thái Nguyên
2191,69,943,106.180295,21.934412,2,0,1,Cao Bằng
2192,69,943,106.346254,23.275154,2,0,1,Cao Bằng
2193,70,944,105.834789,10.899802,1,70,1,Tây Ninh
2194,70,944,105.836571,10.900099,1,70,1,Tây Ninh
2195,70,945,105.837488,10.900776,1,60,1,Tây Ninh
2196,70,945,105.841567,10.902264,1,60,1,Tây Ninh
2197,70,946,105.842759,10.902558,4,0,1,Bình Thuận
2198,70,946,108.216689,10.963173,4,0,1,Bình Thuận
2199,70,947,105.83125,11.28405,2,0,1,Lâm Đồng
2200,70,947,108.693388,11.845026,2,0,1,Lâm Đồng
2201,70,948,107.323621,11.892824,1,80,1,Đắk Nông
2202,70,948,107.34425,11.906062,1,80,1,Đắk Nông
2203,70,948,105.767099,11.935273,1,80,1,Đắk Nông
2204,70,949,107.698917,13.723959,1,50,1,Gia Lai
2205,70,949,107.6908,13.774793,1,50,1,Gia Lai
2206,70,949,107.507524,13.776183,1,50,1,Gia Lai
2207,70,949,109.153093,13.794538,1,50,1,Gia Lai
2208,70,950,109.269402,13.817361,4,0,1,Bình Định
2209,70,950,109.01517,13.905966,4,0,1,Bình Định
2210,70,951,105.09101,20.215645,1,60,1,Ninh Bình
2211,70,951,105.609983,20.261499,1,60,1,Ninh Bình
2212,70,952,106.974392,20.253365,4,0,1,Hải Phòng
2213,70,952,106.977645,20.254437,4,0,1,Hải Phòng
2214,70,953,105.102949,20.546591,4,0,1,Hòa Bình
2215,70,953,105.020925,20.565779,4,0,1,Hòa Bình
2216,70,954,107.678603,21.362902,2,0,1,Bắc Giang
2217,70,954,106.643701,21.358632,2,0,1,Bắc Giang
2218,70,954,105.104218,21.37553,2,0,1,Bắc Giang
2219,70,955,103.997106,21.401849,1,80,1,Bắc Giang
2220,70,955,106.122136,21.440039,1,80,1,Bắc Giang
2221,70,956,105.590857,21.936751,1,80,1,Lao Cai
2222,70,956,104.078205,22.022735,1,80,1,Lao Cai
2223,70,956,104.443696,22.264216,1,80,1,Lao Cai
2224,70,957,103.894701,22.402807,1,80,1,Lao Cai
2225,70,957,104.066365,22.613482,1,80,1,Lao Cai
2226,71,958,106.597461,9.756567,1,60,1,Trà Vinh
2227,71,958,106.821111,9.925221,1,60,1,Trà Vinh
2228,71,958,105.329317,10.345473,1,60,1,Trà Vinh
2229,71,959,107.069299,10.385739,4,0,1,Tiền Giang
2230,71,959,106.525263,10.387423,4,0,1,Tiền Giang
2231,71,960,106.033028,10.42804,4,0,1,Bà Rịa - Vũng Tàu
2232,71,960,107.247132,10.640429,4,0,1,Bà Rịa - Vũng Tàu
2233,71,961,105.336461,10.933708,1,80,1,An Giang
2234,71,961,105.344734,10.935897,1,80,1,An Giang
2235,71,962,107.042176,11.867865,1,60,1,Lâm Đồng
2236,71,962,108.253731,11.851746,1,60,1,Lâm Đồng
2237,71,963,109.154817,13.009845,1,60,1,Phú Yên
2238,71,963,109.277184,13.02068,1,60,1,Phú Yên
2239,71,964,108.165344,16.500589,4,0,1,Đà Nẵng
2240,71,964,108.488063,16.522729,4,0,1,Đà Nẵng
2241,71,965,105.562125,15.696973,1,60,1,Quảng Trị
2242,71,965,105.566786,15.697349,1,60,1,Quảng Trị
2243,71,966,105.524122,17.400732,4,0,1,Hà Tĩnh
2244,71,966,106.849873,18.466171,4,0,1,Hà Tĩnh
2245,71,966,106.870464,18.455288,4,0,1,Hà Tĩnh
2246,71,966,106.868746,20.156566,4,0,1,Hà Tĩnh
2247,71,966,105.28818,20.199234,4,0,1,Hà Tĩnh
2248,71,967,106.96203,20.725146,2,0,1,Hòa Bình
2249,71,967,105.352703,20.727656,2,0,1,Hòa Bình
2250,71,968,107.104966,20.985606,1,60,1,Sơn La
2251,71,968,103.764548,21.038082,1,60,1,Sơn La
2252,71,969,106.534254,21.238944,1,60,1,Bắc Giang
2253,71,969,106.54329,21.242108,1,60,1,Bắc Giang
2254,71,969,106.560207,21.244459,1,60,1,Bắc Giang
2255,71,970,106.503228,21.322967,11,0,1,Vĩnh Phúc
2256,71,970,105.655327,21.372406,11,0,1,Vĩnh Phúc
2257,71,971,106.05912,21.577949,1,80,1,Vĩnh Phúc
2258,71,971,105.530973,21.588865,1,80,1,Vĩnh Phúc
2259,71,972,104.974632,22.82694,4,0,1,Cao Bằng
2260,71,972,106.410685,23.153195,4,0,1,Cao Bằng
2261,72,973,104.966006,8.905043,1,60,1,Cà Mau
2262,72,973,104.85619,9.0609,1,60,1,Cà Mau
2263,72,973,106.586978,9.211906,1,60,1,Cà Mau
2264,72,974,105.212627,9.85644,4,0,1,Kiên Giang
2265,72,974,105.183654,10.08342,4,0,1,Kiên Giang
2266,72,974,105.183686,10.083479,4,0,1,Kiên Giang
2267,72,974,106.691184,10.088327,4,0,1,Kiên Giang
2268,72,974,105.570131,10.20432,4,0,1,Kiên Giang
2269,72,975,107.351797,10.622136,4,0,1,Bà Rịa - Vũng Tàu
2270,72,975,104.545465,10.628056,4,0,1,Bà Rịa - Vũng Tàu
2271,72,975,107.398892,10.634898,4,0,1,Bà Rịa - Vũng Tàu
2272,72,975,107.413969,10.639568,4,0,1,Bà Rịa - Vũng Tàu
2273,72,976,105.183708,10.559812,1,80,1,Bà Rịa - Vũng Tàu
2274,72,976,107.022496,10.718455,1,80,1,Bà Rịa - Vũng Tàu
2275,72,977,105.711339,10.868898,4,0,1,Đồng Tháp
2276,72,977,105.744298,10.87314,4,0,1,Đồng Tháp
2277,72,978,105.368051,10.941247,4,0,1,An Giang
2278,72,978,105.3542,10.943225,4,0,1,An Giang
2279,72,979,105.667517,11.264765,2,0,1,An Giang
2280,72,979,105.120443,11.265611,2,0,1,An Giang
2281,72,980,107.641697,11.38838,4,0,1,Đồng Nai
2282,72,980,107.463901,11.418467,4,0,1,Đồng Nai
2283,72,980,107.765938,11.614383,4,0,1,Đồng Nai
2284,72,981,105.94341,11.804224,4,0,1,Tây Ninh
2285,72,981,105.943508,11.804258,4,0,1,Tây Ninh
2286,72,982,108.445232,11.939911,4,0,1,Đắk Nông
2287,72,982,107.58301,12.002146,4,0,1,Đắk Nông
2288,72,983,109.171077,12.304571,4,0,1,Đắk Nông
2289,72,983,107.518866,12.448156,4,0,1,Đắk Nông
2290,72,983,107.519843,12.448478,4,0,1,Đắk Nông
2291,72,984,108.710425,12.938238,1,60,1,Gia Lai
2292,72,984,108.103862,13.990265,1,60,1,Gia Lai
2293,72,985,108.13377,16.838719,4,0,1,Thừa Thiên Huế
2294,72,985,108.221581,16.882896,4,0,1,Thừa Thiên Huế
2295,72,986,108.169528,15.064197,4,0,1,Quảng Nam
2296,72,986,108.128844,15.079321,4,0,1,Quảng Nam
2297,72,987,106.98119,20.648556,1,90,1,Hải Phòng
2298,72,987,106.990332,20.661615,1,90,1,Hải Phòng
2299,72,988,105.47894,20.765645,1,80,1,Hà Nam
2300,72,988,105.709569,20.759462,1,80,1,Hà Nam
2301,72,989,105.711049,20.759899,1,50,1,Hòa Bình
2302,72,989,105.435181,20.773761,1,50,1,Hòa Bình
2303,72,989,105.439083,20.774571,1,50,1,Hòa Bình
2304,72,990,106.360436,20.885652,4,0,1,Hải Phòng
2305,72,990,106.968204,20.888771,4,0,1,Hải Phòng
2306,72,991,105.723767,21.202629,1,50,1,Phú Thọ
2307,72,991,105.25331,21.266289,1,50,1,Phú Thọ
2308,72,992,105.430993,21.361493,2,0,1,Yên Bái
2309,72,992,104.811581,21.407211,2,0,1,Yên Bái
2310,72,993,105.261833,22.579579,4,0,1,Hà Giang
2311,72,993,104.972244,23.025783,4,0,1,Hà Giang
2312,73,994,106.09977,8.964011,1,60,1,Cà Mau
2313,73,994,104.976812,9.077953,1,60,1,Cà Mau
2314,73,994,106.007393,9.310829,1,60,1,Cà Mau
2315,73,995,105.296861,10.203524,4,0,1,An Giang
2316,73,995,105.328377,10.345157,4,0,1,An Giang
2317,73,995,104.993977,10.419365,4,0,1,An Giang
2318,73,995,105.618663,10.466114,4,0,1,An Giang
2319,73,995,107.399644,10.636095,4,0,1,An Giang
2320,73,996,105.783955,10.662111,1,60,1,Đồng Tháp
2321,73,996,105.801827,10.663187,1,60,1,Đồng Tháp
2322,73,996,107.034128,10.571102,1,60,1,Đồng Tháp
2323,73,997,105.711477,10.826037,1,80,1,Đồng Tháp
2324,73,997,105.717791,10.825725,1,80,1,Đồng Tháp
2325,73,997,105.717909,10.825757,1,80,1,Đồng Tháp
2326,73,998,107.202134,10.841792,4,0,1,Bình Thuận
2327,73,998,107.781195,10.851064,4,0,1,Bình Thuận
2328,73,998,107.833438,10.857904,4,0,1,Bình Thuận
2329,73,998,107.87081,10.876472,4,0,1,Bình Thuận
2330,73,998,105.397218,10.896627,4,0,1,Bình Thuận
2331,73,998,107.36542,10.908308,4,0,1,Bình Thuận
2332,73,999,106.983455,11.556939,4,0,1,Lâm Đồng
2333,73,999,108.313904,11.766138,4,0,1,Lâm Đồng
2334,73,1000,108.444463,11.939395,4,0,1,Đắk Nông
2335,73,1000,107.974691,12.250445,4,0,1,Đắk Nông
2336,73,1000,109.201553,12.256889,4,0,1,Đắk Nông
2337,73,1001,108.3092,16.933087,4,0,1,Quảng Nam
2338,73,1001,108.204241,15.015741,4,0,1,Quảng Nam
2339,73,1002,108.204526,15.015851,11,0,1,Quảng Nam
2340,73,1002,108.14516,15.059749,11,0,1,Quảng Nam
2341,73,1003,107.073164,15.839527,4,0,1,Hà Tĩnh
2342,73,1003,106.730369,18.431654,4,0,1,Hà Tĩnh
2343,73,1004,106.269599,18.449031,1,50,1,Hà Tĩnh
2344,73,1004,106.45971,18.711907,1,50,1,Hà Tĩnh
2345,73,1005,106.941312,20.945126,4,0,1,Quảng Ninh
2346,73,1005,107.141548,20.962479,4,0,1,Quảng Ninh
2347,74,1006,106.011998,8.944419,4,0,1,Bạc Liêu
2348,74,1006,106.017734,8.946821,4,0,1,Bạc Liêu
2349,74,1007,104.918489,9.385907,1,50,1,Cà Mau
2350,74,1007,104.943705,9.394696,1,50,1,Cà Mau
2351,74,1008,105.312624,10.341677,1,60,1,An Giang
2352,74,1008,105.339208,10.3496,1,60,1,An Giang
2353,74,1009,105.937952,10.406534,1,60,1,Vinh Long
2354,74,1009,105.947124,10.408213,1,60,1,Vinh Long
2355,74,1009,105.966012,10.410406,1,60,1,Vinh Long
2356,74,1010,105.81086,10.666961,1,60,1,Đồng Tháp
2357,74,1010,105.863658,10.519134,1,60,1,Đồng Tháp
2358,74,1011,105.513704,10.890862,1,50,1,Đồng Tháp
2359,74,1011,105.516482,10.891325,1,50,1,Đồng Tháp
2360,74,1012,105.587317,11.087376,1,60,1,Đồng Nai
2361,74,1012,107.027427,11.09652,1,60,1,Đồng Nai
2362,74,1013,107.505335,11.236292,2,0,1,Tây Ninh
2363,74,1013,105.536629,11.272665,2,0,1,Tây Ninh
2364,74,1014,107.448448,11.62052,4,0,1,Đắk Nông
2365,74,1014,107.7901,11.637378,4,0,1,Đắk Nông
2366,74,1015,109.348909,12.808848,1,80,1,Phú Yên
2367,74,1015,109.229395,13.076207,1,80,1,Phú Yên
2368,74,1016,107.669875,13.767943,1,50,1,Gia Lai
2369,74,1016,108.055518,14.067897,1,50,1,Gia Lai
2370,74,1017,107.991817,14.251765,1,80,1,Kon Tum
2371,74,1017,108.382415,14.531432,1,80,1,Kon Tum
2372,74,1018,107.629003,15.44858,4,0,1,Quảng Nam
2373,74,1018,107.629262,15.448762,4,0,1,Quảng Nam
2374,74,1018,105.718074,15.52044,4,0,1,Quảng Nam
2375,74,1019,106.599073,18.541631,4,0,1,Hà Tĩnh
2376,74,1019,106.569887,18.78257,4,0,1,Hà Tĩnh
2377,74,1020,106.552463,18.783436,2,0,1,Hà Tĩnh
2378,74,1020,106.684067,18.970231,2,0,1,Hà Tĩnh
2379,74,1021,106.958044,21.021234,2,0,1,Hòa Bình
2380,74,1021,105.219134,21.050224,2,0,1,Hòa Bình
2381,74,1021,105.098123,21.057624,2,0,1,Hòa Bình
2382,74,1022,105.66186,21.357546,4,0,1,Tuyên Quang
2383,74,1022,105.404696,21.648937,4,0,1,Tuyên Quang
2384,74,1023,104.176294,22.315273,1,50,1,Lai Châu
2385,74,1023,103.512108,22.324835,1,50,1,Lai Châu
2386,75,1024,106.401602,9.2232,4,0,1,Sóc Trăng
2387,75,1024,106.61333,9.261565,4,0,1,Sóc Trăng
2388,75,1025,105.058911,10.419534,4,0,1,An Giang
2389,75,1025,105.215395,10.428116,4,0,1,An Giang
2390,75,1025,106.066851,10.437,4,0,1,An Giang
2391,75,1026,107.223303,10.563485,1,60,1,Bà Rịa - Vũng Tàu
2392,75,1026,107.052409,10.5714,1,60,1,Bà Rịa - Vũng Tàu
2393,75,1027,105.852655,10.718761,1,70,1,Đồng Tháp
2394,75,1027,105.877199,10.722168,1,70,1,Đồng Tháp
2395,75,1028,107.324794,10.871014,4,0,1,Đồng Tháp
2396,75,1028,105.741404,10.872217,4,0,1,Đồng Tháp
2397,75,1028,107.902501,10.892145,4,0,1,Đồng Tháp
2398,75,1029,105.843643,10.954231,11,0,1,Tây Ninh
2399,75,1029,105.843798,10.954272,11,0,1,Tây Ninh
2400,75,1030,105.867954,10.95771,4,0,1,Đồng Nai
2401,75,1030,107.658981,11.188117,4,0,1,Đồng Nai
2402,75,1030,108.301056,11.246385,4,0,1,Đồng Nai
2403,75,1031,105.438497,11.357977,1,60,1,Tây Ninh
2404,75,1031,105.437275,11.372098,1,60,1,Tây Ninh
2405,75,1031,105.409899,11.38404,1,60,1,Tây Ninh
2406,75,1032,106.954712,11.393945,2,0,1,Tây Ninh
2407,75,1032,105.844696,11.623307,2,0,1,Tây Ninh
2408,75,1033,105.872634,11.629155,4,0,1,Đắk Nông
2409,75,1033,107.397706,11.62938,4,0,1,Đắk Nông
2410,75,1034,108.108577,12.729755,1,50,1,Đắk Lắk
2411,75,1034,108.109684,12.72995,1,50,1,Đắk Lắk
2412,75,1034,108.229138,12.983641,1,50,1,Đắk Lắk
2413,75,1035,109.25411,13.343499,1,60,1,Gia Lai
2414,75,1035,107.918731,13.740718,1,60,1,Gia Lai
2415,75,1035,107.910499,13.744001,1,60,1,Gia Lai
2416,75,1036,108.521601,13.920822,1,50,1,Bình Định
2417,75,1036,108.577562,13.974158,1,50,1,Bình Định
2418,75,1037,108.156247,14.452703,4,0,1,Quảng Ngãi
2419,75,1037,108.561772,14.74014,4,0,1,Quảng Ngãi
2420,75,1038,108.337954,16.479624,4,0,1,Đà Nẵng
2421,75,1038,108.449963,16.639012,4,0,1,Đà Nẵng
2422,75,1039,106.546101,18.709105,4,0,1,Hà Tĩnh
2423,75,1039,106.355953,18.724756,4,0,1,Hà Tĩnh
2424,75,1040,106.82427,19.860302,2,0,1,Thái Bình
2425,75,1040,106.857055,20.13382,2,0,1,Thái Bình
2426,75,1041,106.942099,20.294897,2,0,1,Nam Định
2427,75,1041,106.157028,20.296311,2,0,1,Nam Định
2428,75,1042,106.042,20.712801,1,50,1,Hòa Bình
2429,75,1042,105.057766,20.757111,1,50,1,Hòa Bình
2430,75,1042,105.604502,20.776533,1,50,1,Hòa Bình
2431,75,1043,105.033205,21.429041,2,0,1,Phú Thọ
2432,75,1043,105.045406,21.432234,2,0,1,Phú Thọ
2433,75,1044,106.408487,21.439642,2,0,1,Quảng Ninh
2434,75,1044,107.735949,21.448694,2,0,1,Quảng Ninh
2435,75,1045,107.544211,21.477662,1,60,1,Yên Bái
2436,75,1045,104.896174,21.725536,1,60,1,Yên Bái
2437,75,1046,106.550325,21.91092,2,0,1,Lai Châu
2438,75,1046,103.516485,22.297821,2,0,1,Lai Châu
2439,75,1047,103.605959,22.482939,2,0,1,Cao Bằng
2440,75,1047,105.573316,22.869688,2,0,1,Cao Bằng
2441,76,1048,106.019496,8.529572,1,60,1,Bạc Liêu
2442,76,1048,106.077929,8.788514,1,60,1,Bạc Liêu
2443,76,1049,106.667889,9.252398,4,0,1,Trà Vinh
2444,76,1049,106.685976,9.259786,4,0,1,Trà Vinh
2445,76,1050,105.234258,10.432709,4,0,1,Bà Rịa - Vũng Tàu
2446,76,1050,107.197417,10.619503,4,0,1,Bà Rịa - Vũng Tàu
2447,76,1051,105.933137,10.716345,1,80,1,Đồng Tháp
2448,76,1051,105.960447,10.719794,1,80,1,Đồng Tháp
2449,76,1052,105.596122,10.820594,4,0,1,Đồng Nai
2450,76,1052,107.249569,10.898532,4,0,1,Đồng Nai
2451,76,1052,105.8361,10.968712,4,0,1,Đồng Nai
2452,76,1053,108.78573,11.319216,4,0,1,Bình Thuận
2453,76,1053,107.666941,11.391471,4,0,1,Bình Thuận
2454,76,1054,107.113219,11.70908,1,50,1,Bình Phước
2455,76,1054,107.211818,11.797836,1,50,1,Bình Phước
2456,76,1055,107.653155,13.768833,1,80,1,Gia Lai
2457,76,1055,107.748716,13.818824,1,80,1,Gia Lai
2458,76,1056,108.599064,13.97753,1,80,1,Bình Định
2459,76,1056,109.135635,14.170045,1,80,1,Bình Định
2460,76,1057,105.520801,17.470591,4,0,1,Hà Tĩnh
2461,76,1057,105.524398,17.47156,4,0,1,Hà Tĩnh
2462,76,1058,105.069556,20.086073,4,0,1,Nghệ An
2463,76,1058,105.079524,20.088821,4,0,1,Nghệ An
2464,76,1059,105.329,20.642478,2,0,1,Hòa Bình
2465,76,1059,105.071633,20.654601,2,0,1,Hòa Bình
2466,76,1060,106.824291,21.655489,2,0,1,Điện Biên
2467,76,1060,103.410915,21.684354,2,0,1,Điện Biên
2468,76,1060,104.762121,22.107492,2,0,1,Điện Biên
2469,77,1061,106.405338,9.224349,4,0,1,Sóc Trăng
2470,77,1061,106.55963,9.292534,4,0,1,Sóc Trăng
2471,77,1062,106.399294,9.743678,4,0,1,Bà Rịa - Vũng Tàu
2472,77,1062,106.989854,10.013433,4,0,1,Bà Rịa - Vũng Tàu
2473,77,1063,106.904649,10.257692,1,70,1,Bà Rịa - Vũng Tàu
2474,77,1063,106.908549,10.2586,1,70,1,Bà Rịa - Vũng Tàu
2475,77,1064,105.908105,10.706459,1,60,1,Đồng Tháp
2476,77,1064,105.922945,10.708906,1,60,1,Đồng Tháp
2477,77,1065,106.168655,10.730747,4,0,1,Đồng Tháp
2478,77,1065,105.923796,10.767614,4,0,1,Đồng Tháp
2479,77,1066,105.903194,10.957507,2,0,1,An Giang
2480,77,1066,105.308834,11.004505,2,0,1,An Giang
2481,77,1066,105.553273,11.095008,2,0,1,An Giang
2482,77,1067,105.518456,11.111753,1,50,1,Tây Ninh
2483,77,1067,105.520059,11.112126,1,50,1,Tây Ninh
2484,77,1067,105.524716,11.113161,1,50,1,Tây Ninh
2485,77,1068,105.656276,11.240527,1,60,1,Tây Ninh
2486,77,1068,105.37906,11.245121,1,60,1,Tây Ninh
2487,77,1069,108.780234,11.317721,4,0,1,Ninh Thuận
2488,77,1069,108.788986,11.319731,4,0,1,Ninh Thuận
2489,77,1070,109.125426,12.06757,1,80,1,Đắk Nông
2490,77,1070,108.033771,12.396976,1,80,1,Đắk Nông
2491,77,1070,107.574583,12.456726,1,80,1,Đắk Nông
2492,77,1070,107.730154,12.490353,1,80,1,Đắk Nông
2493,77,1070,107.960437,12.520335,1,80,1,Đắk Nông
2494,77,1071,107.965568,12.521591,1,50,1,Đắk Lắk
2495,77,1071,108.110451,12.730158,1,50,1,Đắk Lắk
2496,77,1071,108.113344,12.730872,1,50,1,Đắk Lắk
2497,77,1071,108.12644,12.733919,1,50,1,Đắk Lắk
2498,77,1072,108.750123,16.365618,1,60,1,Đà Nẵng
2499,77,1072,108.770555,16.368535,1,60,1,Đà Nẵng
2500,77,1073,108.772228,16.368992,4,0,1,Đà Nẵng
2501,77,1073,108.772526,16.369052,4,0,1,Đà Nẵng
2502,77,1074,105.432066,20.239278,1,50,1,Hòa Bình
2503,77,1074,105.463844,20.241821,1,50,1,Hòa Bình
2504,77,1074,105.344912,20.269522,1,50,1,Hòa Bình
2505,77,1074,105.357433,20.278852,1,50,1,Hòa Bình
2506,77,1074,106.761154,20.295108,1,50,1,Hòa Bình
2507,77,1075,105.337647,20.477325,1,50,1,Hòa Bình
2508,77,1075,105.34307,20.478492,1,50,1,Hòa Bình
2509,77,1075,105.348274,20.479548,1,50,1,Hòa Bình
2510,77,1076,106.949416,20.548981,1,80,1,Hòa Bình
2511,77,1076,105.137173,20.795083,1,80,1,Hòa Bình
2512,77,1077,106.325942,21.351306,4,0,1,Bắc Giang
2513,77,1077,106.109093,21.495157,4,0,1,Bắc Giang
2514,77,1078,106.372098,21.599138,2,0,1,Thái Nguyên
2515,77,1078,106.036754,21.749342,2,0,1,Thái Nguyên
2516,77,1079,104.083371,22.034362,1,80,1,Lao Cai
2517,77,1079,104.085694,22.035999,1,80,1,Lao Cai
2518,77,1080,104.136945,22.750982,4,0,1,Hà Giang
2519,77,1080,104.972147,22.823488,4,0,1,Hà Giang
2520,77,1080,104.975567,22.825858,4,0,1,Hà Giang
2521,78,1081,106.959085,9.321808,2,0,1,Sóc Trăng
2522,78,1081,106.465718,9.425151,2,0,1,Sóc Trăng
2523,78,1082,106.397301,9.743192,4,0,1,Trà Vinh
2524,78,1082,106.500513,9.955965,4,0,1,Trà Vinh
2525,78,1082,106.108728,9.959745,4,0,1,Trà Vinh
2526,78,1083,105.175443,10.315541,1,80,1,An Giang
2527,78,1083,105.190056,10.319408,1,80,1,An Giang
2528,78,1083,105.553309,10.365191,1,80,1,An Giang
2529,78,1084,105.944698,10.565279,1,50,1,Đồng Tháp
2530,78,1084,105.670001,10.584932,1,50,1,Đồng Tháp
2531,78,1085,105.944884,10.704351,1,50,1,Long An
2532,78,1085,105.992454,10.74126,1,50,1,Long An
2533,78,1086,105.52808,11.075248,1,60,1,Tây Ninh
2534,78,1086,105.576771,11.07788,1,60,1,Tây Ninh
2535,78,1087,105.503835,11.247786,2,0,1,An Giang
2536,78,1087,105.116891,11.258772,2,0,1,An Giang
2537,78,1088,108.489386,11.965494,4,0,1,Đắk Nông
2538,78,1088,107.58124,12.001572,4,0,1,Đắk Nông
2539,78,1088,107.587789,12.0034,4,0,1,Đắk Nông
2540,78,1089,109.050252,12.179081,1,80,1,Đắk Nông
2541,78,1089,107.313809,12.303979,1,80,1,Đắk Nông
2542,78,1090,108.8714,12.996063,2,0,1,Gia Lai
2543,78,1090,107.963329,13.595039,2,0,1,Gia Lai
2544,78,1091,109.188749,13.832132,4,0,1,Bình Định
2545,78,1091,109.152232,13.954414,4,0,1,Bình Định
2546,78,1092,108.970037,14.822733,1,50,1,Thừa Thiên Huế
2547,78,1092,107.731807,16.015342,1,50,1,Thừa Thiên Huế
2548,78,1093,108.246134,16.895125,1,60,1,Thừa Thiên Huế
2549,78,1093,108.251209,16.982284,1,60,1,Thừa Thiên Huế
2550,78,1094,108.238713,15.036899,4,0,1,Quảng Nam
2551,78,1094,107.632684,15.449695,4,0,1,Quảng Nam
2552,78,1095,106.569341,18.712276,4,0,1,Hà Tĩnh
2553,78,1095,106.701427,18.8148,4,0,1,Hà Tĩnh
2554,78,1096,104.502363,20.834304,2,0,1,Hưng Yên
2555,78,1096,105.974242,20.834523,2,0,1,Hưng Yên
2556,78,1097,107.14827,20.962851,1,80,1,Quảng Ninh
2557,78,1097,107.149412,20.963078,1,80,1,Quảng Ninh
2558,78,1098,106.423338,21.193527,4,0,1,Bắc Giang
2559,78,1098,106.434684,21.300543,4,0,1,Bắc Giang
2560,78,1098,107.453697,21.306387,4,0,1,Bắc Giang
2561,78,1099,106.82999,21.310571,1,80,1,Hải Phòng
2562,78,1099,106.84521,21.314091,1,80,1,Hải Phòng
2563,78,1100,105.072997,21.437796,2,0,1,Phú Thọ
2564,78,1100,105.078229,21.438875,2,0,1,Phú Thọ
2565,78,1101,104.308119,21.787912,1,60,1,Lai Châu
2566,78,1101,103.173438,21.982332,1,60,1,Lai Châu
2567,79,1102,107.966303,10.720343,1,50,1,Bình Thuận
2568,79,1102,107.951166,10.72144,1,50,1,Bình Thuận
2569,79,1102,105.577657,10.762003,1,50,1,Bình Thuận
2570,79,1103,106.439206,10.813704,1,80,1,Bình Thuận
2571,79,1103,107.806068,10.841125,1,80,1,Bình Thuận
2572,79,1104,105.35957,11.281267,1,60,1,An Giang
2573,79,1104,105.097088,11.305138,1,60,1,An Giang
2574,79,1105,105.381988,11.432011,1,50,1,Tây Ninh
2575,79,1105,105.416713,11.438423,1,50,1,Tây Ninh
2576,79,1106,105.46585,11.445244,1,60,1,Tây Ninh
2577,79,1106,105.457688,11.448272,1,60,1,Tây Ninh
2578,79,1107,107.784652,13.93641,1,50,1,Gia Lai
2579,79,1107,107.924333,13.984469,1,50,1,Gia Lai
2580,79,1108,108.391098,16.655537,1,60,1,Quảng Nam
2581,79,1108,108.215851,15.048729,1,60,1,Quảng Nam
2582,79,1109,106.776904,19.782646,4,0,1,Hòa Bình
2583,79,1109,105.215887,20.200182,4,0,1,Hòa Bình
2584,79,1110,106.437237,21.107919,2,0,1,Quảng Ninh
2585,79,1110,106.995496,21.132685,2,0,1,Quảng Ninh
2586,79,1111,103.74445,21.42522,4,0,1,Phú Thọ
2587,79,1111,105.063314,21.433711,4,0,1,Phú Thọ
2588,79,1112,107.871084,21.640204,4,0,1,Yên Bái
2589,79,1112,104.918462,21.727182,4,0,1,Yên Bái
2590,79,1112,105.784282,21.864708,4,0,1,Yên Bái
2591,80,1113,105.411279,9.868533,4,0,1,An Giang
2592,80,1113,105.692335,10.045117,4,0,1,An Giang
2593,80,1113,105.279666,10.309871,4,0,1,An Giang
2594,80,1113,105.288054,10.311272,4,0,1,An Giang
2595,80,1114,107.870492,11.677787,1,60,1,Tây Ninh
2596,80,1114,105.502933,11.554412,1,60,1,Tây Ninh
2597,80,1115,108.015571,12.546785,4,0,1,Phú Yên
2598,80,1115,109.321752,12.999136,4,0,1,Phú Yên
2599,80,1115,109.324639,12.999505,4,0,1,Phú Yên
2600,80,1116,108.522611,13.951914,1,60,1,Quảng Ngãi
2601,80,1116,109.049715,14.66577,1,60,1,Quảng Ngãi
2602,80,1117,108.407656,14.547503,1,50,1,Đà Nẵng
2603,80,1117,108.811112,16.139509,1,50,1,Đà Nẵng
2604,80,1117,108.857569,16.161393,1,50,1,Đà Nẵng
2605,80,1118,108.114551,15.127753,4,0,1,Quảng Nam
2606,80,1118,108.131251,15.187151,4,0,1,Quảng Nam
2607,80,1119,106.162452,19.320314,1,50,1,Thanh Hóa
2608,80,1119,106.540716,19.507675,1,50,1,Thanh Hóa
2609,80,1120,106.526522,19.947144,1,60,1,Hòa Bình
2610,80,1120,105.265997,20.204635,1,60,1,Hòa Bình
2611,80,1121,106.536227,20.913965,1,80,1,Hòa Bình
2612,80,1121,105.530095,20.914622,1,80,1,Hòa Bình
2613,80,1122,105.286039,20.936382,1,50,1,Hòa Bình
2614,80,1122,105.287176,20.93676,1,50,1,Hòa Bình
2615,80,1123,106.4835,21.107676,2,0,1,Vĩnh Phúc
2616,80,1123,105.769671,21.257634,2,0,1,Vĩnh Phúc
2617,80,1124,106.43127,21.306434,11,0,1,Bắc Giang
2618,80,1124,106.504337,21.314208,11,0,1,Bắc Giang
2619,80,1125,105.087278,21.440714,4,0,1,Phú Thọ
2620,80,1125,105.087644,21.440753,4,0,1,Phú Thọ
2621,81,1126,104.97348,8.765899,4,0,1,Bạc Liêu
2622,81,1126,106.153614,9.174659,4,0,1,Bạc Liêu
2623,81,1126,106.475413,9.243127,4,0,1,Bạc Liêu
2624,81,1127,105.041603,10.276473,2,0,1,Bến Tre
2625,81,1127,106.619959,10.324816,2,0,1,Bến Tre
2626,81,1128,106.252247,10.466418,4,0,1,Tiền Giang
2627,81,1128,106.253598,10.466531,4,0,1,Tiền Giang
2628,81,1129,107.41262,11.38917,4,0,1,Đồng Nai
2629,81,1129,107.568668,11.41071,4,0,1,Đồng Nai
2630,81,1129,105.611964,11.425227,4,0,1,Đồng Nai
2631,81,1130,105.614329,11.42565,4,0,1,Tây Ninh
2632,81,1130,105.709628,11.60828,4,0,1,Tây Ninh
2633,81,1130,107.835356,11.629442,4,0,1,Tây Ninh
2634,81,1131,107.873116,11.63283,1,60,1,Đắk Nông
2635,81,1131,107.873155,11.632834,1,60,1,Đắk Nông
2636,81,1132,109.003365,11.701102,4,0,1,Đắk Nông
2637,81,1132,107.676865,11.980397,4,0,1,Đắk Nông
2638,81,1133,109.094537,12.244018,1,50,1,Đắk Lắk
2639,81,1133,108.125875,12.734211,1,50,1,Đắk Lắk
2640,81,1134,109.181538,13.900954,4,0,1,Bình Định
2641,81,1134,109.232383,13.944646,4,0,1,Bình Định
2642,81,1135,109.083799,14.493581,1,60,1,Bình Định
2643,81,1135,109.037056,14.601757,1,60,1,Bình Định
2644,81,1136,108.210468,15.069726,4,0,1,Quảng Nam
2645,81,1136,108.21158,15.069916,4,0,1,Quảng Nam
2646,81,1137,108.213411,15.050151,11,0,1,Quảng Nam
2647,81,1137,108.215374,15.050683,11,0,1,Quảng Nam
2648,81,1138,105.641514,17.486323,4,0,1,Quảng Bình
2649,81,1138,106.887052,18.359498,4,0,1,Quảng Bình
2650,81,1139,106.292444,18.906029,2,0,1,Hà Tĩnh
2651,81,1139,106.258347,19.044791,2,0,1,Hà Tĩnh
2652,81,1140,106.170067,20.293077,2,0,1,Hòa Bình
2653,81,1140,105.113306,20.440997,2,0,1,Hòa Bình
2654,81,1140,105.121605,20.442261,2,0,1,Hòa Bình
2655,81,1141,105.084535,20.690602,1,50,1,Nam Định
2656,81,1141,106.199477,20.535725,1,50,1,Nam Định
2657,81,1141,105.07075,20.757689,1,50,1,Nam Định
2658,81,1142,104.650987,21.213533,1,80,1,Quảng Ninh
2659,81,1142,107.367026,21.220731,1,80,1,Quảng Ninh
2660,81,1143,105.268875,21.29043,11,0,1,Hải Phòng
2661,81,1143,106.699871,21.313606,11,0,1,Hải Phòng
2662,81,1144,106.829361,21.69485,4,0,1,Hà Giang
2663,81,1144,104.67831,22.413273,4,0,1,Hà Giang
2664,82,1145,106.810784,9.956763,1,80,1,Bến Tre
2665,82,1145,106.560467,10.073162,1,80,1,Bến Tre
2666,82,1146,106.264524,10.251723,4,0,1,Bà Rịa - Vũng Tàu
2667,82,1146,107.084977,10.323327,4,0,1,Bà Rịa - Vũng Tàu
2668,82,1147,106.34672,10.803595,4,0,1,TP. Hồ Chí Minh
2669,82,1147,106.361104,10.80441,4,0,1,TP. Hồ Chí Minh
2670,82,1147,106.3524,10.806645,4,0,1,TP. Hồ Chí Minh
2671,82,1148,105.86594,11.013923,2,0,1,Tây Ninh
2672,82,1148,105.592368,11.180158,2,0,1,Tây Ninh
2673,82,1149,108.345746,11.261087,4,0,1,Bình Thuận
2674,82,1149,108.37348,11.264421,4,0,1,Bình Thuận
2675,82,1149,108.445848,11.252383,4,0,1,Bình Thuận
2676,82,1150,105.687178,11.252717,2,0,1,Tây Ninh
2677,82,1150,105.534845,11.272467,2,0,1,Tây Ninh
2678,82,1151,107.5488,11.975351,11,0,1,Khánh Hòa
2679,82,1151,109.098564,12.244666,11,0,1,Khánh Hòa
2680,82,1152,108.662923,12.806566,4,0,1,Gia Lai
2681,82,1152,107.740342,13.817539,4,0,1,Gia Lai
2682,82,1153,109.082329,13.892421,4,0,1,Bình Định
2683,82,1153,108.986123,13.932227,4,0,1,Bình Định
2684,82,1154,108.663841,13.97301,4,0,1,Đà Nẵng
2685,82,1154,108.824797,16.124063,4,0,1,Đà Nẵng
2686,82,1155,107.717182,15.15144,2,0,1,Quảng Nam
2687,82,1155,107.367675,15.686203,2,0,1,Quảng Nam
2688,82,1156,105.818305,15.568467,4,0,1,Thừa Thiên Huế
2689,82,1156,107.079232,15.902812,4,0,1,Thừa Thiên Huế
2690,82,1157,105.325258,20.149488,1,80,1,Hòa Bình
2691,82,1157,105.343652,20.269417,1,80,1,Hòa Bình
2692,82,1158,105.454778,20.390216,4,0,1,Hải Phòng
2693,82,1158,106.90906,20.64096,4,0,1,Hải Phòng
2694,82,1158,106.917858,20.704037,4,0,1,Hải Phòng
2695,82,1159,105.097392,21.329443,1,60,1,Phú Thọ
2696,82,1159,105.100583,21.329938,1,60,1,Phú Thọ
2697,82,1160,106.050322,21.362742,1,60,1,Bắc Giang
2698,82,1160,106.242399,21.406683,1,60,1,Bắc Giang
2699,82,1161,105.690568,21.565734,4,0,1,Thái Nguyên
2700,82,1161,105.68438,21.551752,4,0,1,Thái Nguyên
2701,83,1162,106.601759,10.204409,2,0,1,Bến Tre
2702,83,1162,106.717754,10.320257,2,0,1,Bến Tre
2703,83,1163,105.044234,10.414944,4,0,1,An Giang
2704,83,1163,105.104754,10.42383,4,0,1,An Giang
2705,83,1164,107.242757,10.580147,1,60,1,Bà Rịa - Vũng Tàu
2706,83,1164,107.246879,10.580488,1,60,1,Bà Rịa - Vũng Tàu
2707,83,1164,105.694683,10.595393,1,60,1,Bà Rịa - Vũng Tàu
2708,83,1165,105.975174,10.798017,4,0,1,TP. Hồ Chí Minh
2709,83,1165,106.368574,10.806192,4,0,1,TP. Hồ Chí Minh
2710,83,1166,106.376702,10.807067,1,50,1,TP. Hồ Chí Minh
2711,83,1166,106.38666,10.808093,1,50,1,TP. Hồ Chí Minh
2712,83,1166,106.40574,10.810285,1,50,1,TP. Hồ Chí Minh
2713,83,1166,106.434218,10.813078,1,50,1,TP. Hồ Chí Minh
2714,83,1167,106.436454,10.813149,4,0,1,TP. Hồ Chí Minh
2715,83,1167,106.436729,10.813185,4,0,1,TP. Hồ Chí Minh
2716,83,1167,106.648312,10.824856,4,0,1,TP. Hồ Chí Minh
2717,83,1168,105.719876,10.92755,1,60,1,Đồng Nai
2718,83,1168,107.213809,10.930715,1,60,1,Đồng Nai
2719,83,1168,107.220457,10.931478,1,60,1,Đồng Nai
2720,83,1169,108.3196,11.247851,4,0,1,Bình Thuận
2721,83,1169,108.332968,11.249389,4,0,1,Bình Thuận
2722,83,1170,108.350874,11.262876,4,0,1,Bình Thuận
2723,83,1170,108.428638,11.250135,4,0,1,Bình Thuận
2724,83,1170,108.454519,11.254538,4,0,1,Bình Thuận
2725,83,1171,107.229659,11.80892,2,0,1,Đắk Nông
2726,83,1171,107.856303,12.164923,2,0,1,Đắk Nông
2727,83,1172,106.720097,18.460685,4,0,1,Hà Tĩnh
2728,83,1172,106.666849,18.613265,4,0,1,Hà Tĩnh
2729,83,1172,106.590761,18.818226,4,0,1,Hà Tĩnh
2730,83,1173,106.968441,20.187917,1,80,1,Hòa Bình
2731,83,1173,105.230184,20.200988,1,80,1,Hòa Bình
2732,83,1174,106.912158,20.641266,11,0,1,Hòa Bình
2733,83,1174,105.000164,20.664295,11,0,1,Hòa Bình
2734,83,1174,105.364379,20.665759,11,0,1,Hòa Bình
2735,83,1175,105.04347,20.796933,4,0,1,Hòa Bình
2736,83,1175,105.10495,20.848704,4,0,1,Hòa Bình
2737,83,1175,105.220983,20.850441,4,0,1,Hòa Bình
2738,83,1176,105.024261,21.032109,2,0,1,Vĩnh Phúc
2739,83,1176,105.529532,21.062717,2,0,1,Vĩnh Phúc
2740,83,1177,107.909704,21.642393,1,60,1,Quảng Ninh
2741,83,1177,107.912536,21.642732,1,60,1,Quảng Ninh
2742,83,1177,106.158621,21.702042,1,60,1,Quảng Ninh
2743,84,1178,105.566686,10.201618,4,0,1,An Giang
2744,84,1178,104.999787,10.421047,4,0,1,An Giang
2745,84,1178,105.182114,10.423719,4,0,1,An Giang
2746,84,1179,107.047401,10.699342,1,60,1,Đồng Tháp
2747,84,1179,105.530542,10.506648,1,60,1,Đồng Tháp
2748,84,1180,105.722164,10.797818,1,80,1,TP. Hồ Chí Minh
2749,84,1180,106.378892,10.807396,1,80,1,TP. Hồ Chí Minh
2750,84,1180,106.391314,10.808717,1,80,1,TP. Hồ Chí Minh
2751,84,1180,106.42022,10.811722,1,80,1,TP. Hồ Chí Minh
2752,84,1181,106.467216,10.816491,1,50,1,TP. Hồ Chí Minh
2753,84,1181,106.491457,10.81913,1,50,1,TP. Hồ Chí Minh
2754,84,1182,108.392221,11.265653,4,0,1,Bình Thuận
2755,84,1182,108.410668,11.268306,4,0,1,Bình Thuận
2756,84,1183,107.586567,11.42481,4,0,1,Tây Ninh
2757,84,1183,105.630719,11.428571,4,0,1,Tây Ninh
2758,84,1184,108.481946,11.750113,4,0,1,Đắk Lắk
2759,84,1184,109.341572,12.805977,4,0,1,Đắk Lắk
2760,84,1184,108.65201,12.809068,4,0,1,Đắk Lắk
2761,84,1184,108.762551,12.978941,4,0,1,Đắk Lắk
2762,84,1185,109.079337,13.746177,1,60,1,Bình Định
2763,84,1185,109.081695,13.746383,1,60,1,Bình Định
2764,84,1185,109.083509,13.746657,1,60,1,Bình Định
2765,84,1186,108.507213,16.249843,4,0,1,Thừa Thiên Huế
2766,84,1186,108.175974,16.888861,4,0,1,Thừa Thiên Huế
2767,84,1187,106.873041,20.157454,1,80,1,Hòa Bình
2768,84,1187,105.299388,20.435488,1,80,1,Hòa Bình
2769,84,1188,105.491928,20.630314,4,0,1,Hòa Bình
2770,84,1188,105.027714,20.669148,4,0,1,Hòa Bình
2771,84,1189,106.977537,20.743806,2,0,1,Hải Dương
2772,84,1189,106.331559,20.849138,2,0,1,Hải Dương
2773,84,1190,105.293001,20.935049,2,0,1,Hòa Bình
2774,84,1190,105.2106,20.937893,2,0,1,Hòa Bình
2775,84,1191,105.022658,21.031949,2,0,1,Phú Thọ
2776,84,1191,105.141655,21.077185,2,0,1,Phú Thọ
2777,84,1192,107.394357,21.082668,1,100,1,Quảng Ninh
2778,84,1192,107.394491,21.082655,1,100,1,Quảng Ninh
2779,84,1193,105.16515,21.111475,2,0,1,Hải Phòng
2780,84,1193,106.911477,21.200276,2,0,1,Hải Phòng
2781,84,1194,105.159104,21.392969,4,0,1,Thái Nguyên
2782,84,1194,106.204006,21.824652,4,0,1,Thái Nguyên
2783,85,1195,105.694717,8.546642,1,60,1,Bạc Liêu
2784,85,1195,106.029198,8.938861,1,60,1,Bạc Liêu
2785,85,1196,105.502383,9.891271,4,0,1,An Giang
2786,85,1196,105.190405,10.288967,4,0,1,An Giang
2787,85,1197,107.249338,10.485139,4,0,1,Bà Rịa - Vũng Tàu
2788,85,1197,107.265939,10.487198,4,0,1,Bà Rịa - Vũng Tàu
2789,85,1198,107.48656,10.662423,1,50,1,Bà Rịa - Vũng Tàu
2790,85,1198,107.270462,10.693624,1,50,1,Bà Rịa - Vũng Tàu
2791,85,1199,105.303239,10.598498,4,0,1,Bình Thuận
2792,85,1199,107.92694,10.727863,4,0,1,Bình Thuận
2793,85,1200,107.555211,10.834388,4,0,1,Tây Ninh
2794,85,1200,105.905142,10.899253,4,0,1,Tây Ninh
2795,85,1201,105.075802,11.316358,4,0,1,An Giang
2796,85,1201,105.080684,11.316501,4,0,1,An Giang
2797,85,1201,105.085676,11.315022,4,0,1,An Giang
2798,85,1202,105.090521,11.315233,11,0,1,Tây Ninh
2799,85,1202,105.901665,11.63742,11,0,1,Tây Ninh
2800,85,1203,105.901781,11.637422,4,0,1,Tây Ninh
2801,85,1203,105.097674,11.661564,4,0,1,Tây Ninh
2802,85,1204,105.102515,11.661961,1,50,1,Đắk Nông
2803,85,1204,107.646646,11.503338,1,50,1,Đắk Nông
2804,85,1205,108.513219,13.96978,1,60,1,Gia Lai
2805,85,1205,107.51995,13.959406,1,60,1,Gia Lai
2806,85,1206,108.729869,16.35815,1,60,1,Đà Nẵng
2807,85,1206,108.294074,16.829622,1,60,1,Đà Nẵng
2808,85,1207,106.703839,18.787738,2,0,1,Hà Tĩnh
2809,85,1207,106.651138,19.008577,2,0,1,Hà Tĩnh
2810,85,1208,106.746338,19.923751,1,80,1,Thanh Hóa
2811,85,1208,105.2133,20.052209,1,80,1,Thanh Hóa
2812,85,1209,106.904436,20.628855,11,0,1,Hải Phòng
2813,85,1209,106.87249,20.671689,11,0,1,Hải Phòng
2814,85,1210,106.316936,20.778831,2,0,1,Hải Phòng
2815,85,1210,106.519349,20.849304,2,0,1,Hải Phòng
2816,85,1211,105.299584,20.868729,4,0,1,Hòa Bình
2817,85,1211,105.240444,20.851812,4,0,1,Hòa Bình
2818,85,1211,105.269562,20.853133,4,0,1,Hòa Bình
2819,85,1211,105.852407,20.928847,4,0,1,Hòa Bình
2820,85,1212,105.273955,21.085904,2,0,1,Hải Phòng
2821,85,1212,106.638036,21.154246,2,0,1,Hải Phòng
2822,85,1213,105.321217,21.21265,1,50,1,Bắc Giang
2823,85,1213,106.49919,21.277527,1,50,1,Bắc Giang
2824,85,1214,105.380027,21.299949,4,0,1,Vĩnh Phúc
2825,85,1214,105.589317,21.38445,4,0,1,Vĩnh Phúc
2826,85,1215,107.01645,21.808464,2,0,1,Thái Nguyên
2827,85,1215,106.185396,21.847962,2,0,1,Thái Nguyên
2828,85,1216,106.849472,22.441768,2,0,1,Lai Châu
2829,85,1216,103.687808,22.582409,2,0,1,Lai Châu
2830,86,1217,105.023976,10.330853,1,80,1,An Giang
2831,86,1217,105.294968,10.33854,1,80,1,An Giang
2832,86,1218,107.326201,10.462549,2,0,1,Bà Rịa - Vũng Tàu
2833,86,1218,107.14671,10.499817,2,0,1,Bà Rịa - Vũng Tàu
2834,86,1219,105.51802,10.504603,4,0,1,Đồng Tháp
2835,86,1219,105.520195,10.504553,4,0,1,Đồng Tháp
2836,86,1219,105.520549,10.5047,4,0,1,Đồng Tháp
2837,86,1219,105.525015,10.50608,4,0,1,Đồng Tháp
2838,86,1220,105.892045,10.898253,4,0,1,Đồng Nai
2839,86,1220,107.295768,10.902663,4,0,1,Đồng Nai
2840,86,1221,108.484405,11.750349,11,0,1,Lâm Đồng
2841,86,1221,108.489625,11.750767,11,0,1,Lâm Đồng
2842,86,1222,108.200115,15.056672,4,0,1,Quảng Nam
2843,86,1222,108.204462,15.05685,4,0,1,Quảng Nam
2844,86,1222,108.088175,15.220498,4,0,1,Quảng Nam
2845,86,1222,107.545769,15.405919,4,0,1,Quảng Nam
2846,86,1222,105.764865,15.53374,4,0,1,Quảng Nam
2847,86,1223,106.857477,18.338189,4,0,1,Quảng Bình
2848,86,1223,106.924636,18.374375,4,0,1,Quảng Bình
2849,86,1224,106.5605,18.6359,1,60,1,Hà Tĩnh
2850,86,1224,106.575775,18.817244,1,60,1,Hà Tĩnh
2851,86,1224,106.437258,18.922336,1,60,1,Hà Tĩnh
2852,86,1225,106.535476,20.213388,4,0,1,Hòa Bình
2853,86,1225,105.321643,20.438367,4,0,1,Hòa Bình
2854,86,1226,105.116348,20.849701,4,0,1,Hòa Bình
2855,86,1226,105.126693,20.860456,4,0,1,Hòa Bình
2856,86,1227,107.247798,20.997076,4,0,1,Vĩnh Phúc
2857,86,1227,105.789288,21.032048,4,0,1,Vĩnh Phúc
2858,86,1227,105.568348,21.062138,4,0,1,Vĩnh Phúc
2859,86,1227,105.122615,21.073708,4,0,1,Vĩnh Phúc
2860,86,1227,106.310563,21.305633,4,0,1,Vĩnh Phúc
2861,86,1228,105.624265,21.365226,4,0,1,Bắc Giang
2862,86,1228,106.124646,21.419721,4,0,1,Bắc Giang
2863,86,1228,105.098843,21.442937,4,0,1,Bắc Giang
2864,86,1229,107.768194,21.447983,1,60,1,Yên Bái
2865,86,1229,104.975813,21.632648,1,60,1,Yên Bái
2866,87,1230,106.577062,9.99873,1,80,1,Cần Thơ
2867,87,1230,105.49765,10.138542,1,80,1,Cần Thơ
2868,87,1231,105.339813,10.310509,2,0,1,Đồng Tháp
2869,87,1231,105.65893,10.367062,2,0,1,Đồng Tháp
2870,87,1232,105.085653,10.423638,4,0,1,Bà Rịa - Vũng Tàu
2871,87,1232,107.315577,10.461951,4,0,1,Bà Rịa - Vũng Tàu
2872,87,1232,106.261893,10.463969,4,0,1,Bà Rịa - Vũng Tàu
2873,87,1233,107.302506,10.600918,4,0,1,Long An
2874,87,1233,106.422827,10.649334,4,0,1,Long An
2875,87,1234,105.042219,10.689125,1,50,1,Bà Rịa - Vũng Tàu
2876,87,1234,107.276544,10.693581,1,50,1,Bà Rịa - Vũng Tàu
2877,87,1235,105.269577,10.595352,4,0,1,An Giang
2878,87,1235,105.258729,10.595849,4,0,1,An Giang
2879,87,1235,105.270598,10.595937,4,0,1,An Giang
2880,87,1236,105.854451,10.785194,4,0,1,Đồng Tháp
2881,87,1236,105.780434,10.795245,4,0,1,Đồng Tháp
2882,87,1237,105.553362,10.851653,4,0,1,Bình Thuận
2883,87,1237,107.816562,10.854217,4,0,1,Bình Thuận
2884,87,1237,107.407035,10.899056,4,0,1,Bình Thuận
2885,87,1238,105.716776,10.930979,1,60,1,Đồng Nai
2886,87,1238,107.011951,10.944846,1,60,1,Đồng Nai
2887,87,1239,105.873222,10.971969,11,0,1,Đồng Tháp
2888,87,1239,105.539356,10.973274,11,0,1,Đồng Tháp
2889,87,1240,107.321466,11.666264,4,0,1,Lâm Đồng
2890,87,1240,108.059803,11.673407,4,0,1,Lâm Đồng
2891,87,1240,107.247571,11.812835,4,0,1,Lâm Đồng
2892,87,1241,108.14101,12.050059,2,0,1,Khánh Hòa
2893,87,1241,109.162137,12.073601,2,0,1,Khánh Hòa
2894,87,1242,107.559329,13.794179,1,80,1,Bình Định
2895,87,1242,109.00407,13.963416,1,80,1,Bình Định
2896,87,1243,108.101303,13.989975,2,0,1,Bình Định
2897,87,1243,108.649819,14.047724,2,0,1,Bình Định
2898,87,1244,108.396345,16.769052,4,0,1,Thừa Thiên Huế
2899,87,1244,107.963648,16.967358,4,0,1,Thừa Thiên Huế
2900,87,1245,107.102575,15.790706,4,0,1,Hà Tĩnh
2901,87,1245,105.512623,17.459195,4,0,1,Hà Tĩnh
2902,87,1246,106.753727,19.808976,1,60,1,Thái Bình
2903,87,1246,106.474184,19.873975,1,60,1,Thái Bình
2904,87,1247,105.609473,20.921123,2,0,1,Hải Phòng
2905,87,1247,106.648445,20.944203,2,0,1,Hải Phòng
2906,87,1248,106.98758,21.026885,2,0,1,Quảng Ninh
2907,87,1248,107.36948,21.037111,2,0,1,Quảng Ninh
2908,87,1248,106.481747,21.164847,2,0,1,Quảng Ninh
2909,87,1249,106.0977,21.393922,2,0,1,Bắc Giang
2910,87,1249,106.607232,21.44024,2,0,1,Bắc Giang
2911,87,1250,107.850856,21.619125,4,0,1,Quảng Ninh
2912,87,1250,107.876356,21.619531,4,0,1,Quảng Ninh
2913,88,1251,107.223872,10.416559,4,0,1,Bà Rịa - Vũng Tàu
2914,88,1251,107.224114,10.416592,4,0,1,Bà Rịa - Vũng Tàu
2915,88,1252,107.316105,10.601392,4,0,1,Bà Rịa - Vũng Tàu
2916,88,1252,107.327247,10.60176,4,0,1,Bà Rịa - Vũng Tàu
2917,88,1252,104.869774,10.608424,4,0,1,Bà Rịa - Vũng Tàu
2918,88,1252,107.371313,10.621116,4,0,1,Bà Rịa - Vũng Tàu
2919,88,1252,106.46219,10.670093,4,0,1,Bà Rịa - Vũng Tàu
2920,88,1252,107.183401,10.693137,4,0,1,Bà Rịa - Vũng Tàu
2921,88,1253,105.578007,10.727749,1,80,1,Đồng Tháp
2922,88,1253,105.583108,10.727986,1,80,1,Đồng Tháp
2923,88,1254,106.156328,10.734425,4,0,1,Đồng Tháp
2924,88,1254,105.882442,10.785541,4,0,1,Đồng Tháp
2925,88,1255,105.758456,10.796375,1,60,1,Đồng Tháp
2926,88,1255,105.777619,10.796533,1,60,1,Đồng Tháp
2927,88,1256,107.270614,10.854974,4,0,1,Đồng Nai
2928,88,1256,107.797686,10.854991,4,0,1,Đồng Nai
2929,88,1256,107.288955,10.856368,4,0,1,Đồng Nai
2930,88,1256,107.426515,10.899574,4,0,1,Đồng Nai
2931,88,1257,105.908869,11.637536,11,0,1,Bình Phước
2932,88,1257,107.244096,11.812597,11,0,1,Bình Phước
2933,88,1258,108.898134,11.836716,4,0,1,Đắk Nông
2934,88,1258,107.682867,11.980117,4,0,1,Đắk Nông
2935,88,1258,107.624079,12.000146,4,0,1,Đắk Nông
2936,88,1259,108.377538,12.772337,4,0,1,Phú Yên
2937,88,1259,109.255361,12.995554,4,0,1,Phú Yên
2938,88,1260,109.137448,13.88804,4,0,1,Bình Định
2939,88,1260,109.145226,13.889768,4,0,1,Bình Định
2940,88,1261,109.066488,13.916903,1,80,1,Gia Lai
2941,88,1261,107.692635,13.955421,1,80,1,Gia Lai
2942,88,1262,105.387326,18.075879,1,60,1,Hà Tĩnh
2943,88,1262,105.387374,18.075885,1,60,1,Hà Tĩnh
2944,88,1263,105.794281,20.806599,1,50,1,Hà Nội
2945,88,1263,105.821348,20.805376,1,50,1,Hà Nội
2946,88,1264,106.632599,20.990127,1,100,1,Hải Dương
2947,88,1264,106.51382,21.001156,1,100,1,Hải Dương
2948,88,1265,107.295146,21.07611,4,0,1,Hải Phòng
2949,88,1265,106.6865,21.091182,4,0,1,Hải Phòng
2950,88,1266,105.180295,21.276626,4,0,1,Vĩnh Phúc
2951,88,1266,105.648444,21.284081,4,0,1,Vĩnh Phúc
2952,88,1267,106.574331,21.337051,4,0,1,Điện Biên
2953,88,1267,103.037196,21.411208,4,0,1,Điện Biên
2954,88,1268,107.904376,21.620546,4,0,1,Lạng Sơn
2955,88,1268,106.83885,21.678822,4,0,1,Lạng Sơn
2956,89,1269,106.314552,9.77278,4,0,1,Trà Vinh
2957,89,1269,105.167788,9.90976,4,0,1,Trà Vinh
2958,89,1269,106.576693,9.998591,4,0,1,Trà Vinh
2959,89,1269,105.385291,10.270338,4,0,1,Trà Vinh
2960,89,1270,105.138936,10.309622,1,80,1,An Giang
2961,89,1270,105.236006,10.326121,1,80,1,An Giang
2962,89,1271,105.792588,10.663458,1,60,1,Bà Rịa - Vũng Tàu
2963,89,1271,107.221767,10.676362,1,60,1,Bà Rịa - Vũng Tàu
2964,89,1272,106.697841,10.570478,1,50,1,Đồng Tháp
2965,89,1272,105.884668,10.575406,1,50,1,Đồng Tháp
2966,89,1273,105.593954,10.728159,4,0,1,Đồng Tháp
2967,89,1273,105.703121,10.728234,4,0,1,Đồng Tháp
2968,89,1274,107.411508,10.917759,1,60,1,Đồng Tháp
2969,89,1274,105.724342,10.932609,1,60,1,Đồng Tháp
2970,89,1275,107.173924,10.942198,4,0,1,Đồng Nai
2971,89,1275,107.146141,10.942337,4,0,1,Đồng Nai
2972,89,1276,105.395275,11.159281,2,0,1,Tây Ninh
2973,89,1276,105.723517,11.184717,2,0,1,Tây Ninh
2974,89,1277,108.49583,11.751121,4,0,1,Khánh Hòa
2975,89,1277,109.162395,11.918189,4,0,1,Khánh Hòa
2976,89,1278,109.105352,12.265957,11,0,1,Khánh Hòa
2977,89,1278,109.11286,12.267037,11,0,1,Khánh Hòa
2978,89,1279,109.100945,12.601427,4,0,1,Đắk Lắk
2979,89,1279,108.036284,12.582433,4,0,1,Đắk Lắk
2980,89,1280,109.237743,13.19889,1,60,1,Gia Lai
2981,89,1280,107.928649,13.745913,1,60,1,Gia Lai
2982,89,1281,109.041659,13.865562,4,0,1,Bình Định
2983,89,1281,109.041523,13.897304,4,0,1,Bình Định
2984,89,1282,105.639784,17.48602,4,0,1,Hà Tĩnh
2985,89,1282,105.08085,18.186691,4,0,1,Hà Tĩnh
2986,89,1282,106.844892,18.338107,4,0,1,Hà Tĩnh
2987,89,1283,105.03016,20.278593,1,80,1,Hòa Bình
2988,89,1283,105.068879,20.27881,1,80,1,Hòa Bình
2989,89,1284,106.897248,20.628668,2,0,1,Hòa Bình
2990,89,1284,105.177661,20.507021,2,0,1,Hòa Bình
2991,89,1285,105.192069,20.864627,4,0,1,Hải Phòng
2992,89,1285,105.154044,20.866315,4,0,1,Hải Phòng
2993,89,1285,106.926513,20.947062,4,0,1,Hải Phòng
2994,89,1285,106.846443,20.956697,4,0,1,Hải Phòng
2995,89,1285,106.849026,20.956578,4,0,1,Hải Phòng
2996,89,1286,105.414711,20.978743,1,50,1,Quảng Ninh
2997,89,1286,107.023856,20.984437,1,50,1,Quảng Ninh
2998,89,1287,107.385328,21.041175,1,60,1,Hải Phòng
2999,89,1287,106.586018,21.045874,1,60,1,Hải Phòng
3000,89,1288,107.242447,21.053959,4,0,1,Vĩnh Phúc
3001,89,1288,105.601698,21.085435,4,0,1,Vĩnh Phúc
3002,89,1289,105.854878,21.089475,1,80,1,Hải Phòng
3003,89,1289,106.802193,21.110731,1,80,1,Hải Phòng
3004,89,1290,105.88086,21.219776,1,60,1,Phú Thọ
3005,89,1290,105.18381,21.29387,1,60,1,Phú Thọ
3006,89,1291,105.018776,21.442974,1,50,1,Lạng Sơn
3007,89,1291,106.988315,21.46095,1,50,1,Lạng Sơn
3008,89,1292,105.247277,22.548434,2,0,1,Lao Cai
3009,89,1292,104.253458,22.59135,2,0,1,Lao Cai
3010,90,1293,104.812891,9.025807,1,50,1,Bạc Liêu
3011,90,1293,106.308881,9.027125,1,50,1,Bạc Liêu
3012,90,1293,106.150269,9.027804,1,50,1,Bạc Liêu
3013,90,1293,106.110547,9.029103,1,50,1,Bạc Liêu
3014,90,1294,105.198868,10.288545,4,0,1,Bến Tre
3015,90,1294,106.7679,10.290273,4,0,1,Bến Tre
3016,90,1295,105.947789,10.402003,4,0,1,Bà Rịa - Vũng Tàu
3017,90,1295,106.979752,10.610717,4,0,1,Bà Rịa - Vũng Tàu
3018,90,1296,105.266952,10.536575,4,0,1,An Giang
3019,90,1296,105.265174,10.536729,4,0,1,An Giang
3020,90,1297,105.724481,10.92458,1,60,1,Đồng Tháp
3021,90,1297,105.724678,10.929938,1,60,1,Đồng Tháp
3022,90,1298,105.72663,10.936103,1,60,1,Đồng Tháp
3023,90,1298,105.728995,10.937616,1,60,1,Đồng Tháp
3024,90,1298,105.716266,10.937656,1,60,1,Đồng Tháp
3025,90,1299,107.221939,10.941518,4,0,1,Đồng Nai
3026,90,1299,107.172559,10.94219,4,0,1,Đồng Nai
3027,90,1300,105.817993,10.966993,4,0,1,Tây Ninh
3028,90,1300,105.882189,10.972464,4,0,1,Tây Ninh
3029,90,1301,107.178938,10.995935,1,50,1,Đồng Nai
3030,90,1301,107.178815,10.995943,1,50,1,Đồng Nai
3031,90,1302,105.823869,11.055852,1,60,1,Tây Ninh
3032,90,1302,105.538919,11.086924,1,60,1,Tây Ninh
3033,90,1302,105.540347,11.097156,1,60,1,Tây Ninh
3034,90,1302,105.533587,11.097261,1,60,1,Tây Ninh
3035,90,1302,105.56648,11.114157,1,60,1,Tây Ninh
3036,90,1303,105.564126,11.114176,1,50,1,Tây Ninh
3037,90,1303,105.542213,11.114362,1,50,1,Tây Ninh
3038,90,1303,105.530954,11.114392,1,50,1,Tây Ninh
3039,90,1303,105.536023,11.114416,1,50,1,Tây Ninh
3040,90,1303,105.53801,11.13986,1,50,1,Tây Ninh
3041,90,1304,105.592695,11.548815,1,60,1,Tây Ninh
3042,90,1304,105.90236,11.570225,1,60,1,Tây Ninh
3043,90,1305,108.037922,12.582408,4,0,1,Đắk Lắk
3044,90,1305,108.032656,12.582438,4,0,1,Đắk Lắk
3045,90,1306,108.018982,12.582618,2,0,1,Đắk Lắk
3046,90,1306,108.632887,12.810024,2,0,1,Đắk Lắk
3047,90,1306,108.939194,13.037598,2,0,1,Đắk Lắk
3048,90,1307,105.585935,15.509453,4,0,1,Quảng Trị
3049,90,1307,105.716235,15.519511,4,0,1,Quảng Trị
3050,90,1308,107.149214,15.759981,1,80,1,Thừa Thiên Huế
3051,90,1308,107.02296,15.803408,1,80,1,Thừa Thiên Huế
3052,90,1309,106.530119,18.588181,1,50,1,Hà Tĩnh
3053,90,1309,106.519468,18.588263,1,50,1,Hà Tĩnh
3054,90,1309,106.777925,19.831261,1,50,1,Hà Tĩnh
3055,90,1310,106.451568,19.867638,1,90,1,Ninh Bình
3056,90,1310,106.413111,19.852957,1,90,1,Ninh Bình
3057,90,1311,105.453481,20.24254,1,50,1,Hòa Bình
3058,90,1311,105.031151,20.278729,1,50,1,Hòa Bình
3059,90,1312,105.558412,20.756391,4,0,1,Hòa Bình
3060,90,1312,105.512533,20.77068,4,0,1,Hòa Bình
3061,90,1312,105.693407,20.770594,4,0,1,Hòa Bình
3062,90,1313,105.555205,20.851864,1,60,1,Hải Phòng
3063,90,1313,106.866423,20.857439,1,60,1,Hải Phòng
3064,90,1314,103.000429,21.315515,2,0,1,Phú Thọ
3065,90,1314,105.230858,21.355165,2,0,1,Phú Thọ
3066,90,1315,106.383569,21.357113,4,0,1,Bắc Giang
3067,90,1315,106.385723,21.357138,4,0,1,Bắc Giang
3068,90,1316,106.147996,21.390523,4,0,1,Bắc Giang
3069,90,1316,106.325792,21.394109,4,0,1,Bắc Giang
3070,90,1317,103.027472,21.504548,1,80,1,Lạng Sơn
3071,90,1317,106.773006,21.536847,1,80,1,Lạng Sơn
3072,91,1318,106.172518,9.02754,1,50,1,Bạc Liêu
3073,91,1318,106.148582,9.028299,1,50,1,Bạc Liêu
3074,91,1319,106.928625,9.312307,2,0,1,Cà Mau
3075,91,1319,105.132372,9.488955,2,0,1,Cà Mau
3076,91,1319,105.117734,9.48943,2,0,1,Cà Mau
3077,91,1320,106.702253,9.990593,2,0,1,Bến Tre
3078,91,1320,106.577132,10.129067,2,0,1,Bến Tre
3079,91,1321,105.636084,10.232927,4,0,1,Kiên Giang
3080,91,1321,104.771163,10.283053,4,0,1,Kiên Giang
3081,91,1321,104.735949,10.284152,4,0,1,Kiên Giang
3082,91,1321,104.715748,10.28479,4,0,1,Kiên Giang
3083,91,1321,104.701323,10.286277,4,0,1,Kiên Giang
3084,91,1321,104.562261,10.285729,4,0,1,Kiên Giang
3085,91,1321,105.34854,10.31114,4,0,1,Kiên Giang
3086,91,1321,105.312395,10.316122,4,0,1,Kiên Giang
3087,91,1321,105.340818,10.3686,4,0,1,Kiên Giang
3088,91,1322,107.066013,10.506466,2,0,1,Bà Rịa - Vũng Tàu
3089,91,1322,107.446665,10.540285,2,0,1,Bà Rịa - Vũng Tàu
3090,91,1323,106.690812,10.570552,1,80,1,TP. Hồ Chí Minh
3091,91,1323,106.68254,10.570983,1,80,1,TP. Hồ Chí Minh
3092,91,1324,106.336398,10.720983,2,0,1,Bà Rịa - Vũng Tàu
3093,91,1324,107.235352,10.72807,2,0,1,Bà Rịa - Vũng Tàu
3094,91,1325,107.01379,10.793207,1,60,1,Đồng Tháp
3095,91,1325,105.975353,10.810662,1,60,1,Đồng Tháp
3096,91,1326,107.378773,10.907938,1,50,1,Đồng Nai
3097,91,1326,107.235825,10.941461,1,50,1,Đồng Nai
3098,91,1327,105.335389,11.279478,4,0,1,Ninh Thuận
3099,91,1327,108.767611,11.311237,4,0,1,Ninh Thuận
3100,91,1328,108.018952,12.579841,2,0,1,Đắk Lắk
3101,91,1328,108.357386,12.757321,2,0,1,Đắk Lắk
3102,91,1329,107.968918,14.102102,2,0,1,Bình Định
3103,91,1329,108.99629,14.423975,2,0,1,Bình Định
3104,91,1330,107.984534,15.271679,1,90,1,Quảng Nam
3105,91,1330,107.958902,15.27188,1,90,1,Quảng Nam
3106,91,1331,107.955751,15.271924,10,0,1,Quảng Nam
3107,91,1331,107.968352,15.27209,10,0,1,Quảng Nam
3108,91,1332,107.938484,15.272668,4,0,1,Hà Tĩnh
3109,91,1332,105.513347,17.459227,4,0,1,Hà Tĩnh
3110,91,1333,106.687133,18.915379,1,50,1,Hà Tĩnh
3111,91,1333,106.692692,18.915604,1,50,1,Hà Tĩnh
3112,91,1334,106.672397,18.915569,1,50,1,Hà Tĩnh
3113,91,1334,106.660344,19.008903,1,50,1,Hà Tĩnh
3114,91,1335,105.084026,20.84714,4,0,1,Hòa Bình
3115,91,1335,105.18484,20.864577,4,0,1,Hòa Bình
3116,91,1335,105.589232,20.85161,4,0,1,Hòa Bình
3117,91,1336,105.5885,20.851618,11,0,1,Hòa Bình
3118,91,1336,105.581773,20.851566,11,0,1,Hòa Bình
3119,91,1337,107.428348,21.075131,2,0,1,Vĩnh Phúc
3120,91,1337,105.594038,21.108373,2,0,1,Vĩnh Phúc
3121,91,1338,105.292038,21.361668,4,0,1,Phú Thọ
3122,91,1338,105.291736,21.361658,4,0,1,Phú Thọ
3123,91,1339,106.802932,21.35121,1,80,1,Bắc Giang
3124,91,1339,106.38097,21.357145,1,80,1,Bắc Giang
3125,91,1339,106.333609,21.358289,1,80,1,Bắc Giang
3126,91,1340,104.890558,21.709997,4,0,1,Lạng Sơn
3127,91,1340,104.827033,22.394483,4,0,1,Lạng Sơn
3128,91,1340,106.720212,22.461267,4,0,1,Lạng Sơn
3129,91,1340,105.268087,22.556523,4,0,1,Lạng Sơn
3130,91,1340,105.265704,22.556557,4,0,1,Lạng Sơn
3131,92,1341,106.985741,10.046513,2,0,1,Kiên Giang
3132,92,1341,105.076467,10.259404,2,0,1,Kiên Giang
3133,92,1342,105.169367,10.422442,10,0,1,An Giang
3134,92,1342,105.146741,10.422979,10,0,1,An Giang
3135,92,1343,105.146741,10.422979,4,0,1,TP. Hồ Chí Minh
3136,92,1343,106.807277,10.622629,4,0,1,TP. Hồ Chí Minh
3137,92,1344,107.744256,10.850521,4,0,1,Bình Thuận
3138,92,1344,107.72762,10.851317,4,0,1,Bình Thuận
3139,92,1345,107.644226,10.857088,4,0,1,Đồng Nai
3140,92,1345,107.511719,10.870192,4,0,1,Đồng Nai
3141,92,1346,108.017436,15.270216,1,70,1,Quảng Nam
3142,92,1346,107.939198,15.272644,1,70,1,Quảng Nam
3143,92,1347,106.71486,19.2584,2,0,1,Thanh Hóa
3144,92,1347,106.159623,19.324806,2,0,1,Thanh Hóa
3145,92,1348,105.222383,20.055984,1,50,1,Thái Bình
3146,92,1348,106.812584,20.237249,1,50,1,Thái Bình
3147,92,1348,105.090125,20.27768,1,50,1,Thái Bình
3148,92,1349,105.14015,20.787696,1,80,1,Hòa Bình
3149,92,1349,105.35494,20.917616,1,80,1,Hòa Bình
3150,92,1350,106.6916,21.279487,1,50,1,Bắc Giang
3151,92,1350,106.298311,21.298792,1,50,1,Bắc Giang
3152,92,1351,106.456811,21.364909,10,0,1,Bắc Giang
3153,92,1351,106.495242,21.365137,10,0,1,Bắc Giang
3154,92,1352,105.017134,21.443027,1,80,1,Quảng Ninh
3155,92,1352,107.577063,21.445371,1,80,1,Quảng Ninh
3156,92,1352,106.09974,21.546274,1,80,1,Quảng Ninh
3157,93,1353,106.701992,9.295714,4,0,1,Trà Vinh
3158,93,1353,106.843114,9.316553,4,0,1,Trà Vinh
3159,93,1354,105.665072,10.229286,4,0,1,Đồng Tháp
3160,93,1354,105.666867,10.229303,4,0,1,Đồng Tháp
3161,93,1354,106.816369,10.272906,4,0,1,Đồng Tháp
3162,93,1354,104.555449,10.285334,4,0,1,Đồng Tháp
3163,93,1354,105.400004,10.360937,4,0,1,Đồng Tháp
3164,93,1354,107.249828,10.382573,4,0,1,Đồng Tháp
3165,93,1354,105.141143,10.423203,4,0,1,Đồng Tháp
3166,93,1354,106.552445,10.462536,4,0,1,Đồng Tháp
3167,93,1355,106.680917,10.57107,1,50,1,Đồng Tháp
3168,93,1355,105.72389,10.733703,1,50,1,Đồng Tháp
3169,93,1356,105.586675,10.851043,4,0,1,Đồng Tháp
3170,93,1356,105.580073,10.851397,4,0,1,Đồng Tháp
3171,93,1356,105.578077,10.851656,4,0,1,Đồng Tháp
3172,93,1356,105.56378,10.851893,4,0,1,Đồng Tháp
3173,93,1357,108.110968,10.932692,4,0,1,Tây Ninh
3174,93,1357,105.694972,10.982431,4,0,1,Tây Ninh
3175,93,1357,105.686274,10.983086,4,0,1,Tây Ninh
3176,93,1357,105.684894,10.983112,4,0,1,Tây Ninh
3177,93,1357,105.682353,10.983253,4,0,1,Tây Ninh
3178,93,1357,105.675887,10.983532,4,0,1,Tây Ninh
3179,93,1358,105.866532,11.03673,1,60,1,Tây Ninh
3180,93,1358,105.788856,11.075669,1,60,1,Tây Ninh
3181,93,1359,105.216767,11.084516,2,0,1,Đắk Nông
3182,93,1359,107.421273,11.636336,2,0,1,Đắk Nông
3183,93,1360,107.94401,11.639048,4,0,1,Lâm Đồng
3184,93,1360,108.057115,11.673344,4,0,1,Lâm Đồng
3185,93,1361,108.397179,11.774323,4,0,1,Đắk Lắk
3186,93,1361,108.171638,13.239931,4,0,1,Đắk Lắk
3187,93,1362,108.465326,13.626655,2,0,1,Gia Lai
3188,93,1362,108.467553,13.64122,2,0,1,Gia Lai
3189,93,1362,109.149429,13.793643,2,0,1,Gia Lai
3190,93,1363,107.539924,15.40561,4,0,1,Quảng Nam
3191,93,1363,107.536946,15.40573,4,0,1,Quảng Nam
3192,93,1364,106.707664,19.25884,1,80,1,Nghệ An
3193,93,1364,105.076789,19.972548,1,80,1,Nghệ An
3194,93,1365,106.879686,20.53889,1,50,1,Hòa Bình
3195,93,1365,105.018814,20.567158,1,50,1,Hòa Bình
3196,93,1366,105.080022,20.573806,1,50,1,Hòa Bình
3197,93,1366,105.241279,20.919816,1,50,1,Hòa Bình
3198,93,1367,105.300084,21.112883,2,0,1,Hải Dương
3199,93,1367,106.385164,21.120344,2,0,1,Hải Dương
3200,93,1367,105.063515,21.141424,2,0,1,Hải Dương
3201,93,1368,105.268511,21.18538,1,60,1,Phú Thọ
3202,93,1368,105.266557,21.18566,1,60,1,Phú Thọ
3203,93,1369,106.455385,21.279163,1,60,1,Phú Thọ
3204,93,1369,105.137793,21.3019,1,60,1,Phú Thọ
3205,93,1370,104.877145,21.714633,1,60,1,Yên Bái
3206,93,1370,104.890567,21.725282,1,60,1,Yên Bái
3207,93,1371,105.787835,21.866503,1,60,1,Lao Cai
3208,93,1371,104.157619,22.270869,1,60,1,Lao Cai
3209,93,1372,104.475045,22.405662,1,80,1,Lao Cai
3210,93,1372,104.323408,22.65931,1,80,1,Lao Cai
3211,94,1373,103.889391,10.314278,1,80,1,An Giang
3212,94,1373,105.313653,10.316057,1,80,1,An Giang
3213,94,1374,105.35133,10.364463,11,0,1,Đồng Tháp
3214,94,1374,105.682405,10.367113,11,0,1,Đồng Tháp
3215,94,1374,105.57435,10.369252,11,0,1,Đồng Tháp
3216,94,1375,105.363255,10.600241,1,60,1,TP. Hồ Chí Minh
3217,94,1375,106.950591,10.611469,1,60,1,TP. Hồ Chí Minh
3218,94,1375,106.551394,10.654792,1,60,1,TP. Hồ Chí Minh
3219,94,1375,107.066828,10.697352,1,60,1,TP. Hồ Chí Minh
3220,94,1376,105.694617,10.982454,4,0,1,An Giang
3221,94,1376,105.406554,10.991135,4,0,1,An Giang
3222,94,1377,105.364127,11.032854,1,60,1,Đồng Nai
3223,94,1377,107.159724,11.079054,1,60,1,Đồng Nai
3224,94,1378,107.523785,11.410328,4,0,1,Đắk Nông
3225,94,1378,107.804642,11.643549,4,0,1,Đắk Nông
3226,94,1379,107.928042,11.87412,1,80,1,Đắk Nông
3227,94,1379,107.392619,11.912033,1,80,1,Đắk Nông
3228,94,1379,107.385162,11.912342,1,80,1,Đắk Nông
3229,94,1380,107.329109,12.027051,2,0,1,Khánh Hòa
3230,94,1380,109.085368,12.256062,2,0,1,Khánh Hòa
3231,94,1381,106.540517,19.526025,2,0,1,Thái Bình
3232,94,1381,106.776154,19.737579,2,0,1,Thái Bình
3233,94,1382,106.87363,20.344481,4,0,1,Hải Phòng
3234,94,1382,106.848906,20.345211,4,0,1,Hải Phòng
3235,94,1383,106.949134,20.638812,4,0,1,Hải Phòng
3236,94,1383,106.946575,20.639133,4,0,1,Hải Phòng
3237,94,1384,106.599145,20.588081,1,80,1,Hải Phòng
3238,94,1384,106.560537,20.809386,1,80,1,Hải Phòng
3239,94,1385,105.666524,20.821345,4,0,1,Hòa Bình
3240,94,1385,104.582243,20.837057,4,0,1,Hòa Bình
3241,94,1386,105.965861,20.958382,4,0,1,Quảng Ninh
3242,94,1386,106.996938,20.975482,4,0,1,Quảng Ninh
3243,94,1387,104.890771,21.598818,1,80,1,Điện Biên
3244,94,1387,102.93925,21.82546,1,80,1,Điện Biên
3245,94,1388,103.778492,22.351548,4,0,1,Hà Giang
3246,94,1388,104.687167,22.410221,4,0,1,Hà Giang
3247,95,1389,106.599805,9.913046,4,0,1,Trà Vinh
3248,95,1389,106.766474,10.012531,4,0,1,Trà Vinh
3249,95,1389,106.964624,10.268293,4,0,1,Trà Vinh
3250,95,1390,106.858935,10.622101,4,0,1,Đồng Tháp
3251,95,1390,105.72068,10.632114,4,0,1,Đồng Tháp
3252,95,1390,105.592319,10.636105,4,0,1,Đồng Tháp
3253,95,1391,107.308647,10.542941,2,0,1,Bà Rịa - Vũng Tàu
3254,95,1391,107.229976,10.563373,2,0,1,Bà Rịa - Vũng Tàu
3255,95,1392,106.570968,10.5554,1,50,1,Long An
3256,95,1392,106.550538,10.557795,1,50,1,Long An
3257,95,1392,106.563948,10.558663,1,50,1,Long An
3258,95,1393,106.54296,10.559708,2,0,1,An Giang
3259,95,1393,105.127073,10.59373,2,0,1,An Giang
3260,95,1394,105.440943,10.839088,4,0,1,Đồng Nai
3261,95,1394,107.570903,10.868849,4,0,1,Đồng Nai
3262,95,1395,107.488931,11.359853,4,0,1,Tây Ninh
3263,95,1395,105.743082,11.617603,4,0,1,Tây Ninh
3264,95,1396,108.078412,14.051956,1,60,1,Kon Tum
3265,95,1396,107.540377,14.587265,1,60,1,Kon Tum
3266,95,1397,106.720837,18.402617,1,80,1,Hà Tĩnh
3267,95,1397,106.596154,18.815124,1,80,1,Hà Tĩnh
3268,95,1398,106.39086,19.315898,4,0,1,Thái Bình
3269,95,1398,106.786276,19.805562,4,0,1,Thái Bình
3270,95,1399,106.775401,19.807531,4,0,1,Thái Bình
3271,95,1399,106.771579,19.808186,4,0,1,Thái Bình
3272,95,1400,106.944806,20.472755,1,60,1,Hải Phòng
3273,95,1400,106.884671,20.603485,1,60,1,Hải Phòng
3274,95,1400,106.913539,20.542579,1,60,1,Hải Phòng
3275,95,1401,107.11573,21.049976,4,0,1,Hòa Bình
3276,95,1401,105.351499,21.063075,4,0,1,Hòa Bình
3277,95,1402,105.201669,21.290885,4,0,1,Bắc Giang
3278,95,1402,106.52389,21.303413,4,0,1,Bắc Giang
3279,95,1402,106.372972,21.31443,4,0,1,Bắc Giang
3280,95,1402,105.277899,21.362029,4,0,1,Bắc Giang
3281,95,1403,106.182901,21.401199,2,0,1,Quảng Ninh
3282,95,1403,107.847681,21.636902,2,0,1,Quảng Ninh
3283,95,1404,105.245081,22.555539,4,0,1,Hà Giang
3284,95,1404,105.237414,22.557677,4,0,1,Hà Giang
3285,96,1405,105.353355,10.271575,4,0,1,Đồng Tháp
3286,96,1405,105.369223,10.27213,4,0,1,Đồng Tháp
3287,96,1406,104.645841,10.293494,4,0,1,Đồng Tháp
3288,96,1406,105.720066,10.319857,4,0,1,Đồng Tháp
3289,96,1407,106.510931,10.474978,11,0,1,Long An
3290,96,1407,106.511189,10.474987,11,0,1,Long An
3291,96,1408,105.155168,11.111324,1,80,1,An Giang
3292,96,1408,105.27453,11.126734,1,80,1,An Giang
3293,96,1409,106.947285,11.396131,2,0,1,Bình Phước
3294,96,1409,106.941999,11.396551,2,0,1,Bình Phước
3295,96,1410,105.579471,11.87541,2,0,1,Đắk Nông
3296,96,1410,107.604667,12.007488,2,0,1,Đắk Nông
3297,96,1411,109.022333,12.273792,1,60,1,Khánh Hòa
3298,96,1411,109.106239,12.60139,1,60,1,Khánh Hòa
3299,96,1412,108.496021,16.695063,1,50,1,Đà Nẵng
3300,96,1412,108.488464,16.695571,1,50,1,Đà Nẵng
3301,96,1412,108.479815,16.697453,1,50,1,Đà Nẵng
3302,96,1413,106.311387,19.024095,1,80,1,Thanh Hóa
3303,96,1413,106.165795,19.321815,1,80,1,Thanh Hóa
3304,96,1414,106.560632,19.523985,11,0,1,Thái Bình
3305,96,1414,106.794465,19.806569,11,0,1,Thái Bình
3306,96,1414,106.791627,19.806971,11,0,1,Thái Bình
3307,96,1415,105.31376,20.472177,4,0,1,Hòa Bình
3308,96,1415,105.313086,20.472253,4,0,1,Hòa Bình
3309,96,1416,106.960439,20.638723,1,60,1,Hải Phòng
3310,96,1416,106.880266,20.675903,1,60,1,Hải Phòng
3311,96,1417,105.136822,20.691585,1,80,1,Hòa Bình
3312,96,1417,105.333196,20.550497,1,80,1,Hòa Bình
3313,96,1417,104.776172,20.775286,1,80,1,Hòa Bình
3314,96,1417,104.81551,20.783604,1,80,1,Hòa Bình
3315,96,1418,107.249287,21.005312,2,0,1,Hòa Bình
3316,96,1418,105.194044,21.01125,2,0,1,Hòa Bình
3317,96,1419,106.502384,21.087188,1,60,1,Hải Dương
3318,96,1419,106.502234,21.087206,1,60,1,Hải Dương
3319,96,1420,106.757606,21.167745,4,0,1,Hải Phòng
3320,96,1420,106.75648,21.16796,4,0,1,Hải Phòng
3321,96,1421,105.246958,21.187634,1,60,1,Phú Thọ
3322,96,1421,105.242229,21.187905,1,60,1,Phú Thọ
3323,96,1422,103.373773,21.262256,1,60,1,Quảng Ninh
3324,96,1422,106.954638,21.267272,1,60,1,Quảng Ninh
3325,96,1423,105.211643,21.335353,2,0,1,Phú Thọ
3326,96,1423,105.356873,21.34217,2,0,1,Phú Thọ
3327,96,1423,105.747663,21.388674,2,0,1,Phú Thọ
3328,97,1424,105.34175,9.937222,4,0,1,Bến Tre
3329,97,1424,106.65218,10.286315,4,0,1,Bến Tre
3330,97,1425,106.900871,10.618617,2,0,1,An Giang
3331,97,1425,105.348109,10.51712,2,0,1,An Giang
3332,97,1426,105.558801,10.760216,4,0,1,Đồng Tháp
3333,97,1426,105.845083,10.785135,4,0,1,Đồng Tháp
3334,97,1427,105.366904,11.279361,2,0,1,Tây Ninh
3335,97,1427,105.365974,11.285144,2,0,1,Tây Ninh
3336,97,1427,108.873859,11.458717,2,0,1,Tây Ninh
3337,97,1428,108.431656,11.883938,1,60,1,Đắk Nông
3338,97,1428,107.571239,12.424437,1,60,1,Đắk Nông
3339,97,1429,108.812958,16.293717,4,0,1,Thừa Thiên Huế
3340,97,1429,108.114316,16.682478,4,0,1,Thừa Thiên Huế
3341,97,1430,107.66082,15.416172,1,80,1,Quảng Trị
3342,97,1430,105.543753,15.695584,1,80,1,Quảng Trị
3343,97,1431,105.672629,17.486653,4,0,1,Hà Tĩnh
3344,97,1431,105.655524,17.485356,4,0,1,Hà Tĩnh
3345,97,1432,106.758842,19.923369,1,60,1,Thanh Hóa
3346,97,1432,105.243656,20.07345,1,60,1,Thanh Hóa
3347,97,1433,106.43416,20.213427,4,0,1,Hải Phòng
3348,97,1433,106.900701,20.340128,4,0,1,Hải Phòng
3349,97,1434,105.263866,20.783445,4,0,1,Hòa Bình
3350,97,1434,105.50125,20.815476,4,0,1,Hòa Bình
3351,97,1434,105.407499,20.840479,4,0,1,Hòa Bình
3352,97,1435,105.5309,20.878413,4,0,1,Hòa Bình
3353,97,1435,105.041683,20.938812,4,0,1,Hòa Bình
3354,97,1436,105.77257,21.030424,11,0,1,Hà Nội
3355,97,1436,105.761433,21.034408,11,0,1,Hà Nội
3356,97,1437,105.22711,21.122646,1,50,1,Phú Thọ
3357,97,1437,105.22335,21.123053,1,50,1,Phú Thọ
3358,97,1437,105.217821,21.123798,1,50,1,Phú Thọ
3359,97,1437,105.213023,21.124356,1,50,1,Phú Thọ
3360,97,1438,105.208727,21.124938,1,50,1,Phú Thọ
3361,97,1438,105.205622,21.126228,1,50,1,Phú Thọ
3362,97,1439,105.187064,21.293548,4,0,1,Bắc Giang
3363,97,1439,106.418535,21.310593,4,0,1,Bắc Giang
3364,97,1439,106.376333,21.314472,4,0,1,Bắc Giang
3365,97,1439,106.324091,21.367429,4,0,1,Bắc Giang
3366,97,1440,106.357521,21.598285,1,60,1,Thái Nguyên
3367,97,1440,106.067743,21.743908,1,60,1,Thái Nguyên
3368,98,1441,106.809291,9.539258,1,50,1,Trà Vinh
3369,98,1441,106.479439,9.552915,1,50,1,Trà Vinh
3370,98,1442,106.646121,9.747417,4,0,1,Hậu Giang
3371,98,1442,105.346606,9.935564,4,0,1,Hậu Giang
3372,98,1442,106.454359,10.087433,4,0,1,Hậu Giang
3373,98,1443,106.95789,10.234269,4,0,1,Đồng Tháp
3374,98,1443,105.403515,10.256315,4,0,1,Đồng Tháp
3375,98,1443,107.074939,10.370583,4,0,1,Đồng Tháp
3376,98,1444,105.589128,10.69847,1,80,1,Bà Rịa - Vũng Tàu
3377,98,1444,107.075188,10.563696,1,80,1,Bà Rịa - Vũng Tàu
3378,98,1444,107.075154,10.563695,1,80,1,Bà Rịa - Vũng Tàu
3379,98,1445,105.874084,11.021966,1,60,1,Tây Ninh
3380,98,1445,105.751446,11.031668,1,60,1,Tây Ninh
3381,98,1446,107.421546,11.404875,1,60,1,Tây Ninh
3382,98,1446,105.16377,11.663506,1,60,1,Tây Ninh
3383,98,1447,108.436339,16.695389,1,80,1,Thừa Thiên Huế
3384,98,1447,107.998543,16.864098,1,80,1,Thừa Thiên Huế
3385,98,1448,108.265526,16.983058,1,60,1,Quảng Trị
3386,98,1448,105.797085,15.536096,1,60,1,Quảng Trị
3387,98,1449,105.619042,17.490835,1,80,1,Hà Tĩnh
3388,98,1449,105.350727,17.758494,1,80,1,Hà Tĩnh
3389,98,1450,106.777646,19.767544,11,0,1,Thái Bình
3390,98,1450,106.756583,19.76943,11,0,1,Thái Bình
3391,98,1451,106.753737,19.769704,4,0,1,Ninh Bình
3392,98,1451,106.245683,20.151223,4,0,1,Ninh Bình
3393,98,1452,105.050375,20.641397,2,0,1,Hà Nam
3394,98,1452,105.692465,20.758365,2,0,1,Hà Nam
3395,98,1453,105.045575,20.846537,4,0,1,Hòa Bình
3396,98,1453,105.532342,20.878237,4,0,1,Hòa Bình
3397,98,1454,105.774365,21.030208,1,90,1,Hà Nội
3398,98,1454,105.752899,21.0319,1,90,1,Hà Nội
3399,98,1455,105.161646,21.16331,11,0,1,Phú Thọ
3400,98,1455,105.125181,21.167418,11,0,1,Phú Thọ
3401,98,1456,106.495252,21.228294,2,0,1,Quảng Ninh
3402,98,1456,107.278552,21.270474,2,0,1,Quảng Ninh
3403,98,1457,106.699534,21.367984,4,0,1,Bắc Giang
3404,98,1457,106.324484,21.351801,4,0,1,Bắc Giang
3405,98,1458,105.237558,21.356579,2,0,1,Vĩnh Phúc
3406,98,1458,105.571093,21.385135,2,0,1,Vĩnh Phúc
3407,98,1459,105.127011,21.477322,4,0,1,Quảng Ninh
3408,98,1459,107.845377,21.618868,4,0,1,Quảng Ninh
3409,98,1459,104.842765,21.597046,4,0,1,Quảng Ninh
3410,98,1460,106.224272,21.703731,2,0,1,Yên Bái
3411,98,1460,104.726762,21.83003,2,0,1,Yên Bái
3412,98,1460,103.495347,22.389036,2,0,1,Yên Bái
3413,99,1461,105.344079,9.935895,4,0,1,Bến Tre
3414,99,1461,106.824221,10.070464,4,0,1,Bến Tre
3415,99,1462,105.326764,10.276354,1,80,1,An Giang
3416,99,1462,105.08068,10.324772,1,80,1,An Giang
3417,99,1463,105.572366,10.369763,4,0,1,Bà Rịa - Vũng Tàu
3418,99,1463,105.398858,10.643161,4,0,1,Bà Rịa - Vũng Tàu
3419,99,1463,105.394992,10.64378,4,0,1,Bà Rịa - Vũng Tàu
3420,99,1463,106.885228,10.538479,4,0,1,Bà Rịa - Vũng Tàu
3421,99,1463,106.885295,10.538628,4,0,1,Bà Rịa - Vũng Tàu
3422,99,1463,105.963462,10.756859,4,0,1,Bà Rịa - Vũng Tàu
3423,99,1464,105.810115,10.793059,4,0,1,Đồng Tháp
3424,99,1464,105.804984,10.79396,4,0,1,Đồng Tháp
3425,99,1465,105.800507,10.794594,4,0,1,Đồng Tháp
3426,99,1465,105.799505,10.794858,4,0,1,Đồng Tháp
3427,99,1465,105.979594,10.798343,4,0,1,Đồng Tháp
3428,99,1466,105.912356,10.957143,4,0,1,Đồng Tháp
3429,99,1466,105.530119,10.973658,4,0,1,Đồng Tháp
3430,99,1466,105.511098,10.980227,4,0,1,Đồng Tháp
3431,99,1467,108.149688,11.030611,1,60,1,An Giang
3432,99,1467,105.157775,11.111147,1,60,1,An Giang
3433,99,1468,108.36054,11.418525,2,0,1,Đắk Nông
3434,99,1468,107.939519,11.639482,2,0,1,Đắk Nông
3435,99,1469,107.635597,11.89243,2,0,1,Khánh Hòa
3436,99,1469,109.090093,11.954635,2,0,1,Khánh Hòa
3437,99,1470,108.153935,12.652313,4,0,1,Phú Yên
3438,99,1470,108.756931,12.779964,4,0,1,Phú Yên
3439,99,1470,108.922757,13.092195,4,0,1,Phú Yên
3440,99,1471,108.178565,16.507617,4,0,1,Đà Nẵng
3441,99,1471,108.198516,16.578869,4,0,1,Đà Nẵng
3442,99,1471,105.119296,18.181847,4,0,1,Đà Nẵng
3443,99,1472,106.593658,18.815277,1,60,1,Hà Tĩnh
3444,99,1472,106.488791,18.931153,1,60,1,Hà Tĩnh
3445,99,1473,106.895806,20.498393,1,80,1,Hòa Bình
3446,99,1473,105.141658,20.690805,1,80,1,Hòa Bình
3447,99,1474,105.283576,20.509183,1,50,1,Hòa Bình
3448,99,1474,105.276861,20.510497,1,50,1,Hòa Bình
3449,99,1475,106.770679,21.167304,4,0,1,Quảng Ninh
3450,99,1475,105.04551,21.157769,4,0,1,Quảng Ninh
3451,99,1475,106.964809,21.194298,4,0,1,Quảng Ninh
3452,99,1475,106.951746,21.267512,4,0,1,Quảng Ninh
3453,99,1475,106.481603,21.279149,4,0,1,Quảng Ninh
3454,99,1476,105.662605,21.283414,1,80,1,Phú Thọ
3455,99,1476,105.189317,21.29336,1,80,1,Phú Thọ
3456,99,1477,105.145437,21.386808,2,0,1,Bắc Giang
3457,99,1477,106.462262,21.420126,2,0,1,Bắc Giang
3458,99,1478,105.097929,21.42638,1,80,1,Điện Biên
3459,99,1478,103.411136,21.68271,1,80,1,Điện Biên
3460,99,1479,106.804986,21.944826,1,80,1,Yên Bái
3461,99,1479,104.634007,22.203599,1,80,1,Yên Bái
3462,99,1479,104.077039,22.377095,1,80,1,Yên Bái
3463,100,1480,106.469528,9.222121,1,60,1,Trà Vinh
3464,100,1480,106.970929,9.507419,1,60,1,Trà Vinh
3465,100,1481,105.324763,10.2599,4,0,1,Bến Tre
3466,100,1481,106.830689,10.259976,4,0,1,Bến Tre
3467,100,1482,106.945675,10.566013,2,0,1,Bà Rịa - Vũng Tàu
3468,100,1482,106.916268,10.550718,2,0,1,Bà Rịa - Vũng Tàu
3469,100,1482,105.26179,10.583103,2,0,1,Bà Rịa - Vũng Tàu
3470,100,1483,105.677652,10.730317,4,0,1,Đồng Tháp
3471,100,1483,105.893676,10.786901,4,0,1,Đồng Tháp
3472,100,1483,105.802902,10.794296,4,0,1,Đồng Tháp
3473,100,1484,105.504802,10.981324,4,0,1,Ninh Thuận
3474,100,1484,105.504349,10.981426,4,0,1,Ninh Thuận
3475,100,1484,108.657732,11.261471,4,0,1,Ninh Thuận
3476,100,1484,108.649759,11.264861,4,0,1,Ninh Thuận
3477,100,1484,105.115734,11.308235,4,0,1,Ninh Thuận
3478,100,1485,107.612593,11.370383,4,0,1,Đắk Nông
3479,100,1485,107.681168,11.418847,4,0,1,Đắk Nông
3480,100,1485,107.853043,11.631398,4,0,1,Đắk Nông
3481,100,1485,107.91555,11.645014,4,0,1,Đắk Nông
3482,100,1486,109.021073,13.056143,2,0,1,Phú Yên
3483,100,1486,109.085093,13.373156,2,0,1,Phú Yên
3484,100,1487,108.966702,13.899696,4,0,1,Bình Định
3485,100,1487,108.536576,13.951792,4,0,1,Bình Định
3486,100,1488,108.141166,16.837003,2,0,1,Quảng Nam
3487,100,1488,108.093077,15.104332,2,0,1,Quảng Nam
3488,100,1489,106.832472,18.482019,1,60,1,Hà Tĩnh
3489,100,1489,106.726059,18.531167,1,60,1,Hà Tĩnh
3490,100,1490,105.291265,20.850412,4,0,1,Hà Nội
3491,100,1490,105.278928,20.852592,4,0,1,Hà Nội
3492,100,1490,105.611828,20.955669,4,0,1,Hà Nội
3493,100,1490,105.907723,20.983597,4,0,1,Hà Nội
3494,100,1491,105.907573,20.983715,2,0,1,Hà Nội
3495,100,1491,105.849031,21.004598,2,0,1,Hà Nội
3496,100,1492,106.421029,21.310325,11,0,1,Bắc Giang
3497,100,1492,106.406324,21.343819,11,0,1,Bắc Giang
3498,100,1493,107.928705,21.619943,4,0,1,Quảng Ninh
3499,100,1493,107.951,21.630906,4,0,1,Quảng Ninh
3500,100,1494,106.980865,22.110071,1,80,1,Yên Bái
3501,100,1494,104.515014,22.161087,1,80,1,Yên Bái
3502,101,1495,105.290003,9.99276,1,80,1,Trà Vinh
3503,101,1495,106.616153,10.012239,1,80,1,Trà Vinh
3504,101,1496,106.55605,10.172911,2,0,1,Kiên Giang
3505,101,1496,105.212832,10.213809,2,0,1,Kiên Giang
3506,101,1497,106.625009,10.400622,1,80,1,An Giang
3507,101,1497,104.061292,10.402658,1,80,1,An Giang
3508,101,1498,105.030833,10.511375,2,0,1,An Giang
3509,101,1498,105.283466,10.566818,2,0,1,An Giang
3510,101,1499,105.682598,10.729184,1,60,1,Đồng Tháp
3511,101,1499,105.6779,10.730244,1,60,1,Đồng Tháp
3512,101,1500,105.828388,10.789792,4,0,1,Đồng Nai
3513,101,1500,107.010694,10.794704,4,0,1,Đồng Nai
3514,101,1501,105.44134,10.838999,4,0,1,Bà Rịa - Vũng Tàu
3515,101,1501,107.562791,10.852317,4,0,1,Bà Rịa - Vũng Tàu
3516,101,1502,107.534925,10.856954,4,0,1,Bà Rịa - Vũng Tàu
3517,101,1502,107.638561,10.857783,4,0,1,Bà Rịa - Vũng Tàu
3518,101,1503,105.627162,10.873357,2,0,1,Đồng Tháp
3519,101,1503,105.762075,10.911551,2,0,1,Đồng Tháp
3520,101,1504,107.022769,10.964408,4,0,1,Tây Ninh
3521,101,1504,105.835245,10.968501,4,0,1,Tây Ninh
3522,101,1504,105.239839,11.081405,4,0,1,Tây Ninh
3523,101,1505,108.501302,11.244593,4,0,1,Ninh Thuận
3524,101,1505,108.686665,11.248003,4,0,1,Ninh Thuận
3525,101,1506,107.632772,11.385356,4,0,1,Đồng Nai
3526,101,1506,107.545546,11.40862,4,0,1,Đồng Nai
3527,101,1506,108.164408,11.52529,4,0,1,Đồng Nai
3528,101,1507,108.012615,12.616181,4,0,1,Phú Yên
3529,101,1507,108.889368,13.094935,4,0,1,Phú Yên
3530,101,1508,107.552101,13.79483,1,80,1,Gia Lai
3531,101,1508,107.816315,13.839549,1,80,1,Gia Lai
3532,101,1509,109.13651,13.851216,1,60,1,Bình Định
3533,101,1509,109.024295,13.926936,1,60,1,Bình Định
3534,101,1510,108.7612,16.115311,4,0,1,Đà Nẵng
3535,101,1510,108.74491,16.119614,4,0,1,Đà Nẵng
3536,101,1511,106.577373,18.492702,1,80,1,Hà Tĩnh
3537,101,1511,106.408427,18.503783,1,80,1,Hà Tĩnh
3538,101,1512,106.378953,19.897909,4,0,1,Hải Phòng
3539,101,1512,105.376185,20.278278,4,0,1,Hải Phòng
3540,101,1512,106.895077,20.341227,4,0,1,Hải Phòng
3541,101,1512,106.829362,20.348281,4,0,1,Hải Phòng
3542,101,1513,104.576758,20.829681,4,0,1,Hòa Bình
3543,101,1513,105.084656,20.926893,4,0,1,Hòa Bình
3544,101,1513,105.863553,20.929867,4,0,1,Hòa Bình
3545,101,1514,106.780092,21.002647,1,50,1,Hải Phòng
3546,101,1514,106.776336,21.003663,1,50,1,Hải Phòng
3547,101,1514,106.774078,21.003816,1,50,1,Hải Phòng
3548,101,1514,106.765437,21.007478,1,50,1,Hải Phòng
3549,101,1515,105.791601,21.031814,2,0,1,Quảng Ninh
3550,101,1515,107.420272,21.078378,2,0,1,Quảng Ninh
3551,101,1516,105.200008,21.291112,4,0,1,Phú Thọ
3552,101,1516,105.192589,21.292776,4,0,1,Phú Thọ
3553,101,1517,107.477515,21.338079,2,0,1,Phú Thọ
3554,101,1517,105.134146,21.441314,2,0,1,Phú Thọ
3555,102,1518,104.015883,10.036563,4,0,1,Kiên Giang
3556,102,1518,103.974924,10.157633,4,0,1,Kiên Giang
3557,102,1519,106.596297,10.329246,2,0,1,Tiền Giang
3558,102,1519,106.332127,10.347392,2,0,1,Tiền Giang
3559,102,1519,104.475717,10.384672,2,0,1,Tiền Giang
3560,102,1520,105.259433,10.436515,4,0,1,Long An
3561,102,1520,106.59497,10.447043,4,0,1,Long An
3562,102,1520,107.209956,10.496568,4,0,1,Long An
3563,102,1521,106.631052,10.644873,4,0,1,Long An
3564,102,1521,106.278448,10.664845,4,0,1,Long An
3565,102,1521,104.963906,10.501216,4,0,1,Long An
3566,102,1522,105.48915,10.536783,4,0,1,Đồng Tháp
3567,102,1522,105.48915,10.536783,4,0,1,Đồng Tháp
3568,102,1522,105.488534,10.536906,4,0,1,Đồng Tháp
3569,102,1523,107.751384,10.869606,4,0,1,Tây Ninh
3570,102,1523,105.8401,10.967921,4,0,1,Tây Ninh
3571,102,1524,105.119681,11.30756,4,0,1,Đồng Nai
3572,102,1524,107.629292,11.387091,4,0,1,Đồng Nai
3573,102,1525,107.024242,11.851328,1,80,1,Đắk Nông
3574,102,1525,107.314569,12.297116,1,80,1,Đắk Nông
3575,102,1526,106.396043,18.872066,4,0,1,Hà Tĩnh
3576,102,1526,106.394865,18.872132,4,0,1,Hà Tĩnh
3577,102,1527,106.898012,19.73299,4,0,1,Thái Bình
3578,102,1527,106.812011,20.362122,4,0,1,Thái Bình
3579,102,1527,106.805037,20.363475,4,0,1,Thái Bình
3580,102,1528,106.838156,20.672742,1,60,1,Hải Phòng
3581,102,1528,106.865771,20.700377,1,60,1,Hải Phòng
3582,102,1529,106.847049,20.995251,1,80,1,Hải Phòng
3583,102,1529,106.82553,21.001372,1,80,1,Hải Phòng
3584,102,1530,106.961848,21.196402,11,0,1,Hải Phòng
3585,102,1530,106.593213,21.230907,11,0,1,Hải Phòng
3586,102,1531,105.156157,21.276263,2,0,1,Bắc Giang
3587,102,1531,106.537834,21.282071,2,0,1,Bắc Giang
3588,102,1532,104.105785,22.339941,1,60,1,Hà Giang
3589,102,1532,105.202075,22.579106,1,60,1,Hà Giang
3590,103,1533,106.9617,9.970389,4,0,1,Bến Tre
3591,103,1533,106.620168,10.074034,4,0,1,Bến Tre
3592,103,1534,105.332249,10.386296,2,0,1,Đồng Tháp
3593,103,1534,105.668943,10.447049,2,0,1,Đồng Tháp
3594,103,1535,105.961197,10.755321,4,0,1,Đồng Nai
3595,103,1535,107.218522,10.813214,4,0,1,Đồng Nai
3596,103,1536,107.52116,10.84444,2,0,1,Bà Rịa - Vũng Tàu
3597,103,1536,107.603845,10.847707,2,0,1,Bà Rịa - Vũng Tàu
3598,103,1537,105.802228,11.794614,1,80,1,Ninh Thuận
3599,103,1537,108.859829,11.822964,1,80,1,Ninh Thuận
3600,103,1538,109.107462,12.250553,4,0,1,Đắk Lắk
3601,103,1538,108.170794,12.405312,4,0,1,Đắk Lắk
3602,103,1539,108.324931,12.835297,1,60,1,Phú Yên
3603,103,1539,108.987441,13.056108,1,60,1,Phú Yên
3604,103,1540,108.512678,13.300959,1,80,1,Gia Lai
3605,103,1540,107.929322,13.74581,1,80,1,Gia Lai
3606,103,1541,108.984757,13.998622,1,80,1,Kon Tum
3607,103,1541,108.006857,14.403077,1,80,1,Kon Tum
3608,103,1542,107.541817,16.927753,4,0,1,Quảng Nam
3609,103,1542,108.17039,15.011228,4,0,1,Quảng Nam
3610,103,1542,108.178524,15.051464,4,0,1,Quảng Nam
3611,103,1543,105.514623,17.481792,4,0,1,Hà Tĩnh
3612,103,1543,105.508459,17.483313,4,0,1,Hà Tĩnh
3613,103,1543,105.506967,17.48392,4,0,1,Hà Tĩnh
3614,103,1543,105.256436,17.548458,4,0,1,Hà Tĩnh
3615,103,1544,105.059694,18.222412,4,0,1,Hà Tĩnh
3616,103,1544,105.045164,18.228157,4,0,1,Hà Tĩnh
3617,103,1544,106.764579,18.533631,4,0,1,Hà Tĩnh
3618,103,1545,106.685229,18.579691,1,60,1,Hà Tĩnh
3619,103,1545,106.507879,18.807388,1,60,1,Hà Tĩnh
3620,103,1546,106.274983,18.908144,1,80,1,Thanh Hóa
3621,103,1546,106.579125,19.510584,1,80,1,Thanh Hóa
3622,103,1547,106.517885,19.782215,11,0,1,Thái Bình
3623,103,1547,106.453321,20.20315,11,0,1,Thái Bình
3624,103,1548,105.25488,20.20415,1,60,1,Hải Phòng
3625,103,1548,106.881539,20.675734,1,60,1,Hải Phòng
3626,103,1549,105.190665,21.020878,2,0,1,Hòa Bình
3627,103,1549,105.177528,21.024046,2,0,1,Hòa Bình
3628,103,1550,105.618157,21.088548,4,0,1,Phú Thọ
3629,103,1550,105.318841,21.13941,4,0,1,Phú Thọ
3630,103,1550,105.083752,21.17378,4,0,1,Phú Thọ
3631,103,1551,105.236376,21.425627,2,0,1,Bắc Giang
3632,103,1551,106.147658,21.433931,2,0,1,Bắc Giang
3633,103,1552,105.276335,21.463569,1,50,1,Lạng Sơn
3634,103,1552,106.592817,21.689465,1,50,1,Lạng Sơn
3635,104,1553,106.949924,9.655038,4,0,1,Hậu Giang
3636,104,1553,105.283602,9.807841,4,0,1,Hậu Giang
3637,104,1554,106.558855,10.10522,4,0,1,Bến Tre
3638,104,1554,106.550801,10.108322,4,0,1,Bến Tre
3639,104,1554,106.569251,10.108735,4,0,1,Bến Tre
3640,104,1554,104.998588,10.140761,4,0,1,Bến Tre
3641,104,1555,105.4168,10.461733,1,80,1,Đồng Tháp
3642,104,1555,105.389528,10.468742,1,80,1,Đồng Tháp
3643,104,1556,106.356896,10.657522,4,0,1,Bà Rịa - Vũng Tàu
3644,104,1556,107.656396,10.680516,4,0,1,Bà Rịa - Vũng Tàu
3645,104,1557,105.412278,10.502548,11,0,1,Bà Rịa - Vũng Tàu
3646,104,1557,107.239899,10.548514,11,0,1,Bà Rịa - Vũng Tàu
3647,104,1558,105.651957,10.569082,1,60,1,Bà Rịa - Vũng Tàu
3648,104,1558,107.020933,10.576169,1,60,1,Bà Rịa - Vũng Tàu
3649,104,1559,107.016069,10.575528,1,80,1,Bình Thuận
3650,104,1559,107.95395,10.721598,1,80,1,Bình Thuận
3651,104,1560,107.471995,10.886627,4,0,1,Đồng Nai
3652,104,1560,107.095385,10.939944,4,0,1,Đồng Nai
3653,104,1561,107.216408,11.08962,1,50,1,An Giang
3654,104,1561,105.255777,11.129877,1,50,1,An Giang
3655,104,1562,107.43952,11.622413,1,50,1,Ninh Thuận
3656,104,1562,109.003559,11.66474,1,50,1,Ninh Thuận
3657,104,1563,108.973324,13.058763,1,60,1,Phú Yên
3658,104,1563,109.218653,13.366558,1,60,1,Phú Yên
3659,104,1564,108.702728,13.991467,1,60,1,Đà Nẵng
3660,104,1564,109.053063,14.170083,1,60,1,Đà Nẵng
3661,104,1564,108.778582,16.113622,1,60,1,Đà Nẵng
3662,104,1564,107.74297,16.194514,1,60,1,Đà Nẵng
3663,104,1565,107.887125,15.259023,4,0,1,Quảng Nam
3664,104,1565,107.879945,15.270888,4,0,1,Quảng Nam
3665,104,1565,107.872484,15.272813,4,0,1,Quảng Nam
3666,104,1565,107.597079,15.38002,4,0,1,Quảng Nam
3667,104,1565,107.369469,15.686182,4,0,1,Quảng Nam
3668,104,1565,105.723336,15.519859,4,0,1,Quảng Nam
3669,104,1566,105.51295,17.48217,4,0,1,Hà Tĩnh
3670,104,1566,105.396433,17.750724,4,0,1,Hà Tĩnh
3671,104,1567,106.673936,18.5847,1,60,1,Hà Tĩnh
3672,104,1567,106.598445,18.821426,1,60,1,Hà Tĩnh
3673,104,1567,106.327759,18.898712,1,60,1,Hà Tĩnh
3674,104,1568,104.52152,19.176715,1,50,1,Thanh Hóa
3675,104,1568,106.763437,19.408624,1,50,1,Thanh Hóa
3676,104,1569,106.897282,19.733164,11,0,1,Thái Bình
3677,104,1569,106.778501,19.804126,11,0,1,Thái Bình
3678,104,1570,105.381341,20.766837,1,60,1,Hòa Bình
3679,104,1570,104.579841,20.837327,1,60,1,Hòa Bình
3680,104,1571,105.322836,21.138439,4,0,1,Phú Thọ
3681,104,1571,105.316392,21.140275,4,0,1,Phú Thọ
3682,104,1572,103.041578,21.4099,4,0,1,Tuyên Quang
3683,104,1572,105.107755,21.629258,4,0,1,Tuyên Quang
3684,104,1572,107.965452,21.631573,4,0,1,Tuyên Quang
3685,104,1573,105.563514,21.997927,1,60,1,Lao Cai
3686,104,1573,104.184824,22.262487,1,60,1,Lao Cai
3687,105,1574,106.880455,10.319539,4,0,1,Bến Tre
3688,105,1574,106.817926,10.329426,4,0,1,Bến Tre
3689,105,1575,107.052191,10.38549,4,0,1,Bà Rịa - Vũng Tàu
3690,105,1575,107.195356,10.481712,4,0,1,Bà Rịa - Vũng Tàu
3691,105,1575,107.192963,10.482713,4,0,1,Bà Rịa - Vũng Tàu
3692,105,1575,107.190371,10.483447,4,0,1,Bà Rịa - Vũng Tàu
3693,105,1575,107.181879,10.486928,4,0,1,Bà Rịa - Vũng Tàu
3694,105,1575,107.178823,10.485818,4,0,1,Bà Rịa - Vũng Tàu
3695,105,1575,107.359079,10.621391,4,0,1,Bà Rịa - Vũng Tàu
3696,105,1575,104.966069,10.500952,4,0,1,Bà Rịa - Vũng Tàu
3697,105,1575,105.642694,10.542061,4,0,1,Bà Rịa - Vũng Tàu
3698,105,1576,105.943612,10.951996,4,0,1,Tây Ninh
3699,105,1576,105.901005,10.957529,4,0,1,Tây Ninh
3700,105,1576,105.463483,11.166651,4,0,1,Tây Ninh
3701,105,1577,109.030665,12.27067,1,60,1,Khánh Hòa
3702,105,1577,109.023856,12.273641,1,60,1,Khánh Hòa
3703,105,1578,108.466502,13.374155,1,80,1,Bình Định
3704,105,1578,108.990278,13.8717,1,80,1,Bình Định
3705,105,1579,107.54501,15.371654,1,60,1,Quảng Trị
3706,105,1579,105.813212,15.567168,1,60,1,Quảng Trị
3707,105,1579,107.15143,15.815825,1,60,1,Quảng Trị
3708,105,1580,106.708326,18.538129,1,50,1,Hà Tĩnh
3709,105,1580,106.548356,18.562214,1,50,1,Hà Tĩnh
3710,105,1581,106.361589,18.877565,1,80,1,Nghệ An
3711,105,1581,104.908949,19.038848,1,80,1,Nghệ An
3712,105,1582,106.546974,19.524656,4,0,1,Thái Bình
3713,105,1582,106.879858,19.742969,4,0,1,Thái Bình
3714,105,1582,106.877156,19.743782,4,0,1,Thái Bình
3715,105,1582,106.64946,19.851225,4,0,1,Thái Bình
3716,105,1583,106.707799,20.337082,4,0,1,Hòa Bình
3717,105,1583,105.294009,20.476393,4,0,1,Hòa Bình
3718,105,1584,105.280382,21.098419,1,60,1,Phú Thọ
3719,105,1584,105.143031,21.237051,1,60,1,Phú Thọ
3720,105,1585,105.231337,21.285185,4,0,1,Bắc Giang
3721,105,1585,106.425269,21.308042,4,0,1,Bắc Giang
3722,105,1586,103.717179,21.42465,4,0,1,Phú Thọ
3723,105,1586,105.177108,21.446799,4,0,1,Phú Thọ
3724,106,1587,106.561605,10.110855,4,0,1,Kiên Giang
3725,106,1587,104.015778,10.176165,4,0,1,Kiên Giang
3726,106,1588,106.823523,10.327565,4,0,1,Bến Tre
3727,106,1588,106.591872,10.329361,4,0,1,Bến Tre
3728,106,1588,106.509584,10.338837,4,0,1,Bến Tre
3729,106,1589,106.547712,10.475413,11,0,1,Long An
3730,106,1589,106.547646,10.475609,11,0,1,Long An
3731,106,1590,107.830184,10.842679,1,50,1,Đồng Tháp
3732,106,1590,105.796449,10.863555,1,50,1,Đồng Tháp
3733,106,1591,107.110848,11.023108,4,0,1,Đồng Nai
3734,106,1591,107.286453,11.039264,4,0,1,Đồng Nai
3735,106,1592,105.672478,11.147967,2,0,1,Tây Ninh
3736,106,1592,105.464716,11.166195,2,0,1,Tây Ninh
3737,106,1593,105.516198,11.415364,11,0,1,Khánh Hòa
3738,106,1593,109.062245,12.268424,11,0,1,Khánh Hòa
3739,106,1594,108.022355,12.599484,2,0,1,Đắk Lắk
3740,106,1594,108.286959,12.714449,2,0,1,Đắk Lắk
3741,106,1595,108.297445,16.060763,1,80,1,Đà Nẵng
3742,106,1595,108.722377,16.201799,1,80,1,Đà Nẵng
3743,106,1596,108.292877,16.900003,4,0,1,Quảng Nam
3744,106,1596,107.468284,15.642635,4,0,1,Quảng Nam
3745,106,1597,106.410428,18.610721,2,0,1,Hà Tĩnh
3746,106,1597,106.580742,18.633493,2,0,1,Hà Tĩnh
3747,106,1598,106.56577,19.523458,4,0,1,Thái Bình
3748,106,1598,106.80674,19.543012,4,0,1,Thái Bình
3749,106,1598,106.446789,19.559457,4,0,1,Thái Bình
3750,106,1599,106.959546,20.218551,1,60,1,Hòa Bình
3751,106,1599,105.153042,20.227854,1,60,1,Hòa Bình
3752,106,1600,106.897502,20.340872,4,0,1,Hòa Bình
3753,106,1600,105.29176,20.475462,4,0,1,Hòa Bình
3754,106,1600,105.052759,20.563617,4,0,1,Hòa Bình
3755,106,1601,106.610756,20.87121,2,0,1,Hải Phòng
3756,106,1601,106.595672,20.92052,2,0,1,Hải Phòng
3757,106,1602,105.049213,21.086722,2,0,1,Hải Phòng
3758,106,1602,106.879165,21.102045,2,0,1,Hải Phòng
3759,106,1602,106.990684,21.109476,2,0,1,Hải Phòng
3760,106,1603,106.823781,21.205703,1,90,1,Hải Phòng
3761,106,1603,106.823358,21.205809,1,90,1,Hải Phòng
3762,106,1604,105.184161,21.276685,4,0,1,Bắc Giang
3763,106,1604,106.424024,21.308532,4,0,1,Bắc Giang
3764,107,1605,106.881434,9.936952,1,80,1,Trà Vinh
3765,107,1605,106.562022,10.027707,1,80,1,Trà Vinh
3766,107,1606,105.094,10.091953,4,0,1,Đồng Tháp
3767,107,1606,105.622027,10.23492,4,0,1,Đồng Tháp
3768,107,1607,105.225162,10.404309,4,0,1,Đồng Tháp
3769,107,1607,106.520585,10.472992,4,0,1,Đồng Tháp
3770,107,1607,105.485072,10.600018,4,0,1,Đồng Tháp
3771,107,1607,104.701083,10.622929,4,0,1,Đồng Tháp
3772,107,1608,107.866251,10.843167,4,0,1,Đồng Tháp
3773,107,1608,105.754927,10.873297,4,0,1,Đồng Tháp
3774,107,1608,105.752503,10.874027,4,0,1,Đồng Tháp
3775,107,1608,107.101726,10.938329,4,0,1,Đồng Tháp
3776,107,1609,109.205692,13.807414,2,0,1,Bình Định
3777,107,1609,109.131977,13.888444,2,0,1,Bình Định
3778,107,1610,108.566299,13.963038,4,0,1,Bình Định
3779,107,1610,108.563211,13.963737,4,0,1,Bình Định
3780,107,1610,108.560406,13.964681,4,0,1,Bình Định
3781,107,1611,107.570835,15.484256,1,80,1,Hà Tĩnh
3782,107,1611,105.415519,18.018049,1,80,1,Hà Tĩnh
3783,107,1612,106.664002,18.818507,1,80,1,Hà Tĩnh
3784,107,1612,106.35555,18.847486,1,80,1,Hà Tĩnh
3785,107,1613,106.987625,20.245318,4,0,1,Hải Phòng
3786,107,1613,106.986174,20.247031,4,0,1,Hải Phòng
3787,107,1613,106.898446,20.297228,4,0,1,Hải Phòng
3788,107,1614,105.54916,20.85664,1,60,1,Hòa Bình
3789,107,1614,105.42758,20.897549,1,60,1,Hòa Bình
3790,107,1615,106.137131,21.163363,1,80,1,Vĩnh Phúc
3791,107,1615,105.505605,21.245116,1,80,1,Vĩnh Phúc
3792,107,1616,106.679208,21.279753,4,0,1,Bắc Giang
3793,107,1616,106.42868,21.307104,4,0,1,Bắc Giang
3794,107,1616,106.685679,21.317007,4,0,1,Bắc Giang
3795,107,1617,106.616236,21.330098,2,0,1,Quảng Ninh
3796,107,1617,107.402598,21.333539,2,0,1,Quảng Ninh
3797,107,1617,106.561561,21.337292,2,0,1,Quảng Ninh
3798,107,1618,104.506416,21.923753,1,80,1,Yên Bái
3799,107,1618,104.71861,22.010418,1,80,1,Yên Bái
3800,107,1618,104.104338,22.040936,1,80,1,Yên Bái
3801,108,1619,105.45911,9.514107,4,0,1,Trà Vinh
3802,108,1619,106.789213,9.927422,4,0,1,Trà Vinh
3803,108,1619,105.029909,9.961655,4,0,1,Trà Vinh
3804,108,1620,107.197933,10.48133,4,0,1,An Giang
3805,108,1620,104.731987,10.612979,4,0,1,An Giang
3806,108,1620,104.708239,10.620509,4,0,1,An Giang
3807,108,1621,105.202854,10.930686,4,0,1,Bình Thuận
3808,108,1621,108.248477,10.963612,4,0,1,Bình Thuận
3809,108,1622,105.860935,11.036742,1,60,1,Tây Ninh
3810,108,1622,105.7403,11.080617,1,60,1,Tây Ninh
3811,108,1623,107.415726,11.158148,1,50,1,Tây Ninh
3812,108,1623,105.402702,11.196898,1,50,1,Tây Ninh
3813,108,1624,105.370183,11.28992,1,60,1,Tây Ninh
3814,108,1624,105.589137,11.364829,1,60,1,Tây Ninh
3815,108,1625,105.753334,11.610474,4,0,1,Đắk Nông
3816,108,1625,107.834352,11.629784,4,0,1,Đắk Nông
3817,108,1626,109.184,12.248798,4,0,1,Khánh Hòa
3818,108,1626,109.1816,12.249639,4,0,1,Khánh Hòa
3819,108,1627,108.115029,14.005741,1,60,1,Gia Lai
3820,108,1627,108.112554,14.007878,1,60,1,Gia Lai
3821,108,1628,107.468635,15.64241,4,0,1,Quảng Trị
3822,108,1628,105.773507,15.542357,4,0,1,Quảng Trị
3823,108,1629,106.871862,19.746495,4,0,1,Hòa Bình
3824,108,1629,105.000235,20.153746,4,0,1,Hòa Bình
3825,108,1630,105.149806,20.232445,1,50,1,Hòa Bình
3826,108,1630,105.146264,20.233964,1,50,1,Hòa Bình
3827,108,1631,105.09416,21.231846,1,50,1,Bắc Giang
3828,108,1631,106.326076,21.325159,1,50,1,Bắc Giang
3829,109,1632,104.842741,8.675671,4,0,1,Bến Tre
3830,109,1632,105.509594,10.212045,4,0,1,Bến Tre
3831,109,1632,106.825313,10.271197,4,0,1,Bến Tre
3832,109,1632,106.650329,10.286335,4,0,1,Bến Tre
3833,109,1633,106.116874,10.599741,4,0,1,Long An
3834,109,1633,106.113144,10.700704,4,0,1,Long An
3835,109,1634,108.83547,11.588859,4,0,1,Tây Ninh
3836,109,1634,105.989975,11.786261,4,0,1,Tây Ninh
3837,109,1635,107.974436,12.584559,4,0,1,Phú Yên
3838,109,1635,109.138042,12.985428,4,0,1,Phú Yên
3839,109,1636,107.870575,13.819706,1,80,1,Bình Định
3840,109,1636,109.037065,13.963054,1,80,1,Bình Định
3841,109,1637,108.664444,16.684397,1,80,1,Đà Nẵng
3842,109,1637,108.311033,16.841074,1,80,1,Đà Nẵng
3843,109,1638,105.372683,20.236793,1,50,1,Hòa Bình
3844,109,1638,105.277403,20.275049,1,50,1,Hòa Bình
3845,109,1639,105.431233,20.389547,2,0,1,Hòa Bình
3846,109,1639,105.225583,20.439259,2,0,1,Hòa Bình
3847,109,1640,105.663889,20.654852,1,60,1,Hải Phòng
3848,109,1640,106.888184,20.684652,1,60,1,Hải Phòng
3849,109,1640,105.787335,20.596766,1,60,1,Hải Phòng
3850,109,1641,105.48972,20.815307,4,0,1,Hòa Bình
3851,109,1641,105.479916,20.819584,4,0,1,Hòa Bình
3852,109,1641,105.453771,20.826275,4,0,1,Hòa Bình
3853,109,1641,105.445226,20.831323,4,0,1,Hòa Bình
3854,109,1642,107.346386,21.104371,1,80,1,Sơn La
3855,109,1642,104.004993,21.123481,1,80,1,Sơn La
3856,109,1643,107.83278,21.623149,4,0,1,Sơn La
3857,109,1643,103.529219,21.637781,4,0,1,Sơn La
3858,109,1644,103.525751,21.638568,1,80,1,Yên Bái
3859,109,1644,105.066163,21.650024,1,80,1,Yên Bái
3860,109,1644,103.078461,21.599718,1,80,1,Yên Bái
3861,109,1645,103.112538,21.816677,1,60,1,Yên Bái
3862,109,1645,104.491148,22.041671,1,60,1,Yên Bái
3863,110,1646,104.595141,10.624405,4,0,1,Long An
3864,110,1646,106.291862,10.660776,4,0,1,Long An
3865,110,1647,107.240912,10.906937,1,60,1,Đồng Nai
3866,110,1647,107.23403,10.908603,1,60,1,Đồng Nai
3867,110,1648,107.286042,11.039385,4,0,1,An Giang
3868,110,1648,105.30556,11.054793,4,0,1,An Giang
3869,110,1648,105.123003,11.158777,4,0,1,An Giang
3870,110,1649,108.658532,13.971028,1,80,1,Kon Tum
3871,110,1649,108.194507,14.474452,1,80,1,Kon Tum
3872,110,1650,105.243791,17.808266,1,60,1,Hà Tĩnh
3873,110,1650,105.443108,18.011903,1,60,1,Hà Tĩnh
3874,110,1651,106.642611,18.822694,1,50,1,Hà Tĩnh
3875,110,1651,106.635873,18.824502,1,50,1,Hà Tĩnh
3876,110,1652,104.592843,19.146628,1,60,1,Thanh Hóa
3877,110,1652,106.087293,19.352375,1,60,1,Thanh Hóa
3878,110,1652,104.193101,19.385253,1,60,1,Thanh Hóa
3879,110,1653,105.617611,20.806958,4,0,1,Hòa Bình
3880,110,1653,105.60233,20.811798,4,0,1,Hòa Bình
3881,110,1654,104.568852,20.847046,4,0,1,Hòa Bình
3882,110,1654,105.370493,20.849678,4,0,1,Hòa Bình
3883,110,1655,107.696712,21.361308,1,60,1,Quảng Ninh
3884,110,1655,107.691598,21.362814,1,60,1,Quảng Ninh
3885,110,1655,107.685893,21.364567,1,60,1,Quảng Ninh
3886,111,1656,106.251571,10.667934,4,0,1,Long An
3887,111,1656,106.312937,10.669847,4,0,1,Long An
3888,111,1657,104.947739,10.5032,4,0,1,An Giang
3889,111,1657,104.944515,10.504383,4,0,1,An Giang
3890,111,1658,105.751893,10.576036,4,0,1,Bà Rịa - Vũng Tàu
3891,111,1658,107.658272,10.81585,4,0,1,Bà Rịa - Vũng Tàu
3892,111,1659,107.62175,10.873762,4,0,1,Đồng Nai
3893,111,1659,107.44755,10.875035,4,0,1,Đồng Nai
3894,111,1660,105.895778,10.959322,4,0,1,Tây Ninh
3895,111,1660,105.895632,10.959415,4,0,1,Tây Ninh
3896,111,1660,105.889917,10.971924,4,0,1,Tây Ninh
3897,111,1660,105.771116,10.973911,4,0,1,Tây Ninh
3898,111,1661,105.986337,11.089054,1,60,1,Tây Ninh
3899,111,1661,105.691221,11.14999,1,60,1,Tây Ninh
3900,111,1662,108.04787,14.216508,1,80,1,Bình Định
3901,111,1662,108.963872,14.417472,1,80,1,Bình Định
3902,111,1663,108.463406,16.636464,4,0,1,Đà Nẵng
3903,111,1663,108.348154,16.905336,4,0,1,Đà Nẵng
3904,111,1663,107.949706,15.126047,4,0,1,Đà Nẵng
3905,111,1664,106.479268,18.711844,1,80,1,Hà Tĩnh
3906,111,1664,106.334406,18.855798,1,80,1,Hà Tĩnh
3907,111,1664,106.360557,18.959674,1,80,1,Hà Tĩnh
3908,111,1665,106.577399,19.939424,4,0,1,Thái Bình
3909,111,1665,106.760202,19.998142,4,0,1,Thái Bình
3910,111,1666,106.970963,20.218223,1,90,1,Hòa Bình
3911,111,1666,105.161858,20.231591,1,90,1,Hòa Bình
3912,111,1667,106.730975,20.328152,2,0,1,Thái Bình
3913,111,1667,106.506339,20.39881,2,0,1,Thái Bình
3914,111,1667,105.180525,20.404919,2,0,1,Thái Bình
3915,111,1668,106.497777,20.425956,4,0,1,Hải Phòng
3916,111,1668,106.847947,20.54722,4,0,1,Hải Phòng
3917,111,1669,105.622729,20.821036,2,0,1,Hải Phòng
3918,111,1669,106.806328,20.860146,2,0,1,Hải Phòng
3919,111,1670,107.09895,20.948705,4,0,1,Quảng Ninh
3920,111,1670,107.057765,20.969328,4,0,1,Quảng Ninh
3921,111,1670,107.051321,20.951813,4,0,1,Quảng Ninh
3922,111,1671,106.638321,21.105724,4,0,1,Phú Thọ
3923,111,1671,105.075644,21.238232,4,0,1,Phú Thọ
3924,111,1671,106.394564,21.307276,4,0,1,Phú Thọ
3925,111,1672,105.000113,21.448859,1,50,1,Quảng Ninh
3926,111,1672,107.947976,21.613066,1,50,1,Quảng Ninh
3927,111,1673,104.133735,22.750977,4,0,1,Cao Bằng
3928,111,1673,105.618213,22.836109,4,0,1,Cao Bằng
3929,112,1674,105.455041,9.803989,1,60,1,Kiên Giang
3930,112,1674,105.055452,9.854818,1,60,1,Kiên Giang
3931,112,1674,105.069436,9.857815,1,60,1,Kiên Giang
3932,112,1674,106.748339,9.952892,1,60,1,Kiên Giang
3933,112,1675,106.762101,10.072242,4,0,1,Kiên Giang
3934,112,1675,104.901009,10.204531,4,0,1,Kiên Giang
3935,112,1676,106.899519,10.291641,4,0,1,Bà Rịa - Vũng Tàu
3936,112,1676,106.897128,10.292687,4,0,1,Bà Rịa - Vũng Tàu
3937,112,1677,105.236647,10.811074,1,60,1,Đồng Nai
3938,112,1677,107.287746,11.015934,1,60,1,Đồng Nai
3939,112,1678,109.031834,12.270125,1,60,1,Khánh Hòa
3940,112,1678,109.222386,12.296621,1,60,1,Khánh Hòa
3941,112,1679,107.618228,15.525642,2,0,1,Thừa Thiên Huế
3942,112,1679,107.186862,15.767715,2,0,1,Thừa Thiên Huế
3943,112,1680,105.565811,17.256903,4,0,1,Hà Tĩnh
3944,112,1680,106.761944,18.4114,4,0,1,Hà Tĩnh
3945,112,1680,106.739936,18.572854,4,0,1,Hà Tĩnh
3946,112,1681,106.257166,20.129341,4,0,1,Hòa Bình
3947,112,1681,105.027843,20.143796,4,0,1,Hòa Bình
3948,112,1682,106.500509,21.145944,1,50,1,Hải Phòng
3949,112,1682,106.693263,21.149899,1,50,1,Hải Phòng
3950,112,1683,105.072896,21.177319,4,0,1,Vĩnh Phúc
3951,112,1683,105.76782,21.214033,4,0,1,Vĩnh Phúc
3952,112,1684,105.252694,21.417796,1,60,1,Phú Thọ
3953,112,1684,105.261853,21.422152,1,60,1,Phú Thọ
3954,112,1685,104.867876,21.865058,1,80,1,Tuyên Quang
3955,112,1685,105.5354,22.023247,1,80,1,Tuyên Quang
3956,112,1685,106.983839,22.110127,1,80,1,Tuyên Quang
3957,113,1686,105.506068,8.580758,4,0,1,Trà Vinh
3958,113,1686,106.971255,9.509772,4,0,1,Trà Vinh
3959,113,1686,106.218819,9.85517,4,0,1,Trà Vinh
3960,113,1687,106.845874,10.62664,4,0,1,Long An
3961,113,1687,106.445297,10.647103,4,0,1,Long An
3962,113,1687,107.245267,10.545895,4,0,1,Long An
3963,113,1688,105.917502,10.778156,4,0,1,Đồng Tháp
3964,113,1688,105.912655,10.780375,4,0,1,Đồng Tháp
3965,113,1689,105.713677,10.859312,4,0,1,Đồng Nai
3966,113,1689,107.465171,10.892033,4,0,1,Đồng Nai
3967,113,1690,105.410032,11.014692,2,0,1,Đồng Nai
3968,113,1690,107.037465,11.092547,2,0,1,Đồng Nai
3969,113,1691,108.019069,12.572862,2,0,1,Phú Yên
3970,113,1691,108.728108,12.767689,2,0,1,Phú Yên
3971,113,1692,108.978651,13.073255,4,0,1,Gia Lai
3972,113,1692,108.412616,13.442272,4,0,1,Gia Lai
3973,113,1693,109.232626,13.937499,1,90,1,Đà Nẵng
3974,113,1693,108.813087,16.009543,1,90,1,Đà Nẵng
3975,113,1694,108.339192,16.910567,11,0,1,Thừa Thiên Huế
3976,113,1694,108.257497,16.916732,11,0,1,Thừa Thiên Huế
3977,113,1695,106.974194,18.244755,1,80,1,Quảng Bình
3978,113,1695,106.904701,18.294068,1,80,1,Quảng Bình
3979,113,1696,105.106084,20.276857,1,60,1,Hòa Bình
3980,113,1696,105.177808,20.481732,1,60,1,Hòa Bình
3981,113,1697,106.230819,20.522689,1,50,1,Hòa Bình
3982,113,1697,105.154651,20.776017,1,50,1,Hòa Bình
3983,113,1698,105.248482,20.800159,1,60,1,Hà Nội
3984,113,1698,105.826954,20.940577,1,60,1,Hà Nội
3985,113,1699,102.998036,21.317358,1,50,1,Bắc Giang
3986,113,1699,106.443293,21.318269,1,50,1,Bắc Giang
3987,113,1699,106.196277,21.323671,1,50,1,Bắc Giang
3988,113,1700,105.258139,21.342607,4,0,1,Phú Thọ
3989,113,1700,105.255864,21.343047,4,0,1,Phú Thọ
3990,113,1701,107.945421,21.613583,1,80,1,Lạng Sơn
3991,113,1701,107.133764,21.614705,1,80,1,Lạng Sơn
3992,113,1702,104.976195,21.632368,4,0,1,Yên Bái
3993,113,1702,104.974609,21.632559,4,0,1,Yên Bái
3994,113,1703,106.262817,22.146699,2,0,1,Lai Châu
3995,113,1703,103.159863,22.194231,2,0,1,Lai Châu
3996,114,1704,105.547305,8.595987,1,60,1,Cà Mau
3997,114,1704,105.535404,8.711935,1,60,1,Cà Mau
3998,114,1705,105.299466,9.926972,2,0,1,Trà Vinh
3999,114,1705,106.598943,9.988622,2,0,1,Trà Vinh
4000,114,1706,106.70772,10.147688,4,0,1,Kiên Giang
4001,114,1706,103.971068,10.178187,4,0,1,Kiên Giang
4002,114,1707,107.180998,10.42287,4,0,1,Long An
4003,114,1707,106.444787,10.647752,4,0,1,Long An
4004,114,1708,105.949491,10.58987,1,50,1,Đồng Tháp
4005,114,1708,105.826149,10.706566,1,50,1,Đồng Tháp
4006,114,1709,105.657495,10.75294,11,0,1,Đồng Tháp
4007,114,1709,105.632111,10.780472,11,0,1,Đồng Tháp
4008,114,1710,105.596667,10.950669,1,70,1,Đồng Tháp
4009,114,1710,105.5837,10.955107,1,70,1,Đồng Tháp
4010,114,1711,105.094807,11.314601,4,0,1,An Giang
4011,114,1711,105.093044,11.316289,4,0,1,An Giang
4012,114,1712,107.866315,11.425739,2,0,1,Lâm Đồng
4013,114,1712,108.41999,11.78053,2,0,1,Lâm Đồng
4014,114,1713,108.035412,12.918995,4,0,1,Đắk Lắk
4015,114,1713,108.212688,13.180887,4,0,1,Đắk Lắk
4016,114,1714,109.194946,13.902691,4,0,1,Gia Lai
4017,114,1714,107.960741,13.98277,4,0,1,Gia Lai
4018,114,1715,107.931762,14.054549,1,60,1,Quảng Ngãi
4019,114,1715,109.060622,14.709807,1,60,1,Quảng Ngãi
4020,114,1716,108.493301,16.522505,4,0,1,Đà Nẵng
4021,114,1716,108.291245,16.821968,4,0,1,Đà Nẵng
4022,114,1717,105.358155,17.757319,1,60,1,Hà Tĩnh
4023,114,1717,105.321509,18.060546,1,60,1,Hà Tĩnh
4024,114,1718,105.118316,18.260173,4,0,1,Thanh Hóa
4025,114,1718,106.811469,19.330327,4,0,1,Thanh Hóa
4026,114,1719,105.043839,20.216185,4,0,1,Thái Bình
4027,114,1719,106.580038,20.364836,4,0,1,Thái Bình
4028,114,1720,104.76676,20.780922,4,0,1,Hòa Bình
4029,114,1720,105.34862,20.793907,4,0,1,Hòa Bình
4030,114,1721,105.60564,20.828503,1,80,1,Hà Nội
4031,114,1721,105.813318,20.91647,1,80,1,Hà Nội
4032,114,1722,105.010423,20.960191,1,60,1,Hải Phòng
4033,114,1722,106.847571,20.950854,1,60,1,Hải Phòng
4034,114,1723,107.332658,21.086696,4,0,1,Quảng Ninh
4035,114,1723,107.375398,21.085629,4,0,1,Quảng Ninh
4036,114,1724,105.120018,21.223529,4,0,1,Phú Thọ
4037,114,1724,105.115635,21.226262,4,0,1,Phú Thọ
4038,114,1724,105.113457,21.225544,4,0,1,Phú Thọ
4039,114,1725,106.351373,21.34889,4,0,1,Phú Thọ
4040,114,1725,105.243893,21.353904,4,0,1,Phú Thọ
4041,114,1726,107.720374,21.462054,1,80,1,Quảng Ninh
4042,114,1726,107.457109,21.676275,1,80,1,Quảng Ninh
4043,115,1727,106.098757,9.338249,1,60,1,Trà Vinh
4044,115,1727,106.67627,9.454216,1,60,1,Trà Vinh
4045,115,1728,106.216214,9.857853,4,0,1,Trà Vinh
4046,115,1728,106.210703,9.870128,4,0,1,Trà Vinh
4047,115,1729,105.24276,9.915233,4,0,1,Trà Vinh
4048,115,1729,106.758541,10.019441,4,0,1,Trà Vinh
4049,115,1730,105.683955,10.047021,2,0,1,Bến Tre
4050,115,1730,106.908066,10.080336,2,0,1,Bến Tre
4051,115,1731,105.452138,10.273854,4,0,1,Đồng Tháp
4052,115,1731,105.469548,10.276109,4,0,1,Đồng Tháp
4053,115,1732,105.5209,10.561778,1,60,1,Đồng Tháp
4054,115,1732,105.50793,10.568325,1,60,1,Đồng Tháp
4055,115,1733,105.965684,10.585577,1,50,1,Đồng Tháp
4056,115,1733,105.962871,10.70458,1,50,1,Đồng Tháp
4057,115,1734,105.611375,10.790775,4,0,1,Đồng Tháp
4058,115,1734,105.60545,10.793237,4,0,1,Đồng Tháp
4059,115,1735,108.320419,11.58702,2,0,1,Lâm Đồng
4060,115,1735,108.458301,11.752389,2,0,1,Lâm Đồng
4061,115,1736,108.140608,15.072274,4,0,1,Quảng Nam
4062,115,1736,107.638034,15.424436,4,0,1,Quảng Nam
4063,115,1736,107.524924,15.439227,4,0,1,Quảng Nam
4064,115,1736,107.517372,15.44295,4,0,1,Quảng Nam
4065,115,1737,107.381051,15.496035,1,60,1,Quảng Nam
4066,115,1737,107.359923,15.600499,1,60,1,Quảng Nam
4067,115,1737,107.368281,15.605231,1,60,1,Quảng Nam
4068,115,1738,105.787064,17.12321,1,80,1,Hà Tĩnh
4069,115,1738,105.37238,17.756323,1,80,1,Hà Tĩnh
4070,115,1738,105.318373,17.777572,1,80,1,Hà Tĩnh
4071,115,1739,106.275909,19.446226,1,80,1,Thái Bình
4072,115,1739,106.983463,20.214481,1,80,1,Thái Bình
4073,115,1740,105.162435,20.231429,1,50,1,Hòa Bình
4074,115,1740,105.357977,20.280085,1,50,1,Hòa Bình
4075,115,1740,106.797436,20.304528,1,50,1,Hòa Bình
4076,115,1741,105.816728,21.018881,2,0,1,Hà Nội
4077,115,1741,105.801645,21.027493,2,0,1,Hà Nội
4078,115,1742,105.181232,21.17637,2,0,1,Hải Phòng
4079,115,1742,106.659721,21.237966,2,0,1,Hải Phòng
4080,115,1743,106.391774,21.314935,4,0,1,Yên Bái
4081,115,1743,104.678144,21.656402,4,0,1,Yên Bái
4082,115,1743,106.823899,21.501014,4,0,1,Yên Bái
4083,115,1744,106.164476,21.850746,1,60,1,Yên Bái
4084,115,1744,104.588558,21.88114,1,60,1,Yên Bái
4085,115,1744,105.555563,21.984195,1,60,1,Yên Bái
4086,116,1745,106.772627,10.017668,4,0,1,Bà Rịa - Vũng Tàu
4087,116,1745,106.952512,10.063641,4,0,1,Bà Rịa - Vũng Tàu
4088,116,1746,105.451541,10.208551,4,0,1,Đồng Tháp
4089,116,1746,105.469226,10.20978,4,0,1,Đồng Tháp
4090,116,1747,105.499085,10.75487,1,60,1,Đồng Nai
4091,116,1747,107.239623,10.922923,1,60,1,Đồng Nai
4092,116,1748,105.644231,10.937341,1,80,1,Đồng Tháp
4093,116,1748,105.638805,10.939956,1,80,1,Đồng Tháp
4094,116,1748,105.635131,10.941267,1,80,1,Đồng Tháp
4095,116,1748,105.630505,10.943938,1,80,1,Đồng Tháp
4096,116,1748,105.628652,10.944927,1,80,1,Đồng Tháp
4097,116,1749,105.582986,10.955418,11,0,1,Đồng Tháp
4098,116,1749,105.475838,10.974035,11,0,1,Đồng Tháp
4099,116,1750,108.168883,11.031961,2,0,1,An Giang
4100,116,1750,105.147366,11.116095,2,0,1,An Giang
4101,116,1751,108.383095,11.764452,4,0,1,Lâm Đồng
4102,116,1751,108.431387,11.77881,4,0,1,Lâm Đồng
4103,116,1751,109.216182,12.206095,4,0,1,Lâm Đồng
4104,116,1752,108.153849,12.701108,1,50,1,Phú Yên
4105,116,1752,109.338612,12.972923,1,50,1,Phú Yên
4106,116,1753,109.069927,14.170883,4,0,1,Đà Nẵng
4107,116,1753,108.82484,16.119082,4,0,1,Đà Nẵng
4108,116,1753,108.151405,16.832591,4,0,1,Đà Nẵng
4109,116,1754,107.944705,15.125484,1,50,1,Quảng Nam
4110,116,1754,108.043595,15.132345,1,50,1,Quảng Nam
4111,116,1755,107.890192,15.348215,2,0,1,Quảng Nam
4112,116,1755,107.631425,15.494673,2,0,1,Quảng Nam
4113,116,1756,107.375569,15.497188,1,60,1,Quảng Nam
4114,116,1756,107.647913,15.509828,1,60,1,Quảng Nam
4115,116,1757,105.028023,17.589667,4,0,1,Hà Tĩnh
4116,116,1757,105.478172,17.987077,4,0,1,Hà Tĩnh
4117,116,1757,105.184647,18.132609,4,0,1,Hà Tĩnh
4118,116,1758,105.18902,18.188046,1,60,1,Hà Tĩnh
4119,116,1758,106.678117,18.582985,1,60,1,Hà Tĩnh
4120,116,1759,106.51447,18.807634,1,80,1,Nghệ An
4121,116,1759,106.042744,18.963136,1,80,1,Nghệ An
4122,116,1759,104.953392,19.535979,1,80,1,Nghệ An
4123,116,1759,106.52417,20.011537,1,80,1,Nghệ An
4124,116,1760,106.966016,20.546158,1,80,1,Hải Phòng
4125,116,1760,106.961401,20.545864,1,80,1,Hải Phòng
4126,116,1761,105.405378,20.826792,1,60,1,Hòa Bình
4127,116,1761,104.671048,20.894511,1,60,1,Hòa Bình
4128,116,1762,105.55982,20.918981,2,0,1,Hòa Bình
4129,116,1762,105.306612,20.941296,2,0,1,Hòa Bình
4130,116,1763,105.537718,20.961385,1,50,1,Hòa Bình
4131,116,1763,105.53233,20.963923,1,50,1,Hòa Bình
4132,116,1763,105.523527,20.96806,1,50,1,Hòa Bình
4133,116,1764,106.909099,21.032053,4,0,1,Hải Phòng
4134,116,1764,106.908995,21.032155,4,0,1,Hải Phòng
4135,116,1765,106.606806,21.145799,2,0,1,Bắc Giang
4136,116,1765,106.271917,21.178324,2,0,1,Bắc Giang
4137,116,1765,106.566644,21.191418,2,0,1,Bắc Giang
4138,116,1766,106.40862,21.306628,4,0,1,Bắc Giang
4139,116,1766,106.405679,21.305453,4,0,1,Bắc Giang
4140,116,1767,106.404151,21.320379,4,0,1,Phú Thọ
4141,116,1767,105.197359,21.447702,4,0,1,Phú Thọ
4142,116,1768,105.691642,21.890959,2,0,1,Tuyên Quang
4143,116,1768,105.239712,21.893857,2,0,1,Tuyên Quang
4144,116,1769,104.48013,22.228827,1,60,1,Lao Cai
4145,116,1769,103.906949,22.300256,1,60,1,Lao Cai
4146,116,1769,104.021895,22.40855,1,60,1,Lao Cai
4147,116,1770,106.935567,22.567225,2,0,1,Cao Bằng
4148,116,1770,106.169642,22.777838,2,0,1,Cao Bằng
4149,117,1771,105.688101,8.704445,1,60,1,Cà Mau
4150,117,1771,105.542854,8.70877,1,60,1,Cà Mau
4151,117,1772,105.07177,9.943704,4,0,1,Đồng Tháp
4152,117,1772,105.354497,10.267084,4,0,1,Đồng Tháp
4153,117,1773,105.497784,10.619618,2,0,1,TP. Hồ Chí Minh
4154,117,1773,106.782936,10.545536,2,0,1,TP. Hồ Chí Minh
4155,117,1774,106.777424,10.891986,2,0,1,Bình Thuận
4156,117,1774,108.08557,10.939857,2,0,1,Bình Thuận
4157,117,1775,105.607856,10.967849,1,80,1,Đồng Tháp
4158,117,1775,105.60507,10.968778,1,80,1,Đồng Tháp
4159,117,1776,105.536943,11.272255,1,60,1,Đồng Nai
4160,117,1776,107.391586,11.354652,1,60,1,Đồng Nai
4161,117,1777,108.33004,13.043033,2,0,1,Phú Yên
4162,117,1777,108.974853,13.076172,2,0,1,Phú Yên
4163,117,1778,108.881203,13.92797,1,50,1,Gia Lai
4164,117,1778,107.706816,13.950862,1,50,1,Gia Lai
4165,117,1779,108.474759,16.035545,1,60,1,Đà Nẵng
4166,117,1779,108.720101,16.202795,1,60,1,Đà Nẵng
4167,117,1779,108.551166,16.428798,1,60,1,Đà Nẵng
4168,117,1780,108.31346,16.891214,11,0,1,Đà Nẵng
4169,117,1780,108.362529,16.902956,11,0,1,Đà Nẵng
4170,117,1781,107.35405,15.606719,4,0,1,Quảng Nam
4171,117,1781,107.4863,15.618467,4,0,1,Quảng Nam
4172,117,1782,105.416366,17.500716,1,80,1,Hà Tĩnh
4173,117,1782,105.34751,17.772113,1,80,1,Hà Tĩnh
4174,117,1782,105.392754,18.016936,1,80,1,Hà Tĩnh
4175,117,1783,105.02616,18.196385,4,0,1,Hà Tĩnh
4176,117,1783,105.12518,18.206325,4,0,1,Hà Tĩnh
4177,117,1784,104.898943,19.042089,1,80,1,Thanh Hóa
4178,117,1784,106.260199,19.474606,1,80,1,Thanh Hóa
4179,117,1785,106.862816,20.544664,1,80,1,Hòa Bình
4180,117,1785,105.340908,20.56925,1,80,1,Hòa Bình
4181,117,1785,106.334763,20.747862,1,80,1,Hòa Bình
4182,117,1786,105.643987,20.796757,4,0,1,Hà Nội
4183,117,1786,105.674799,20.841311,4,0,1,Hà Nội
4184,117,1787,105.008127,20.961246,1,60,1,Hà Nội
4185,117,1787,105.803821,21.025322,1,60,1,Hà Nội
4186,117,1788,105.092247,21.278453,4,0,1,Bắc Giang
4187,117,1788,106.465055,21.278583,4,0,1,Bắc Giang
4188,117,1788,105.089459,21.279932,4,0,1,Bắc Giang
4189,117,1789,106.381408,21.311038,4,0,1,Bắc Giang
4190,117,1789,106.394322,21.313569,4,0,1,Bắc Giang
4191,117,1789,103.920757,21.324991,4,0,1,Bắc Giang
4192,117,1789,106.373932,21.342403,4,0,1,Bắc Giang
4193,117,1789,106.37234,21.343229,4,0,1,Bắc Giang
4194,117,1789,106.359747,21.34468,4,0,1,Bắc Giang
4195,117,1790,103.789265,22.535809,2,0,1,Hà Giang
4196,117,1790,105.412387,22.823701,2,0,1,Hà Giang
4197,118,1791,105.641652,9.918636,2,0,1,Đồng Tháp
4198,118,1791,105.351548,10.268522,2,0,1,Đồng Tháp
4199,118,1792,105.336659,10.69715,4,0,1,An Giang
4200,118,1792,105.296492,10.518735,4,0,1,An Giang
4201,118,1793,107.672348,11.163827,4,0,1,Tây Ninh
4202,118,1793,105.289731,11.364809,4,0,1,Tây Ninh
4203,118,1793,105.257745,11.355798,4,0,1,Tây Ninh
4204,118,1794,108.378187,11.764595,2,0,1,Ninh Thuận
4205,118,1794,108.767353,11.796474,2,0,1,Ninh Thuận
4206,118,1794,108.977205,11.85403,2,0,1,Ninh Thuận
4207,118,1795,105.513243,17.383869,4,0,1,Quảng Bình
4208,118,1795,106.932629,18.253887,4,0,1,Quảng Bình
4209,118,1795,106.916839,18.272715,4,0,1,Quảng Bình
4210,118,1796,106.569854,19.895067,2,0,1,Thái Bình
4211,118,1796,106.542421,19.909146,2,0,1,Thái Bình
4212,118,1796,106.044114,20.305128,2,0,1,Thái Bình
4213,118,1797,105.331675,20.759502,1,80,1,Hòa Bình
4214,118,1797,104.760268,20.783111,1,80,1,Hòa Bình
4215,118,1798,106.800162,20.874454,1,80,1,Hà Nội
4216,118,1798,105.635298,20.886166,1,80,1,Hà Nội
4217,118,1799,105.498941,20.948044,1,60,1,Quảng Ninh
4218,118,1799,107.035026,20.959993,1,60,1,Quảng Ninh
4219,118,1800,104.910917,21.746703,1,80,1,Lao Cai
4220,118,1800,103.995047,22.039561,1,80,1,Lao Cai
4221,118,1800,104.19882,22.091161,1,80,1,Lao Cai
4222,119,1801,106.616442,10.648353,4,0,1,An Giang
4223,119,1801,105.352111,10.668136,4,0,1,An Giang
4224,119,1802,105.488089,10.74951,1,60,1,Đồng Tháp
4225,119,1802,105.484657,10.761585,1,60,1,Đồng Tháp
4226,119,1803,107.830102,11.631192,4,0,1,Đắk Nông
4227,119,1803,107.37832,11.631937,4,0,1,Đắk Nông
4228,119,1803,108.934208,11.505162,4,0,1,Đắk Nông
4229,119,1804,107.823109,11.541299,2,0,1,Tây Ninh
4230,119,1804,105.678737,11.567954,2,0,1,Tây Ninh
4231,119,1805,108.308933,11.764973,4,0,1,Khánh Hòa
4232,119,1805,109.175712,12.032582,4,0,1,Khánh Hòa
4233,119,1806,108.966663,12.989004,1,80,1,Đắk Lắk
4234,119,1806,108.248412,13.185868,1,80,1,Đắk Lắk
4235,119,1807,108.300198,13.633658,1,60,1,Gia Lai
4236,119,1807,108.022809,13.704689,1,60,1,Gia Lai
4237,119,1808,108.605714,16.561518,1,80,1,Quảng Nam
4238,119,1808,107.923441,15.27424,1,80,1,Quảng Nam
4239,119,1809,107.495005,15.454806,1,60,1,Quảng Nam
4240,119,1809,107.33087,15.621769,1,60,1,Quảng Nam
4241,119,1810,107.207754,15.536455,1,60,1,Quảng Nam
4242,119,1810,107.154204,15.563834,1,60,1,Quảng Nam
4243,119,1810,107.145153,15.554037,1,60,1,Quảng Nam
4244,119,1811,106.415369,18.700205,2,0,1,Hà Tĩnh
4245,119,1811,106.49061,18.707173,2,0,1,Hà Tĩnh
4246,119,1812,106.384568,18.875333,4,0,1,Thái Bình
4247,119,1812,105.368953,20.286029,4,0,1,Thái Bình
4248,119,1812,106.722621,20.331567,4,0,1,Thái Bình
4249,119,1812,106.722035,20.331912,4,0,1,Thái Bình
4250,119,1812,106.59916,20.339835,4,0,1,Thái Bình
4251,119,1812,105.251171,20.486334,4,0,1,Thái Bình
4252,119,1812,106.38175,20.603623,4,0,1,Thái Bình
4253,119,1812,106.905231,20.642604,4,0,1,Thái Bình
4254,119,1813,107.409344,21.087246,4,0,1,Quảng Ninh
4255,119,1813,107.409107,21.087394,4,0,1,Quảng Ninh
4256,119,1814,105.234555,21.319474,4,0,1,Bắc Giang
4257,119,1814,106.623154,21.327048,4,0,1,Bắc Giang
4258,119,1815,104.825332,21.764047,1,60,1,Yên Bái
4259,119,1815,104.769835,21.794543,1,60,1,Yên Bái
4260,119,1816,106.724185,22.462911,2,0,1,Hà Giang
4261,119,1816,105.279896,22.540109,2,0,1,Hà Giang
4262,119,1816,106.487738,22.993199,2,0,1,Hà Giang
4263,120,1817,106.505799,9.67102,2,0,1,Trà Vinh
4264,120,1817,106.495318,9.774692,2,0,1,Trà Vinh
4265,120,1818,105.289684,9.93001,4,0,1,Kiên Giang
4266,120,1818,105.273328,10.173235,4,0,1,Kiên Giang
4267,120,1819,105.489339,10.265487,4,0,1,Vinh Long
4268,120,1819,106.036587,10.361941,4,0,1,Vinh Long
4269,120,1820,105.914532,10.396281,4,0,1,Long An
4270,120,1820,106.558047,10.449788,4,0,1,Long An
4271,120,1820,106.557066,10.460359,4,0,1,Long An
4272,120,1820,107.213914,10.494724,4,0,1,Long An
4273,120,1820,107.213914,10.494724,4,0,1,Long An
4274,120,1821,105.613946,10.734368,1,60,1,Đồng Tháp
4275,120,1821,105.612403,10.736252,1,60,1,Đồng Tháp
4276,120,1821,105.601744,10.741668,1,60,1,Đồng Tháp
4277,120,1821,105.497351,10.744143,1,60,1,Đồng Tháp
4278,120,1821,105.483037,10.7625,1,60,1,Đồng Tháp
4279,120,1821,105.426816,10.799825,1,60,1,Đồng Tháp
4280,120,1822,107.367214,11.199966,2,0,1,Đồng Nai
4281,120,1822,107.418211,11.27482,2,0,1,Đồng Nai
4282,120,1822,105.790007,11.27962,2,0,1,Đồng Nai
4283,120,1823,109.102131,11.969617,1,60,1,Khánh Hòa
4284,120,1823,109.049564,12.245001,1,60,1,Khánh Hòa
4285,120,1824,107.852346,12.446601,1,50,1,Khánh Hòa
4286,120,1824,109.042646,12.6188,1,50,1,Khánh Hòa
4287,120,1825,109.04134,13.879822,2,0,1,Gia Lai
4288,120,1825,107.95101,13.901948,2,0,1,Gia Lai
4289,120,1826,108.481987,16.673849,4,0,1,Thừa Thiên Huế
4290,120,1826,108.332023,16.915077,4,0,1,Thừa Thiên Huế
4291,120,1827,105.226717,18.159036,1,60,1,Hà Tĩnh
4292,120,1827,105.224618,18.159709,1,60,1,Hà Tĩnh
4293,120,1828,106.893073,19.736612,4,0,1,Thái Bình
4294,120,1828,106.799691,19.835653,4,0,1,Thái Bình
4295,120,1828,106.872654,19.913679,4,0,1,Thái Bình
4296,120,1829,105.212821,20.599743,1,60,1,Hòa Bình
4297,120,1829,105.485247,20.753452,1,60,1,Hòa Bình
4298,120,1830,106.758132,21.465101,2,0,1,Lạng Sơn
4299,120,1830,106.598901,21.541725,2,0,1,Lạng Sơn
4300,120,1831,104.427445,21.728182,1,80,1,Yên Bái
4301,120,1831,104.923918,21.753358,1,80,1,Yên Bái
4302,120,1832,105.577522,21.976543,1,80,1,Yên Bái
4303,120,1832,104.707368,22.022187,1,80,1,Yên Bái
4304,120,1832,104.595968,22.030701,1,80,1,Yên Bái
4305,121,1833,105.023788,9.642535,4,0,1,Trà Vinh
4306,121,1833,106.112931,9.579488,4,0,1,Trà Vinh
4307,121,1833,106.496637,9.776055,4,0,1,Trà Vinh
4308,121,1833,105.142615,9.828334,4,0,1,Trà Vinh
4309,121,1833,105.447344,10.002715,4,0,1,Trà Vinh
4310,121,1834,106.727888,10.05893,1,70,1,Bến Tre
4311,121,1834,106.718802,10.074542,1,70,1,Bến Tre
4312,121,1835,104.9282,10.185952,4,0,1,Cần Thơ
4313,121,1835,105.528913,10.200159,4,0,1,Cần Thơ
4314,121,1836,105.359315,10.377081,4,0,1,An Giang
4315,121,1836,105.357171,10.378276,4,0,1,An Giang
4316,121,1836,107.249912,10.38306,4,0,1,An Giang
4317,121,1837,108.366412,16.894361,4,0,1,Đà Nẵng
4318,121,1837,108.355767,16.897157,4,0,1,Đà Nẵng
4319,121,1838,107.346347,15.613246,1,80,1,Quảng Nam
4320,121,1838,107.323324,15.625057,1,80,1,Quảng Nam
4321,121,1839,107.146399,15.787996,1,60,1,Thừa Thiên Huế
4322,121,1839,107.146103,15.788182,1,60,1,Thừa Thiên Huế
4323,121,1840,105.228398,18.157442,4,0,1,Quảng Bình
4324,121,1840,106.832148,18.329419,4,0,1,Quảng Bình
4325,121,1841,106.381678,18.829068,2,0,1,Thanh Hóa
4326,121,1841,106.336652,19.174563,2,0,1,Thanh Hóa
4327,121,1842,106.613438,20.420452,4,0,1,Thái Bình
4328,121,1842,106.434266,20.457666,4,0,1,Thái Bình
4329,121,1842,106.428772,20.472485,4,0,1,Thái Bình
4330,121,1843,105.733608,20.710644,2,0,1,Hòa Bình
4331,121,1843,105.483703,20.756034,2,0,1,Hòa Bình
4332,121,1844,105.674703,20.777317,4,0,1,Hà Nội
4333,121,1844,105.650252,20.785018,4,0,1,Hà Nội
4334,121,1845,106.508988,21.224307,11,0,1,Phú Thọ
4335,121,1845,105.383389,21.301538,11,0,1,Phú Thọ
4336,121,1846,105.22573,21.431191,1,80,1,Yên Bái
4337,121,1846,105.052569,21.665171,1,80,1,Yên Bái
4338,122,1847,106.002799,10.138172,4,0,1,Bến Tre
4339,122,1847,106.584235,10.153872,4,0,1,Bến Tre
4340,122,1848,104.879609,10.218771,4,0,1,Kiên Giang
4341,122,1848,104.809402,10.254517,4,0,1,Kiên Giang
4342,122,1849,107.270622,10.448278,1,50,1,Bà Rịa - Vũng Tàu
4343,122,1849,107.226319,10.481026,1,50,1,Bà Rịa - Vũng Tàu
4344,122,1850,105.607701,10.613743,4,0,1,Đồng Tháp
4345,122,1850,105.439625,10.645317,4,0,1,Đồng Tháp
4346,122,1851,106.257655,10.6529,4,0,1,An Giang
4347,122,1851,105.333603,10.698387,4,0,1,An Giang
4348,122,1852,107.105944,10.542445,2,0,1,Đồng Tháp
4349,122,1852,105.960465,10.725332,2,0,1,Đồng Tháp
4350,122,1853,105.788279,10.768657,4,0,1,Đồng Tháp
4351,122,1853,105.69808,10.841059,4,0,1,Đồng Tháp
4352,122,1853,105.727348,10.89021,4,0,1,Đồng Tháp
4353,122,1854,108.982255,11.674706,4,0,1,Ninh Thuận
4354,122,1854,108.965596,11.506985,4,0,1,Ninh Thuận
4355,122,1855,109.206095,13.719323,1,80,1,Bình Định
4356,122,1855,108.983856,13.887227,1,80,1,Bình Định
4357,122,1856,107.976903,14.093592,1,80,1,Bình Định
4358,122,1856,109.107848,14.156096,1,80,1,Bình Định
4359,122,1857,108.787858,16.08287,1,50,1,Đà Nẵng
4360,122,1857,108.655745,16.662924,1,50,1,Đà Nẵng
4361,122,1858,105.233927,18.154087,11,0,1,Quảng Bình
4362,122,1858,106.998585,18.261345,11,0,1,Quảng Bình
4363,122,1858,106.998466,18.261475,11,0,1,Quảng Bình
4364,122,1859,106.998359,18.261646,4,0,1,Hà Tĩnh
4365,122,1859,105.098227,18.272234,4,0,1,Hà Tĩnh
4366,122,1860,106.740032,18.766875,1,80,1,Thanh Hóa
4367,122,1860,106.166493,19.664642,1,80,1,Thanh Hóa
4368,122,1861,106.474966,20.441615,2,0,1,Hòa Bình
4369,122,1861,105.259802,20.480745,2,0,1,Hòa Bình
4370,122,1862,105.782907,20.940927,2,0,1,Hòa Bình
4371,122,1862,105.371629,20.972704,2,0,1,Hòa Bình
4372,122,1863,106.965614,21.200545,4,0,1,Sơn La
4373,122,1863,104.100827,21.201116,4,0,1,Sơn La
4374,122,1863,105.636516,21.230472,4,0,1,Sơn La
4375,122,1864,103.909044,21.327543,4,0,1,Bắc Giang
4376,122,1864,106.31321,21.353043,4,0,1,Bắc Giang
4377,122,1864,105.045441,21.354802,4,0,1,Bắc Giang
4378,122,1865,105.533626,21.879059,1,80,1,Yên Bái
4379,122,1865,104.722262,22.008881,1,80,1,Yên Bái
4380,122,1866,105.226754,22.57053,4,0,1,Hà Giang
4381,122,1866,105.220202,22.574187,4,0,1,Hà Giang
4382,122,1866,105.220601,22.581056,4,0,1,Hà Giang
4383,122,1866,105.162236,22.735926,4,0,1,Hà Giang
4384,123,1867,106.114296,9.578537,2,0,1,Trà Vinh
4385,123,1867,106.894001,9.928235,2,0,1,Trà Vinh
4386,123,1868,104.993192,10.144419,4,0,1,Cần Thơ
4387,123,1868,106.867146,10.146573,4,0,1,Cần Thơ
4388,123,1868,104.989434,10.145848,4,0,1,Cần Thơ
4389,123,1868,104.989205,10.145963,4,0,1,Cần Thơ
4390,123,1868,104.983995,10.160403,4,0,1,Cần Thơ
4391,123,1868,104.979639,10.163305,4,0,1,Cần Thơ
4392,123,1868,105.434365,10.165545,4,0,1,Cần Thơ
4393,123,1868,104.957188,10.151424,4,0,1,Cần Thơ
4394,123,1868,104.956932,10.152219,4,0,1,Cần Thơ
4395,123,1868,104.954052,10.153613,4,0,1,Cần Thơ
4396,123,1868,106.583436,10.154375,4,0,1,Cần Thơ
4397,123,1868,104.950272,10.156926,4,0,1,Cần Thơ
4398,123,1868,104.968064,10.157376,4,0,1,Cần Thơ
4399,123,1869,104.949503,10.172948,4,0,1,Kiên Giang
4400,123,1869,104.933205,10.183707,4,0,1,Kiên Giang
4401,123,1869,104.925853,10.187786,4,0,1,Kiên Giang
4402,123,1869,104.917229,10.194139,4,0,1,Kiên Giang
4403,123,1870,104.869709,10.231542,4,0,1,Đồng Tháp
4404,123,1870,104.863198,10.236959,4,0,1,Đồng Tháp
4405,123,1870,105.613358,10.239748,4,0,1,Đồng Tháp
4406,123,1870,104.82015,10.26749,4,0,1,Đồng Tháp
4407,123,1870,104.80306,10.258722,4,0,1,Đồng Tháp
4408,123,1871,105.623298,10.94775,11,0,1,Đồng Tháp
4409,123,1871,105.549759,10.995614,11,0,1,Đồng Tháp
4410,123,1872,107.814473,11.637747,4,0,1,Đắk Nông
4411,123,1872,107.810162,11.643045,4,0,1,Đắk Nông
4412,123,1872,105.431754,11.515357,4,0,1,Đắk Nông
4413,123,1873,109.175263,12.261576,4,0,1,Khánh Hòa
4414,123,1873,109.125756,12.475387,4,0,1,Khánh Hòa
4415,123,1873,109.016654,12.638385,4,0,1,Khánh Hòa
4416,123,1874,108.653856,12.808187,1,80,1,Phú Yên
4417,123,1874,109.150319,13.00926,1,80,1,Phú Yên
4418,123,1875,108.785257,16.083923,1,50,1,Đà Nẵng
4419,123,1875,108.781431,16.087157,1,50,1,Đà Nẵng
4420,123,1876,108.493945,16.656662,11,0,1,Đà Nẵng
4421,123,1876,108.47748,16.677182,11,0,1,Đà Nẵng
4422,123,1877,108.25792,16.871679,4,0,1,Quảng Nam
4423,123,1877,108.15052,15.051652,4,0,1,Quảng Nam
4424,123,1878,108.168001,15.053334,11,0,1,Quảng Nam
4425,123,1878,108.164806,15.056468,11,0,1,Quảng Nam
4426,123,1879,106.989992,18.267133,4,0,1,Quảng Bình
4427,123,1879,106.870001,18.304538,4,0,1,Quảng Bình
4428,123,1879,106.85274,18.309486,4,0,1,Quảng Bình
4429,123,1879,106.847958,18.319309,4,0,1,Quảng Bình
4430,123,1879,106.857793,18.354926,4,0,1,Quảng Bình
4431,123,1880,107.012203,20.986555,1,50,1,Quảng Ninh
4432,123,1880,107.012165,20.986592,1,50,1,Quảng Ninh
4433,123,1881,106.813815,21.008995,4,0,1,Hải Phòng
4434,123,1881,106.811223,21.010561,4,0,1,Hải Phòng
4435,123,1882,106.855681,21.297901,2,0,1,Phú Thọ
4436,123,1882,105.377817,21.306228,2,0,1,Phú Thọ
4437,123,1883,105.48203,21.360363,1,60,1,Lạng Sơn
4438,123,1883,106.656065,21.450617,1,60,1,Lạng Sơn
4439,124,1884,105.085129,9.968074,4,0,1,Kiên Giang
4440,124,1884,105.083241,9.969972,4,0,1,Kiên Giang
4441,124,1885,104.973575,10.167187,4,0,1,Đồng Tháp
4442,124,1885,104.972727,10.167848,4,0,1,Đồng Tháp
4443,124,1885,105.526201,10.202753,4,0,1,Đồng Tháp
4444,124,1885,105.520757,10.206756,4,0,1,Đồng Tháp
4445,124,1885,105.51949,10.205544,4,0,1,Đồng Tháp
4446,124,1885,104.810236,10.25403,4,0,1,Đồng Tháp
4447,124,1885,105.419286,10.29469,4,0,1,Đồng Tháp
4448,124,1885,105.376959,10.373016,4,0,1,Đồng Tháp
4449,124,1885,104.474927,10.409833,4,0,1,Đồng Tháp
4450,124,1886,105.365811,10.651342,1,80,1,Bà Rịa - Vũng Tàu
4451,124,1886,107.129273,10.690247,1,80,1,Bà Rịa - Vũng Tàu
4452,124,1886,107.127391,10.691643,1,80,1,Bà Rịa - Vũng Tàu
4453,124,1887,105.698686,10.840715,4,0,1,TP. Hồ Chí Minh
4454,124,1887,106.80872,10.873076,4,0,1,TP. Hồ Chí Minh
4455,124,1888,105.621841,10.948766,1,80,1,Đồng Tháp
4456,124,1888,105.619151,10.960674,1,80,1,Đồng Tháp
4457,124,1888,105.616584,10.962945,1,80,1,Đồng Tháp
4458,124,1889,106.958776,11.31835,1,80,1,An Giang
4459,124,1889,105.102807,11.344429,1,80,1,An Giang
4460,124,1890,108.659636,12.108823,4,0,1,Khánh Hòa
4461,124,1890,109.195014,12.156289,4,0,1,Khánh Hòa
4462,124,1891,109.156215,13.827757,4,0,1,Bình Định
4463,124,1891,109.02286,13.868233,4,0,1,Bình Định
4464,124,1891,109.015528,13.852479,4,0,1,Bình Định
4465,124,1891,109.013094,13.854825,4,0,1,Bình Định
4466,124,1892,104.799738,19.270793,1,80,1,Thanh Hóa
4467,124,1892,106.483355,19.273048,1,80,1,Thanh Hóa
4468,124,1892,106.200665,19.616964,1,80,1,Thanh Hóa
4469,124,1892,106.72781,19.617008,1,80,1,Thanh Hóa
4470,124,1893,105.411258,20.823267,1,60,1,Hòa Bình
4471,124,1893,105.092077,20.922689,1,60,1,Hòa Bình
4472,124,1894,105.693828,21.061194,4,0,1,Hải Phòng
4473,124,1894,106.735126,21.061827,4,0,1,Hải Phòng
4474,124,1895,106.572067,21.280475,4,0,1,Bắc Giang
4475,124,1895,106.571208,21.281025,4,0,1,Bắc Giang
4476,124,1896,106.570427,21.281698,4,0,1,Phú Thọ
4477,124,1896,106.557029,21.283915,4,0,1,Phú Thọ
4478,124,1896,103.932551,21.306645,4,0,1,Phú Thọ
4479,124,1896,105.046957,21.306875,4,0,1,Phú Thọ
4480,124,1896,103.90566,21.332985,4,0,1,Phú Thọ
4481,124,1896,105.350436,21.342627,4,0,1,Phú Thọ
4482,124,1897,106.311111,21.354433,4,0,1,Phú Thọ
4483,124,1897,105.208462,21.440858,4,0,1,Phú Thọ
4484,124,1898,106.970412,21.455062,2,0,1,Thái Nguyên
4485,124,1898,106.121072,21.608274,2,0,1,Thái Nguyên
4486,125,1899,106.12448,9.131005,4,0,1,Bạc Liêu
4487,125,1899,106.160647,9.175397,4,0,1,Bạc Liêu
4488,125,1899,106.169561,9.199,4,0,1,Bạc Liêu
4489,125,1900,106.743611,10.067946,1,70,1,Bến Tre
4490,125,1900,106.736358,10.054222,1,70,1,Bến Tre
4491,125,1901,106.004511,10.135959,4,0,1,An Giang
4492,125,1901,106.269959,10.269247,4,0,1,An Giang
4493,125,1901,105.478832,10.253312,4,0,1,An Giang
4494,125,1901,104.492234,10.357196,4,0,1,An Giang
4495,125,1901,106.431394,10.388544,4,0,1,An Giang
4496,125,1901,105.469453,10.617059,4,0,1,An Giang
4497,125,1902,107.189222,10.635703,1,50,1,Đồng Tháp
4498,125,1902,105.428057,10.664535,1,50,1,Đồng Tháp
4499,125,1903,105.902226,11.02189,4,0,1,Tây Ninh
4500,125,1903,105.845226,11.037942,4,0,1,Tây Ninh
4501,125,1904,107.688092,11.41434,4,0,1,Tây Ninh
4502,125,1904,105.601124,11.432901,4,0,1,Tây Ninh
4503,125,1904,105.600883,11.433099,4,0,1,Tây Ninh
4504,125,1904,107.827742,11.634531,4,0,1,Tây Ninh
4505,125,1905,107.710504,15.383238,4,0,1,Quảng Nam
4506,125,1905,107.379548,15.670614,4,0,1,Quảng Nam
4507,125,1905,107.412441,15.582869,4,0,1,Quảng Nam
4508,125,1906,105.239056,18.095679,4,0,1,Hà Tĩnh
4509,125,1906,105.014491,18.201597,4,0,1,Hà Tĩnh
4510,125,1907,106.981387,18.253443,1,50,1,Quảng Bình
4511,125,1907,106.979496,18.254836,1,50,1,Quảng Bình
4512,125,1908,106.798678,20.091703,4,0,1,Thái Bình
4513,125,1908,106.674322,20.105456,4,0,1,Thái Bình
4514,125,1908,105.012347,20.166889,4,0,1,Thái Bình
4515,125,1909,105.369901,20.885031,2,0,1,Hà Nội
4516,125,1909,105.829629,20.937578,2,0,1,Hà Nội
4517,125,1910,107.111154,20.943094,4,0,1,Quảng Ninh
4518,125,1910,106.99852,20.96817,4,0,1,Quảng Ninh
4519,125,1910,105.695104,20.959011,4,0,1,Quảng Ninh
4520,125,1911,105.608188,21.025887,1,60,1,Phú Thọ
4521,125,1911,105.048085,21.150264,1,60,1,Phú Thọ
4522,125,1912,106.721009,21.185968,11,0,1,Phú Thọ
4523,125,1912,105.17971,21.235467,11,0,1,Phú Thọ
4524,125,1913,106.806265,22.146255,2,0,1,Lao Cai
4525,125,1913,103.94061,22.282208,2,0,1,Lao Cai
4526,125,1914,104.212253,22.287391,4,0,1,Hà Giang
4527,125,1914,103.861008,22.33865,4,0,1,Hà Giang
4528,125,1914,105.138197,22.761889,4,0,1,Hà Giang
4529,125,1914,104.97466,22.80517,4,0,1,Hà Giang
4530,126,1915,106.848863,10.149449,2,0,1,Kiên Giang
4531,126,1915,105.230602,10.182852,2,0,1,Kiên Giang
4532,126,1916,105.536215,10.196791,4,0,1,Kiên Giang
4533,126,1916,105.536092,10.196842,4,0,1,Kiên Giang
4534,126,1916,104.898011,10.205535,4,0,1,Kiên Giang
4535,126,1916,106.779913,10.280607,4,0,1,Kiên Giang
4536,126,1916,106.492749,10.309976,4,0,1,Kiên Giang
4537,126,1917,105.529674,10.666549,1,80,1,Bà Rịa - Vũng Tàu
4538,126,1917,107.132274,10.688097,1,80,1,Bà Rịa - Vũng Tàu
4539,126,1918,105.482415,10.970663,4,0,1,Tây Ninh
4540,126,1918,105.773943,11.0967,4,0,1,Tây Ninh
4541,126,1919,105.553477,11.335669,2,0,1,Tây Ninh
4542,126,1919,105.502333,11.653162,2,0,1,Tây Ninh
4543,126,1920,108.330624,11.974759,2,0,1,Lâm Đồng
4544,126,1920,108.397556,11.982905,2,0,1,Lâm Đồng
4545,126,1921,109.239518,13.943231,1,80,1,Bình Định
4546,126,1921,109.014385,13.963456,1,80,1,Bình Định
4547,126,1921,108.739299,13.972085,1,80,1,Bình Định
4548,126,1922,108.141066,16.985335,4,0,1,Quảng Nam
4549,126,1922,108.140764,16.985647,4,0,1,Quảng Nam
4550,126,1922,107.707256,15.386546,4,0,1,Quảng Nam
4551,126,1922,107.702614,15.388862,4,0,1,Quảng Nam
4552,126,1923,105.769823,17.14675,1,50,1,Quảng Bình
4553,126,1923,105.856922,17.204413,1,50,1,Quảng Bình
4554,126,1924,105.002232,18.210651,4,0,1,Hà Tĩnh
4555,126,1924,105.013195,18.241781,4,0,1,Hà Tĩnh
4556,126,1925,106.927492,18.396228,4,0,1,Hà Tĩnh
4557,126,1925,106.594906,18.461106,4,0,1,Hà Tĩnh
4558,126,1926,104.703781,19.280588,1,60,1,Thái Bình
4559,126,1926,106.786486,19.827656,1,60,1,Thái Bình
4560,126,1927,105.034372,21.314898,2,0,1,Bắc Giang
4561,126,1927,106.370634,21.319078,2,0,1,Bắc Giang
4562,126,1928,104.521662,21.941337,1,80,1,Lao Cai
4563,126,1928,104.269368,22.155317,1,80,1,Lao Cai
4564,126,1928,104.481586,22.278609,1,80,1,Lao Cai
4565,126,1929,104.975641,22.804597,1,50,1,Hà Giang
4566,126,1929,104.958449,22.810684,1,50,1,Hà Giang
4567,127,1930,105.115819,9.562158,4,0,1,Hậu Giang
4568,127,1930,105.459302,9.985936,4,0,1,Hậu Giang
4569,127,1930,106.883225,9.993901,4,0,1,Hậu Giang
4570,127,1931,105.30139,10.443789,1,50,1,Long An
4571,127,1931,106.55259,10.456892,1,50,1,Long An
4572,127,1932,105.402003,10.673236,2,0,1,TP. Hồ Chí Minh
4573,127,1932,106.789323,10.73414,2,0,1,TP. Hồ Chí Minh
4574,127,1933,105.90267,11.021525,1,60,1,Tây Ninh
4575,127,1933,105.846495,11.038683,1,60,1,Tây Ninh
4576,127,1933,105.922881,11.044071,1,60,1,Tây Ninh
4577,127,1934,109.242448,13.286479,1,50,1,Bình Định
4578,127,1934,109.15952,13.792619,1,50,1,Bình Định
4579,127,1935,108.89084,13.922839,1,80,1,Bình Định
4580,127,1935,108.992967,14.07847,1,80,1,Bình Định
4581,127,1936,108.615699,16.682551,1,50,1,Đà Nẵng
4582,127,1936,108.604611,16.692046,1,50,1,Đà Nẵng
4583,127,1937,105.15055,18.161316,4,0,1,Quảng Bình
4584,127,1937,106.959968,18.231666,4,0,1,Quảng Bình
4585,127,1938,106.724775,18.608622,4,0,1,Hà Tĩnh
4586,127,1938,106.838027,18.656551,4,0,1,Hà Tĩnh
4587,127,1939,106.366025,18.872491,1,80,1,Nghệ An
4588,127,1939,104.958349,19.025416,1,80,1,Nghệ An
4589,127,1940,105.084178,20.159628,4,0,1,Thái Bình
4590,127,1940,106.503718,20.220176,4,0,1,Thái Bình
4591,127,1941,106.462575,20.45015,4,0,1,Thái Bình
4592,127,1941,106.336685,20.638406,4,0,1,Thái Bình
4593,127,1941,106.483195,20.705825,4,0,1,Thái Bình
4594,127,1942,106.728727,21.177766,4,0,1,Phú Thọ
4595,127,1942,105.261154,21.196048,4,0,1,Phú Thọ
4596,127,1943,106.424237,21.198414,2,0,1,Phú Thọ
4597,127,1943,105.256945,21.265682,2,0,1,Phú Thọ
4598,127,1944,106.114762,21.948072,4,0,1,Lao Cai
4599,127,1944,105.477774,22.263791,4,0,1,Lao Cai
4600,127,1944,104.162464,22.289203,4,0,1,Lao Cai
4601,127,1944,104.134159,22.297244,4,0,1,Lao Cai
4602,127,1945,104.115827,22.311618,1,60,1,Lao Cai
4603,127,1945,104.117515,22.342615,1,60,1,Lao Cai
4604,128,1946,106.912082,9.972073,4,0,1,Bến Tre
4605,128,1946,106.760993,10.103828,4,0,1,Bến Tre
4606,128,1947,106.435525,10.384797,4,0,1,An Giang
4607,128,1947,104.471653,10.412132,4,0,1,An Giang
4608,128,1947,104.457553,10.416294,4,0,1,An Giang
4609,128,1947,104.451956,10.418962,4,0,1,An Giang
4610,128,1948,105.645059,10.572893,1,50,1,An Giang
4611,128,1948,105.390194,10.785552,1,50,1,An Giang
4612,128,1949,107.249247,10.937801,1,60,1,Tây Ninh
4613,128,1949,105.693134,11.070126,1,60,1,Tây Ninh
4614,128,1950,105.898891,11.672442,4,0,1,Ninh Thuận
4615,128,1950,108.043467,11.503532,4,0,1,Ninh Thuận
4616,128,1950,108.880547,11.539009,4,0,1,Ninh Thuận
4617,128,1950,107.978684,11.581432,4,0,1,Ninh Thuận
4618,128,1951,108.255643,13.641149,4,0,1,Gia Lai
4619,128,1951,107.932032,13.570551,4,0,1,Gia Lai
4620,128,1952,107.534054,15.43331,4,0,1,Quảng Nam
4621,128,1952,107.530907,15.436772,4,0,1,Quảng Nam
4622,128,1952,107.748899,15.439125,4,0,1,Quảng Nam
4623,128,1953,107.254614,15.571138,1,90,1,Quảng Nam
4624,128,1953,107.24905,15.585294,1,90,1,Quảng Nam
4625,128,1954,107.036681,15.989847,1,80,1,Quảng Bình
4626,128,1954,105.820368,17.264953,1,80,1,Quảng Bình
4627,128,1955,105.384832,18.040545,4,0,1,Hà Tĩnh
4628,128,1955,105.135686,18.178448,4,0,1,Hà Tĩnh
4629,128,1955,106.90053,18.283324,4,0,1,Hà Tĩnh
4630,128,1956,103.020858,21.280826,2,0,1,Phú Thọ
4631,128,1956,105.20858,21.440735,2,0,1,Phú Thọ
4632,128,1956,106.261023,21.444684,2,0,1,Phú Thọ
4633,128,1957,104.824356,21.897848,1,80,1,Yên Bái
4634,128,1957,104.571798,22.077915,1,80,1,Yên Bái
4635,128,1958,104.822747,22.395118,4,0,1,Cao Bằng
4636,128,1958,105.652556,22.498998,4,0,1,Cao Bằng
4637,128,1958,103.959318,22.60419,4,0,1,Cao Bằng
4638,129,1959,105.112953,9.937186,4,0,1,Bến Tre
4639,129,1959,106.797237,10.053249,4,0,1,Bến Tre
4640,129,1960,106.570831,10.272231,1,80,1,Bà Rịa - Vũng Tàu
4641,129,1960,106.901184,10.285576,1,80,1,Bà Rịa - Vũng Tàu
4642,129,1961,109.082182,14.494833,1,50,1,Kon Tum
4643,129,1961,107.736999,14.576533,1,50,1,Kon Tum
4644,129,1961,108.771589,16.093908,1,50,1,Kon Tum
4645,129,1962,108.555103,16.426507,1,50,1,Đà Nẵng
4646,129,1962,108.510755,16.458642,1,50,1,Đà Nẵng
4647,129,1963,107.707168,15.386515,4,0,1,Quảng Nam
4648,129,1963,107.596964,15.393892,4,0,1,Quảng Nam
4649,129,1963,107.586821,15.402078,4,0,1,Quảng Nam
4650,129,1963,107.584618,15.403117,4,0,1,Quảng Nam
4651,129,1963,107.579838,15.405939,4,0,1,Quảng Nam
4652,129,1964,105.901031,17.179218,1,90,1,Quảng Bình
4653,129,1964,105.900983,17.17926,1,90,1,Quảng Bình
4654,129,1965,105.59147,17.219391,4,0,1,Hà Tĩnh
4655,129,1965,105.56355,17.385247,4,0,1,Hà Tĩnh
4656,129,1966,106.4852,18.724204,1,50,1,Thanh Hóa
4657,129,1966,106.700131,19.271052,1,50,1,Thanh Hóa
4658,129,1967,105.062361,20.096384,1,60,1,Thái Bình
4659,129,1967,106.902562,20.293902,1,60,1,Thái Bình
4660,129,1968,106.591562,20.345314,2,0,1,Hòa Bình
4661,129,1968,105.137978,20.43738,2,0,1,Hòa Bình
4662,129,1969,105.7779,20.805625,1,60,1,Hòa Bình
4663,129,1969,105.025957,20.809934,1,60,1,Hòa Bình
4664,129,1969,105.6187,20.894797,1,60,1,Hòa Bình
4665,129,1970,105.917286,20.982199,2,0,1,Hà Nội
4666,129,1970,105.643163,20.997305,2,0,1,Hà Nội
4667,129,1971,106.753204,21.193858,1,60,1,Hải Phòng
4668,129,1971,106.761163,21.20388,1,60,1,Hải Phòng
4669,129,1972,107.445996,21.291965,4,0,1,Bắc Giang
4670,129,1972,106.430512,21.328701,4,0,1,Bắc Giang
4671,129,1973,103.548754,22.316488,1,80,1,Lạng Sơn
4672,129,1973,106.883878,22.395123,1,80,1,Lạng Sơn
4673,129,1974,103.969235,22.605488,4,0,1,Hà Giang
4674,129,1974,104.978772,22.802505,4,0,1,Hà Giang
4675,129,1974,106.410908,23.153188,4,0,1,Hà Giang
4676,130,1975,106.227934,9.851627,4,0,1,Cần Thơ
4677,130,1975,105.681567,9.894613,4,0,1,Cần Thơ
4678,130,1976,103.940742,10.346827,1,50,1,Đồng Tháp
4679,130,1976,105.741186,10.433196,1,50,1,Đồng Tháp
4680,130,1977,107.634224,11.386406,4,0,1,Bình Thuận
4681,130,1977,108.038157,11.505315,4,0,1,Bình Thuận
4682,130,1978,107.264557,11.764264,1,60,1,Lâm Đồng
4683,130,1978,108.450347,11.911096,1,60,1,Lâm Đồng
4684,130,1978,108.128171,12.008103,1,60,1,Lâm Đồng
4685,130,1979,107.985084,12.684201,1,50,1,Đắk Lắk
4686,130,1979,107.86879,12.84359,1,50,1,Đắk Lắk
4687,130,1980,109.320367,12.970939,4,0,1,Phú Yên
4688,130,1980,109.305695,12.982538,4,0,1,Phú Yên
4689,130,1981,108.438707,13.410869,2,0,1,Bình Định
4690,130,1981,109.166925,13.932126,2,0,1,Bình Định
4691,130,1982,107.709308,13.968944,1,80,1,Kon Tum
4692,130,1982,108.430565,14.566703,1,80,1,Kon Tum
4693,130,1982,107.735798,16.335768,1,80,1,Kon Tum
4694,130,1983,107.758352,15.422166,11,0,1,Quảng Nam
4695,130,1983,107.464022,15.6462,11,0,1,Quảng Nam
4696,130,1984,105.621065,17.692332,2,0,1,Hà Tĩnh
4697,130,1984,105.226674,17.804127,2,0,1,Hà Tĩnh
4698,130,1985,105.045173,18.295584,4,0,1,Quảng Bình
4699,130,1985,106.925991,18.305876,4,0,1,Quảng Bình
4700,130,1985,106.922647,18.310822,4,0,1,Quảng Bình
4701,130,1986,105.038735,20.47636,1,50,1,Hải Phòng
4702,130,1986,106.969462,20.635207,1,50,1,Hải Phòng
4703,130,1987,106.077325,21.412272,1,60,1,Sơn La
4704,130,1987,103.69975,21.632933,1,60,1,Sơn La
4705,130,1988,104.919493,21.577722,4,0,1,Yên Bái
4706,130,1988,104.919339,21.577862,4,0,1,Yên Bái
4707,130,1989,104.879159,21.583563,1,60,1,Yên Bái
4708,130,1989,104.95098,21.729862,1,60,1,Yên Bái
4709,130,1990,106.193465,21.827261,1,50,1,Thái Nguyên
4710,130,1990,106.191159,21.82921,1,50,1,Thái Nguyên
4711,130,1990,106.189865,21.830381,1,50,1,Thái Nguyên
4712,130,1990,106.188119,21.831845,1,50,1,Thái Nguyên
4713,130,1990,106.182023,21.837113,1,50,1,Thái Nguyên
4714,130,1990,106.179159,21.839665,1,50,1,Thái Nguyên
4715,130,1990,106.175032,21.842321,1,50,1,Thái Nguyên
4716,130,1990,106.17484,21.843341,1,50,1,Thái Nguyên
4717,130,1990,106.172877,21.846049,1,50,1,Thái Nguyên
4718,130,1991,106.170334,21.847329,1,60,1,Thái Nguyên
4719,130,1991,106.150575,21.866613,1,60,1,Thái Nguyên
4720,131,1992,106.040025,9.729501,4,0,1,Kiên Giang
4721,131,1992,106.672613,9.740237,4,0,1,Kiên Giang
4722,131,1992,105.277137,9.94119,4,0,1,Kiên Giang
4723,131,1992,106.122366,9.999013,4,0,1,Kiên Giang
4724,131,1993,106.652606,10.169992,4,0,1,Đồng Tháp
4725,131,1993,103.899883,10.309744,4,0,1,Đồng Tháp
4726,131,1993,105.567114,10.437523,4,0,1,Đồng Tháp
4727,131,1993,105.565455,10.438193,4,0,1,Đồng Tháp
4728,131,1993,106.65098,10.616403,4,0,1,Đồng Tháp
4729,131,1994,105.326512,10.529731,2,0,1,TP. Hồ Chí Minh
4730,131,1994,106.729784,10.706655,2,0,1,TP. Hồ Chí Minh
4731,131,1995,107.356234,11.680443,4,0,1,Bình Phước
4732,131,1995,107.35365,11.681979,4,0,1,Bình Phước
4733,131,1996,109.127768,12.476589,4,0,1,Đắk Lắk
4734,131,1996,108.174363,12.635174,4,0,1,Đắk Lắk
4735,131,1997,109.00567,14.051317,4,0,1,Quảng Ngãi
4736,131,1997,108.728525,14.82224,4,0,1,Quảng Ngãi
4737,131,1997,108.728398,14.822424,4,0,1,Quảng Ngãi
4738,131,1998,107.802397,16.451211,1,80,1,Thừa Thiên Huế
4739,131,1998,107.831539,16.485807,1,80,1,Thừa Thiên Huế
4740,131,1999,107.105895,15.818075,11,0,1,Thừa Thiên Huế
4741,131,1999,107.106054,15.819571,11,0,1,Thừa Thiên Huế
4742,131,2000,105.76161,17.161962,4,0,1,Hà Tĩnh
4743,131,2000,105.546141,17.393266,4,0,1,Hà Tĩnh
4744,131,2000,105.399377,18.027243,4,0,1,Hà Tĩnh
4745,131,2001,106.812977,18.411067,4,0,1,Hà Tĩnh
4746,131,2001,106.812207,18.411721,4,0,1,Hà Tĩnh
4747,131,2002,106.782104,19.77817,11,0,1,Thái Bình
4748,131,2002,106.811266,19.779775,11,0,1,Thái Bình
4749,131,2003,106.535585,19.988402,2,0,1,Thái Bình
4750,131,2003,106.872712,20.197274,2,0,1,Thái Bình
4751,131,2003,105.430152,20.502485,2,0,1,Thái Bình
4752,131,2004,105.017903,20.817451,4,0,1,Hòa Bình
4753,131,2004,105.595317,20.817673,4,0,1,Hòa Bình
4754,131,2005,105.159195,21.145124,2,0,1,Hải Dương
4755,131,2005,106.449334,21.177379,2,0,1,Hải Dương
4756,131,2006,105.116256,21.251789,4,0,1,Sơn La
4757,131,2006,103.991899,21.254924,4,0,1,Sơn La
4758,131,2006,103.990647,21.255094,4,0,1,Sơn La
4759,131,2006,103.983232,21.272675,4,0,1,Sơn La
4760,131,2007,106.506417,21.368349,4,0,1,Phú Thọ
4761,131,2007,106.672199,21.405712,4,0,1,Phú Thọ
4762,131,2007,105.274055,21.41232,4,0,1,Phú Thọ
4763,131,2007,106.634735,21.430735,4,0,1,Phú Thọ
4764,131,2008,106.195481,21.824523,1,50,1,Thái Nguyên
4765,131,2008,106.196405,21.826659,1,50,1,Thái Nguyên
4766,131,2009,104.026616,22.425687,4,0,1,Lao Cai
4767,131,2009,104.016646,22.436424,4,0,1,Lao Cai
4768,131,2009,104.009266,22.440955,4,0,1,Lao Cai
4769,131,2009,104.147501,22.462606,4,0,1,Lao Cai
4770,132,2010,106.678659,10.146113,4,0,1,Bến Tre
4771,132,2010,106.672966,10.160334,4,0,1,Bến Tre
4772,132,2010,104.043658,10.181012,4,0,1,Bến Tre
4773,132,2011,105.853489,10.919108,1,60,1,Đồng Nai
4774,132,2011,107.555994,10.927817,1,60,1,Đồng Nai
4775,132,2011,105.874134,10.948477,1,60,1,Đồng Nai
4776,132,2012,108.030059,14.375478,1,60,1,Đà Nẵng
4777,132,2012,108.801584,16.414116,1,60,1,Đà Nẵng
4778,132,2013,107.156317,15.7594,11,0,1,Thừa Thiên Huế
4779,132,2013,107.126649,15.799603,11,0,1,Thừa Thiên Huế
4780,132,2014,107.033782,15.991317,4,0,1,Quảng Bình
4781,132,2014,106.913178,18.319074,4,0,1,Quảng Bình
4782,132,2015,106.587824,19.864676,4,0,1,Hòa Bình
4783,132,2015,105.028984,20.225771,4,0,1,Hòa Bình
4784,132,2015,105.493703,20.25638,4,0,1,Hòa Bình
4785,132,2016,105.109483,20.273207,1,60,1,Ninh Bình
4786,132,2016,105.460943,20.288046,1,60,1,Ninh Bình
4787,132,2017,105.028991,20.866468,4,0,1,Hòa Bình
4788,132,2017,105.01078,20.87198,4,0,1,Hòa Bình
4789,132,2018,104.657915,20.894882,1,60,1,Hà Nội
4790,132,2018,105.825091,20.902411,1,60,1,Hà Nội
4791,132,2018,105.670631,20.910245,1,60,1,Hà Nội
4792,132,2019,105.659436,20.911239,1,70,1,Hòa Bình
4793,132,2019,105.383024,20.939154,1,70,1,Hòa Bình
4794,132,2019,105.634622,20.949463,1,70,1,Hòa Bình
4795,132,2020,106.728067,21.178362,4,0,1,Hải Phòng
4796,132,2020,106.71568,21.182007,4,0,1,Hải Phòng
4797,132,2020,106.715233,21.182336,4,0,1,Hải Phòng
4798,132,2021,106.37555,21.265729,2,0,1,Phú Thọ
4799,132,2021,105.264639,21.280241,2,0,1,Phú Thọ
4800,132,2022,104.672911,21.95315,1,80,1,Lao Cai
4801,132,2022,104.953273,22.1758,1,80,1,Lao Cai
4802,132,2022,104.390291,22.200452,1,80,1,Lao Cai
4803,132,2022,104.418815,22.256297,1,80,1,Lao Cai
4804,132,2023,104.979199,22.802083,4,0,1,Cao Bằng
4805,132,2023,106.402505,23.150578,4,0,1,Cao Bằng
4806,133,2024,106.443566,10.648468,4,0,1,Long An
4807,133,2024,106.172136,10.554291,4,0,1,Long An
4808,133,2024,105.810721,10.839644,4,0,1,Long An
4809,133,2025,109.091911,13.935502,4,0,1,Kon Tum
4810,133,2025,107.999177,14.353357,4,0,1,Kon Tum
4811,133,2026,108.545066,16.148853,4,0,1,Đà Nẵng
4812,133,2026,108.535433,16.406502,4,0,1,Đà Nẵng
4813,133,2027,107.725528,15.358727,4,0,1,Quảng Nam
4814,133,2027,107.483172,15.619633,4,0,1,Quảng Nam
4815,133,2028,106.969795,18.240567,4,0,1,Quảng Bình
4816,133,2028,106.945962,18.262848,4,0,1,Quảng Bình
4817,133,2029,106.892208,18.342058,11,0,1,Quảng Bình
4818,133,2029,106.887073,18.347114,11,0,1,Quảng Bình
4819,133,2030,106.552498,19.119102,2,0,1,Thanh Hóa
4820,133,2030,106.637723,19.215005,2,0,1,Thanh Hóa
4821,133,2030,104.14302,19.40118,2,0,1,Thanh Hóa
4822,133,2031,106.803525,19.785543,11,0,1,Thái Bình
4823,133,2031,106.746678,19.81554,11,0,1,Thái Bình
4824,133,2032,106.145333,20.354216,2,0,1,Hòa Bình
4825,133,2032,105.350848,20.437239,2,0,1,Hòa Bình
4826,133,2033,105.675172,20.715242,4,0,1,Hòa Bình
4827,133,2033,105.051219,20.738315,4,0,1,Hòa Bình
4828,133,2034,104.975901,21.633703,1,60,1,Yên Bái
4829,133,2034,104.885764,21.575939,1,60,1,Yên Bái
4830,133,2035,106.221524,21.701295,2,0,1,Thái Nguyên
4831,133,2035,106.006877,21.838883,2,0,1,Thái Nguyên
4832,133,2036,104.703084,21.861704,1,60,1,Tuyên Quang
4833,133,2036,105.565978,21.889692,1,60,1,Tuyên Quang
4834,133,2037,103.944956,22.61189,2,0,1,Lao Cai
4835,133,2037,103.830712,22.505188,2,0,1,Lao Cai
4836,133,2037,105.04915,22.917906,2,0,1,Lao Cai
4837,134,2038,106.629366,10.275126,1,60,1,Bến Tre
4838,134,2038,106.443784,10.275301,1,60,1,Bến Tre
4839,134,2039,106.308454,10.626828,4,0,1,Long An
4840,134,2039,106.240042,10.672107,4,0,1,Long An
4841,134,2040,106.154338,10.571892,4,0,1,Long An
4842,134,2040,106.150311,10.576751,4,0,1,Long An
4843,134,2040,106.162943,10.582905,4,0,1,Long An
4844,134,2040,106.160169,10.58652,4,0,1,Long An
4845,134,2040,106.145693,10.58893,4,0,1,Long An
4846,134,2040,106.146573,10.58982,4,0,1,Long An
4847,134,2040,106.146638,10.589958,4,0,1,Long An
4848,134,2040,106.140298,10.59607,4,0,1,Long An
4849,134,2040,106.134799,10.70041,4,0,1,Long An
4850,134,2041,105.701427,10.966756,11,0,1,Đồng Tháp
4851,134,2041,105.48132,10.971604,11,0,1,Đồng Tháp
4852,134,2042,109.209643,13.303608,4,0,1,Bình Định
4853,134,2042,109.164549,13.833415,4,0,1,Bình Định
4854,134,2043,107.984644,13.967622,1,60,1,Bình Định
4855,134,2043,108.766827,13.953592,1,60,1,Bình Định
4856,134,2044,108.631591,16.692806,1,50,1,Đà Nẵng
4857,134,2044,108.324586,16.785276,1,50,1,Đà Nẵng
4858,134,2044,108.293771,16.829444,1,50,1,Đà Nẵng
4859,134,2045,105.964269,15.656703,1,80,1,Thừa Thiên Huế
4860,134,2045,107.171738,15.75585,1,80,1,Thừa Thiên Huế
4861,134,2045,107.171712,15.755881,1,80,1,Thừa Thiên Huế
4862,134,2045,107.179503,15.786176,1,80,1,Thừa Thiên Huế
4863,134,2045,105.917128,17.013573,1,80,1,Thừa Thiên Huế
4864,134,2046,106.887403,18.345772,4,0,1,Hà Tĩnh
4865,134,2046,106.870537,18.455172,4,0,1,Hà Tĩnh
4866,134,2047,106.439917,19.458057,4,0,1,Nghệ An
4867,134,2047,105.075265,20.055601,4,0,1,Nghệ An
4868,134,2048,105.00738,20.150294,4,0,1,Thái Bình
4869,134,2048,106.876207,20.194352,4,0,1,Thái Bình
4870,134,2048,106.865754,20.211079,4,0,1,Thái Bình
4871,134,2049,105.6623,20.79175,1,60,1,Hòa Bình
4872,134,2049,105.590286,20.823868,1,60,1,Hòa Bình
4873,134,2050,105.829831,21.013319,4,0,1,Hải Phòng
4874,134,2050,106.798439,21.023914,4,0,1,Hải Phòng
4875,134,2051,106.937127,21.089956,2,0,1,Hải Phòng
4876,134,2051,106.650855,21.091391,2,0,1,Hải Phòng
4877,134,2052,104.488102,21.559446,1,80,1,Yên Bái
4878,134,2052,104.876801,21.829153,1,80,1,Yên Bái
4879,135,2053,106.484312,9.786702,4,0,1,Trà Vinh
4880,135,2053,106.477596,9.792482,4,0,1,Trà Vinh
4881,135,2053,106.475857,9.793529,4,0,1,Trà Vinh
4882,135,2053,106.47218,9.798539,4,0,1,Trà Vinh
4883,135,2054,106.475398,10.303083,1,50,1,Kiên Giang
4884,135,2054,103.885115,10.316771,1,50,1,Kiên Giang
4885,135,2055,106.483083,10.33138,4,0,1,Long An
4886,135,2055,106.714353,10.371547,4,0,1,Long An
4887,135,2056,106.316829,10.61979,4,0,1,Long An
4888,135,2056,106.22608,10.69634,4,0,1,Long An
4889,135,2056,105.458696,10.566329,4,0,1,Long An
4890,135,2057,105.421844,11.051646,2,0,1,An Giang
4891,135,2057,105.311464,11.177084,2,0,1,An Giang
4892,135,2058,105.27137,11.21904,2,0,1,Tây Ninh
4893,135,2058,105.386764,11.233722,2,0,1,Tây Ninh
4894,135,2059,105.130312,11.246417,4,0,1,An Giang
4895,135,2059,105.242377,11.248531,4,0,1,An Giang
4896,135,2060,107.503225,12.272332,1,50,1,Khánh Hòa
4897,135,2060,109.14159,12.60642,1,50,1,Khánh Hòa
4898,135,2061,107.837477,13.707118,1,50,1,Gia Lai
4899,135,2061,108.054174,13.722366,1,50,1,Gia Lai
4900,135,2062,108.241285,16.906218,4,0,1,Quảng Nam
4901,135,2062,108.051235,15.114676,4,0,1,Quảng Nam
4902,135,2063,107.360267,15.68773,4,0,1,Quảng Nam
4903,135,2063,107.418996,15.542682,4,0,1,Quảng Nam
4904,135,2063,105.910311,17.022083,4,0,1,Quảng Nam
4905,135,2064,105.577795,17.232485,4,0,1,Hà Tĩnh
4906,135,2064,105.772575,17.277914,4,0,1,Hà Tĩnh
4907,135,2064,105.5014,17.485844,4,0,1,Hà Tĩnh
4908,135,2064,105.697672,17.490908,4,0,1,Hà Tĩnh
4909,135,2064,105.694891,17.493586,4,0,1,Hà Tĩnh
4910,135,2065,106.814593,18.698841,4,0,1,Hà Tĩnh
4911,135,2065,106.602709,18.85339,4,0,1,Hà Tĩnh
4912,135,2066,104.68519,19.186914,1,80,1,Thanh Hóa
4913,135,2066,106.433999,19.714597,1,80,1,Thanh Hóa
4914,135,2066,105.090813,20.163296,1,80,1,Thanh Hóa
4915,135,2067,106.940601,20.320307,1,50,1,Hòa Bình
4916,135,2067,105.198519,20.37489,1,50,1,Hòa Bình
4917,135,2068,105.273821,20.667654,2,0,1,Hòa Bình
4918,135,2068,105.248409,20.673713,2,0,1,Hòa Bình
4919,135,2069,105.41624,20.81938,1,60,1,Hòa Bình
4920,135,2069,105.209855,20.847265,1,60,1,Hòa Bình
4921,135,2070,105.327959,20.924643,4,0,1,Quảng Ninh
4922,135,2070,106.997761,20.968944,4,0,1,Quảng Ninh
4923,135,2071,103.976954,21.279587,4,0,1,Sơn La
4924,135,2071,103.972778,21.282725,4,0,1,Sơn La
4925,135,2072,103.921804,21.320173,11,0,1,Bắc Giang
4926,135,2072,106.382217,21.326181,11,0,1,Bắc Giang
4927,135,2073,105.305349,21.38897,2,0,1,Phú Thọ
4928,135,2073,105.112776,21.408636,2,0,1,Phú Thọ
4929,135,2074,103.56867,21.495123,4,0,1,Sơn La
4930,135,2074,103.568393,21.495232,4,0,1,Sơn La
4931,135,2075,104.203166,22.296477,1,80,1,Lao Cai
4932,135,2075,104.081382,22.354663,1,80,1,Lao Cai
4933,136,2076,106.77357,10.061702,11,0,1,Bến Tre
4934,136,2076,106.755706,10.068731,11,0,1,Bến Tre
4935,136,2077,106.641045,10.636914,1,80,1,Long An
4936,136,2077,106.397491,10.565631,1,80,1,Long An
4937,136,2077,107.041849,10.55845,1,80,1,Long An
4938,136,2078,105.659116,10.751871,4,0,1,Đồng Tháp
4939,136,2078,105.751307,10.773934,4,0,1,Đồng Tháp
4940,136,2079,105.505857,10.834476,11,0,1,Tây Ninh
4941,136,2079,105.885009,10.91444,11,0,1,Tây Ninh
4942,136,2079,107.420892,10.915969,11,0,1,Tây Ninh
4943,136,2080,105.783601,11.079286,2,0,1,Tây Ninh
4944,136,2080,105.474961,11.169201,2,0,1,Tây Ninh
4945,136,2080,107.582652,11.217123,2,0,1,Tây Ninh
4946,136,2081,105.262947,11.237911,4,0,1,An Giang
4947,136,2081,105.098362,11.305598,4,0,1,An Giang
4948,136,2082,105.178538,11.312041,2,0,1,Lâm Đồng
4949,136,2082,108.448839,11.672861,2,0,1,Lâm Đồng
4950,136,2083,108.519332,16.46974,1,50,1,Đà Nẵng
4951,136,2083,108.685775,16.636282,1,50,1,Đà Nẵng
4952,136,2083,108.67964,16.642411,1,50,1,Đà Nẵng
4953,136,2084,108.083021,16.848998,1,60,1,Quảng Nam
4954,136,2084,107.716069,15.312781,1,60,1,Quảng Nam
4955,136,2085,107.30039,15.534893,2,0,1,Quảng Nam
4956,136,2085,107.426184,15.535099,2,0,1,Quảng Nam
4957,136,2086,105.073681,20.183402,1,50,1,Hòa Bình
4958,136,2086,105.348779,20.260828,1,50,1,Hòa Bình
4959,136,2087,106.701017,20.681514,1,60,1,Hòa Bình
4960,136,2087,105.320633,20.54773,1,60,1,Hòa Bình
4961,136,2088,106.467824,21.120855,1,90,1,Hải Phòng
4962,136,2088,106.824913,21.13373,1,90,1,Hải Phòng
4963,136,2089,107.701746,21.469037,1,60,1,Quảng Ninh
4964,136,2089,107.769208,21.476842,1,60,1,Quảng Ninh
4965,136,2090,107.9746,21.623539,2,0,1,Lạng Sơn
4966,136,2090,106.809187,21.658329,2,0,1,Lạng Sơn
4967,136,2091,106.835697,21.681468,11,0,1,Lạng Sơn
4968,136,2091,106.846576,21.690502,11,0,1,Lạng Sơn
4969,136,2092,104.874729,22.330961,4,0,1,Lao Cai
4970,136,2092,103.958741,22.474869,4,0,1,Lao Cai
4971,137,2093,106.924801,9.902496,4,0,1,Trà Vinh
4972,137,2093,106.823038,9.978493,4,0,1,Trà Vinh
4973,137,2094,106.42384,10.396967,4,0,1,Đồng Tháp
4974,137,2094,105.852394,10.61015,4,0,1,Đồng Tháp
4975,137,2095,105.745163,10.539018,1,50,1,Đồng Tháp
4976,137,2095,105.746204,10.540343,1,50,1,Đồng Tháp
4977,137,2096,105.999945,11.775334,4,0,1,Ninh Thuận
4978,137,2096,109.049541,11.883965,4,0,1,Ninh Thuận
4979,137,2096,108.491141,12.041228,4,0,1,Ninh Thuận
4980,137,2097,109.167012,13.731499,4,0,1,Bình Định
4981,137,2097,109.113054,13.893654,4,0,1,Bình Định
4982,137,2098,107.743895,14.572918,1,80,1,Đà Nẵng
4983,137,2098,108.119705,16.158082,1,80,1,Đà Nẵng
4984,137,2099,107.250575,15.576115,1,80,1,Quảng Bình
4985,137,2099,105.747566,17.166868,1,80,1,Quảng Bình
4986,137,2100,105.210696,18.109864,4,0,1,Hà Tĩnh
4987,137,2100,105.195987,18.124577,4,0,1,Hà Tĩnh
4988,137,2101,106.707221,18.156977,1,80,1,Hà Tĩnh
4989,137,2101,105.105484,18.252737,1,80,1,Hà Tĩnh
4990,137,2102,106.166809,20.561244,2,0,1,Hòa Bình
4991,137,2102,105.220794,20.836421,2,0,1,Hòa Bình
4992,137,2103,106.93185,20.997014,4,0,1,Hải Phòng
4993,137,2103,106.930104,20.998928,4,0,1,Hải Phòng
4994,137,2104,106.928255,21.000913,1,120,1,Hải Phòng
4995,137,2104,106.925703,21.002555,1,120,1,Hải Phòng
4996,137,2105,106.854374,21.090162,1,50,1,Hải Phòng
4997,137,2105,106.869469,21.096499,1,50,1,Hải Phòng
4998,137,2106,106.387404,21.348516,4,0,1,Bắc Giang
4999,137,2106,106.38319,21.36315,4,0,1,Bắc Giang
5000,137,2107,104.441997,22.317458,1,80,1,Cao Bằng
5001,137,2107,105.718443,22.862653,1,80,1,Cao Bằng
5002,138,2108,104.003507,10.081727,4,0,1,Bến Tre
5003,138,2108,106.728044,10.12479,4,0,1,Bến Tre
5004,138,2109,105.529593,10.481758,4,0,1,Đồng Tháp
5005,138,2109,105.529141,10.482426,4,0,1,Đồng Tháp
5006,138,2110,105.612571,11.143189,11,0,1,An Giang
5007,138,2110,105.079792,11.328823,11,0,1,An Giang
5008,138,2111,108.64767,11.888717,4,0,1,Đắk Lắk
5009,138,2111,109.070296,12.135332,4,0,1,Đắk Lắk
5010,138,2111,107.915885,12.792494,4,0,1,Đắk Lắk
5011,138,2111,109.006487,12.974582,4,0,1,Đắk Lắk
5012,138,2112,107.966005,13.978305,1,80,1,Kon Tum
5013,138,2112,108.031641,14.374906,1,80,1,Kon Tum
5014,138,2112,108.756902,16.099633,1,80,1,Kon Tum
5015,138,2113,108.332198,16.710093,4,0,1,Đà Nẵng
5016,138,2113,108.329414,16.713254,4,0,1,Đà Nẵng
5017,138,2114,108.316283,16.729225,10,0,1,Quảng Nam
5018,138,2114,108.141085,15.099893,10,0,1,Quảng Nam
5019,138,2115,107.202417,15.733971,11,0,1,Thừa Thiên Huế
5020,138,2115,107.098934,15.827684,11,0,1,Thừa Thiên Huế
5021,138,2116,106.850451,18.028256,1,80,1,Quảng Bình
5022,138,2116,106.952788,18.358292,1,80,1,Quảng Bình
5023,138,2117,106.965863,18.376097,4,0,1,Quảng Bình
5024,138,2117,106.965627,18.376675,4,0,1,Quảng Bình
5025,138,2118,106.553005,20.585895,1,60,1,Hưng Yên
5026,138,2118,106.078064,20.590188,1,60,1,Hưng Yên
5027,138,2119,106.06902,20.716283,1,80,1,Hòa Bình
5028,138,2119,105.418476,20.816875,1,80,1,Hòa Bình
5029,138,2120,105.49099,20.919651,1,80,1,Hà Nội
5030,138,2120,105.780684,20.943177,1,80,1,Hà Nội
5031,138,2121,107.102878,20.945036,4,0,1,Quảng Ninh
5032,138,2121,106.977603,20.987028,4,0,1,Quảng Ninh
5033,138,2122,103.964948,21.293659,4,0,1,Bắc Giang
5034,138,2122,106.392963,21.323786,4,0,1,Bắc Giang
5035,138,2123,107.059892,21.676293,1,80,1,Thái Nguyên
5036,138,2123,106.078793,21.577603,1,80,1,Thái Nguyên
5037,138,2124,105.702161,21.942367,2,0,1,Tuyên Quang
5038,138,2124,105.584788,21.971355,2,0,1,Tuyên Quang
5039,138,2125,103.901356,22.30212,2,0,1,Lai Châu
5040,138,2125,103.50467,22.330441,2,0,1,Lai Châu
5041,138,2126,103.8329,22.503134,1,60,1,Hà Giang
5042,138,2126,105.249776,22.564352,1,60,1,Hà Giang
5043,139,2127,106.773652,10.286506,4,0,1,An Giang
5044,139,2127,104.612185,10.346391,4,0,1,An Giang
5045,139,2127,105.458534,10.441096,4,0,1,An Giang
5046,139,2128,105.486093,10.629388,4,0,1,Long An
5047,139,2128,106.234845,10.67779,4,0,1,Long An
5048,139,2129,105.396485,10.509179,2,0,1,Bà Rịa - Vũng Tàu
5049,139,2129,105.251025,10.57959,2,0,1,Bà Rịa - Vũng Tàu
5050,139,2129,107.746417,10.590228,2,0,1,Bà Rịa - Vũng Tàu
5051,139,2129,105.321566,10.71441,2,0,1,Bà Rịa - Vũng Tàu
5052,139,2129,105.309768,10.728187,2,0,1,Bà Rịa - Vũng Tàu
5053,139,2130,109.10336,12.127018,1,50,1,Đắk Nông
5054,139,2130,107.502228,12.273434,1,50,1,Đắk Nông
5055,139,2131,109.094763,13.048207,2,0,1,Phú Yên
5056,139,2131,109.068069,13.302384,2,0,1,Phú Yên
5057,139,2132,108.334894,16.710717,4,0,1,Đà Nẵng
5058,139,2132,108.294672,16.818939,4,0,1,Đà Nẵng
5059,139,2133,106.967073,18.374899,4,0,1,Hà Tĩnh
5060,139,2133,106.535045,18.518546,4,0,1,Hà Tĩnh
5061,139,2133,106.536735,18.518979,4,0,1,Hà Tĩnh
5062,139,2133,106.527176,18.529213,4,0,1,Hà Tĩnh
5063,139,2133,106.797753,19.686267,4,0,1,Hà Tĩnh
5064,139,2134,106.663326,19.900916,4,0,1,Thái Bình
5065,139,2134,106.626291,19.920515,4,0,1,Thái Bình
5066,139,2135,105.614458,20.527165,1,50,1,Hòa Bình
5067,139,2135,105.454372,20.583475,1,50,1,Hòa Bình
5068,139,2136,105.745706,20.766898,1,70,1,Hà Nam
5069,139,2136,105.740493,20.753185,1,70,1,Hà Nam
5070,139,2136,105.729463,20.776992,1,70,1,Hà Nam
5071,139,2137,105.988984,20.794563,1,60,1,Hòa Bình
5072,139,2137,105.185627,20.795832,1,60,1,Hòa Bình
5073,139,2138,105.70968,20.843768,4,0,1,Hà Nội
5074,139,2138,105.709024,20.844453,4,0,1,Hà Nội
5075,139,2139,105.708663,20.846033,11,0,1,Hà Nội
5076,139,2139,105.563671,20.871507,11,0,1,Hà Nội
5077,139,2139,105.803973,20.946499,11,0,1,Hà Nội
5078,139,2139,107.016656,20.973212,11,0,1,Hà Nội
5079,139,2140,106.388046,21.328661,4,0,1,Phú Thọ
5080,139,2140,105.119164,21.403826,4,0,1,Phú Thọ
5081,139,2140,107.767231,21.460568,4,0,1,Phú Thọ
5082,139,2141,106.078306,21.47481,2,0,1,Yên Bái
5083,139,2141,105.102439,21.631347,2,0,1,Yên Bái
5084,139,2142,106.757441,21.759253,1,80,1,Điện Biên
5085,139,2142,103.31941,21.790785,1,80,1,Điện Biên
5086,140,2143,106.822095,9.825412,4,0,1,Kiên Giang
5087,140,2143,106.460664,9.849709,4,0,1,Kiên Giang
5088,140,2143,105.137264,9.919499,4,0,1,Kiên Giang
5089,140,2143,106.842504,10.024791,4,0,1,Kiên Giang
5090,140,2143,106.075995,10.04474,4,0,1,Kiên Giang
5091,140,2144,105.373967,10.204602,4,0,1,Bến Tre
5092,140,2144,106.641419,10.252671,4,0,1,Bến Tre
5093,140,2145,106.706211,10.382684,2,0,1,Tiền Giang
5094,140,2145,106.413549,10.414892,2,0,1,Tiền Giang
5095,140,2145,106.639073,10.446977,2,0,1,Tiền Giang
5096,140,2146,106.615566,10.470367,4,0,1,Long An
5097,140,2146,106.473221,10.631353,4,0,1,Long An
5098,140,2147,107.744788,10.590956,1,80,1,Bà Rịa - Vũng Tàu
5099,140,2147,107.027833,10.591359,1,80,1,Bà Rịa - Vũng Tàu
5100,140,2148,106.193,10.815473,4,0,1,Đồng Tháp
5101,140,2148,105.733847,10.855874,4,0,1,Đồng Tháp
5102,140,2149,105.813745,10.937041,4,0,1,Tây Ninh
5103,140,2149,105.870682,10.937339,4,0,1,Tây Ninh
5104,140,2149,105.354688,10.942993,4,0,1,Tây Ninh
5105,140,2150,106.449358,10.965232,2,0,1,An Giang
5106,140,2150,105.339438,10.975309,2,0,1,An Giang
5107,140,2151,105.101646,11.300686,4,0,1,Bình Phước
5108,140,2151,107.320206,11.666883,4,0,1,Bình Phước
5109,140,2152,109.350215,12.915164,1,60,1,Phú Yên
5110,140,2152,109.287191,13.053039,1,60,1,Phú Yên
5111,140,2153,109.285451,13.053936,1,50,1,Gia Lai
5112,140,2153,108.422968,13.430605,1,50,1,Gia Lai
5113,140,2154,107.959769,14.420905,1,70,1,Quảng Ngãi
5114,140,2154,108.973955,14.776012,1,70,1,Quảng Ngãi
5115,140,2155,107.780317,16.582718,1,60,1,Đà Nẵng
5116,140,2155,108.372263,16.726713,1,60,1,Đà Nẵng
5117,140,2156,106.662394,18.58803,1,80,1,Thanh Hóa
5118,140,2156,106.489071,19.25826,1,80,1,Thanh Hóa
5119,140,2157,107.104044,20.944661,4,0,1,Quảng Ninh
5120,140,2157,107.103277,20.946483,4,0,1,Quảng Ninh
5121,140,2158,103.560216,21.610054,4,0,1,Sơn La
5122,140,2158,103.560217,21.610145,4,0,1,Sơn La
5123,140,2159,105.675098,21.580618,1,60,1,Điện Biên
5124,140,2159,103.075932,21.700921,1,60,1,Điện Biên
5125,140,2160,104.905867,22.261212,4,0,1,Lao Cai
5126,140,2160,103.995139,22.462841,4,0,1,Lao Cai
5127,140,2160,103.956589,22.600142,4,0,1,Lao Cai
5128,140,2160,103.9553,22.601781,4,0,1,Lao Cai
5129,141,2161,106.617756,9.351758,2,0,1,Cà Mau
5130,141,2161,105.168471,9.404775,2,0,1,Cà Mau
5131,141,2162,106.242409,9.627194,4,0,1,Trà Vinh
5132,141,2162,106.957463,9.514282,4,0,1,Trà Vinh
5133,141,2162,106.969727,9.524187,4,0,1,Trà Vinh
5134,141,2163,106.076215,10.047019,4,0,1,Vinh Long
5135,141,2163,106.055556,10.068131,4,0,1,Vinh Long
5136,141,2163,106.040808,10.091433,4,0,1,Vinh Long
5137,141,2163,106.033753,10.100642,4,0,1,Vinh Long
5138,141,2164,104.040933,10.411398,1,60,1,Tiền Giang
5139,141,2164,106.41416,10.414291,1,60,1,Tiền Giang
5140,141,2165,105.753145,10.641021,4,0,1,Long An
5141,141,2165,106.268141,10.671388,4,0,1,Long An
5142,141,2165,106.217355,10.504703,4,0,1,Long An
5143,141,2166,105.67481,10.763847,4,0,1,TP. Hồ Chí Minh
5144,141,2166,106.963047,10.750577,4,0,1,TP. Hồ Chí Minh
5145,141,2167,105.879099,10.925839,4,0,1,Tây Ninh
5146,141,2167,105.879099,10.925839,4,0,1,Tây Ninh
5147,141,2168,105.699543,11.145128,1,70,1,Tây Ninh
5148,141,2168,105.697684,11.148717,1,70,1,Tây Ninh
5149,141,2169,108.432242,16.53565,1,90,1,Đà Nẵng
5150,141,2169,108.391226,16.701111,1,90,1,Đà Nẵng
5151,141,2169,108.357409,16.73184,1,90,1,Đà Nẵng
5152,141,2170,107.659427,15.488709,4,0,1,Quảng Nam
5153,141,2170,107.658485,15.489841,4,0,1,Quảng Nam
5154,141,2171,106.730831,18.795567,4,0,1,Hà Tĩnh
5155,141,2171,106.729905,18.797799,4,0,1,Hà Tĩnh
5156,141,2172,106.60945,19.588066,1,80,1,Hòa Bình
5157,141,2172,105.028848,20.189299,1,80,1,Hòa Bình
5158,141,2173,105.132342,20.246343,1,50,1,Hải Phòng
5159,141,2173,106.927045,20.342904,1,50,1,Hải Phòng
5160,141,2174,105.349657,20.449199,4,0,1,Hòa Bình
5161,141,2174,105.349026,20.44985,4,0,1,Hòa Bình
5162,141,2175,105.384689,20.74262,4,0,1,Hòa Bình
5163,141,2175,105.988556,20.796033,4,0,1,Hòa Bình
5164,141,2175,105.38065,20.837401,4,0,1,Hòa Bình
5165,141,2175,105.705358,20.847791,4,0,1,Hòa Bình
5166,141,2176,105.66068,20.934983,1,60,1,Hà Nội
5167,141,2176,105.649359,20.935618,1,60,1,Hà Nội
5168,141,2177,106.463134,21.282864,4,0,1,Phú Thọ
5169,141,2177,105.154739,21.306251,4,0,1,Phú Thọ
5170,141,2177,103.921886,21.314444,4,0,1,Phú Thọ
5171,141,2178,102.461852,22.202357,2,0,1,Tuyên Quang
5172,141,2178,105.45092,22.274764,2,0,1,Tuyên Quang
5173,141,2179,105.254204,22.555252,4,0,1,Hà Giang
5174,141,2179,105.146681,22.744312,4,0,1,Hà Giang
5175,141,2179,106.010844,22.856516,4,0,1,Hà Giang
5176,142,2180,106.137855,9.186824,4,0,1,Bạc Liêu
5177,142,2180,106.137701,9.18507,4,0,1,Bạc Liêu
5178,142,2181,106.780085,9.304452,1,60,1,Trà Vinh
5179,142,2181,106.681708,9.3395,1,60,1,Trà Vinh
5180,142,2182,106.964162,9.531233,4,0,1,Trà Vinh
5181,142,2182,106.963489,9.53206,4,0,1,Trà Vinh
5182,142,2183,105.613936,9.948112,4,0,1,Vinh Long
5183,142,2183,106.054795,10.050631,4,0,1,Vinh Long
5184,142,2183,106.05401,10.051622,4,0,1,Vinh Long
5185,142,2183,106.051853,10.054137,4,0,1,Vinh Long
5186,142,2183,106.065182,10.071702,4,0,1,Vinh Long
5187,142,2183,106.06108,10.078258,4,0,1,Vinh Long
5188,142,2183,106.045951,10.083602,4,0,1,Vinh Long
5189,142,2183,106.044187,10.087102,4,0,1,Vinh Long
5190,142,2183,106.042467,10.089332,4,0,1,Vinh Long
5191,142,2183,106.037949,10.096162,4,0,1,Vinh Long
5192,142,2183,106.024118,10.112942,4,0,1,Vinh Long
5193,142,2183,106.022153,10.116437,4,0,1,Vinh Long
5194,142,2183,106.013535,10.125395,4,0,1,Vinh Long
5195,142,2184,104.483899,10.375701,4,0,1,An Giang
5196,142,2184,106.440545,10.375768,4,0,1,An Giang
5197,142,2184,104.483379,10.377341,4,0,1,An Giang
5198,142,2184,107.229878,10.396628,4,0,1,An Giang
5199,142,2184,104.897368,10.46534,4,0,1,An Giang
5200,142,2185,105.46205,10.450349,11,0,1,Bà Rịa - Vũng Tàu
5201,142,2185,107.210223,10.45465,11,0,1,Bà Rịa - Vũng Tàu
5202,142,2186,105.719695,11.284249,1,60,1,Tây Ninh
5203,142,2186,105.576578,11.327555,1,60,1,Tây Ninh
5204,142,2187,109.366532,12.922038,4,0,1,Phú Yên
5205,142,2187,109.393504,12.975447,4,0,1,Phú Yên
5206,142,2188,108.139289,13.370454,4,0,1,Gia Lai
5207,142,2188,108.135082,13.374728,4,0,1,Gia Lai
5208,142,2188,108.422367,13.431246,4,0,1,Gia Lai
5209,142,2189,105.746451,17.1685,1,50,1,Quảng Bình
5210,142,2189,105.744788,17.169442,1,50,1,Quảng Bình
5211,142,2190,105.648024,17.645764,1,90,1,Hà Tĩnh
5212,142,2190,105.647981,17.645806,1,90,1,Hà Tĩnh
5213,142,2191,106.829368,20.228603,1,50,1,Hòa Bình
5214,142,2191,105.121896,20.269973,1,50,1,Hòa Bình
5215,142,2192,105.362991,20.44457,4,0,1,Hòa Bình
5216,142,2192,105.361565,20.445423,4,0,1,Hòa Bình
5217,142,2193,105.473512,20.839752,1,60,1,Hòa Bình
5218,142,2193,105.473682,20.839802,1,60,1,Hòa Bình
5219,142,2194,107.209423,20.981658,1,50,1,Hà Nội
5220,142,2194,105.650455,20.982903,1,50,1,Hà Nội
5221,142,2195,104.206815,22.207367,1,60,1,Lao Cai
5222,142,2195,104.181027,22.313657,1,60,1,Lao Cai
5223,143,2196,105.508805,8.561228,1,60,1,Trà Vinh
5224,143,2196,106.693694,9.323867,1,60,1,Trà Vinh
5225,143,2197,106.092667,9.995838,4,0,1,Trà Vinh
5226,143,2197,106.089987,10.000362,4,0,1,Trà Vinh
5227,143,2198,105.498308,10.154783,4,0,1,Bà Rịa - Vũng Tàu
5228,143,2198,107.098211,10.369291,4,0,1,Bà Rịa - Vũng Tàu
5229,143,2199,105.971435,10.569172,1,50,1,Long An
5230,143,2199,106.124715,10.595648,1,50,1,Long An
5231,143,2200,107.192105,10.996977,1,50,1,Đồng Nai
5232,143,2200,107.192065,10.995062,1,50,1,Đồng Nai
5233,143,2201,107.997283,13.99574,4,0,1,Kon Tum
5234,143,2201,107.794963,14.411651,4,0,1,Kon Tum
5235,143,2202,108.245826,16.893251,4,0,1,Quảng Nam
5236,143,2202,108.076842,15.244835,4,0,1,Quảng Nam
5237,143,2203,105.444226,17.334711,1,60,1,Hà Tĩnh
5238,143,2203,105.658095,17.464547,1,60,1,Hà Tĩnh
5239,143,2203,105.658,17.464754,1,60,1,Hà Tĩnh
5240,143,2204,106.743835,18.78107,4,0,1,Nghệ An
5241,143,2204,106.559889,19.944895,4,0,1,Nghệ An
5242,143,2204,106.847027,20.021442,4,0,1,Nghệ An
5243,143,2204,105.016793,20.091084,4,0,1,Nghệ An
5244,143,2204,105.026823,20.127843,4,0,1,Nghệ An
5245,143,2204,106.87481,20.194793,4,0,1,Nghệ An
5246,143,2205,106.756463,20.27558,1,50,1,Thái Bình
5247,143,2205,106.750212,20.283588,1,50,1,Thái Bình
5248,143,2206,106.988007,20.542189,4,0,1,Hải Phòng
5249,143,2206,106.925201,20.590994,4,0,1,Hải Phòng
5250,143,2207,105.376296,20.768939,1,70,1,Hà Nội
5251,143,2207,105.71655,20.792344,1,70,1,Hà Nội
5252,143,2207,105.711361,20.798078,1,70,1,Hà Nội
5253,143,2208,106.607796,21.046001,2,0,1,Hải Phòng
5254,143,2208,106.606194,21.048465,2,0,1,Hải Phòng
5255,143,2209,105.227527,21.35739,4,0,1,Bắc Giang
5256,143,2209,106.343534,21.358673,4,0,1,Bắc Giang
5257,143,2210,105.719277,21.920161,1,80,1,Yên Bái
5258,143,2210,104.78801,21.934173,1,80,1,Yên Bái
5259,143,2210,104.494847,22.360876,1,80,1,Yên Bái
5260,143,2211,104.154293,22.432764,1,80,1,Lao Cai
5261,143,2211,103.824059,22.678542,1,80,1,Lao Cai
5262,144,2212,106.069609,10.057354,4,0,1,Kiên Giang
5263,144,2212,105.706205,10.153003,4,0,1,Kiên Giang
5264,144,2212,105.359783,10.209961,4,0,1,Kiên Giang
5265,144,2212,106.745167,10.380074,4,0,1,Kiên Giang
5266,144,2213,105.510556,10.623495,4,0,1,Long An
5267,144,2213,106.302957,10.632176,4,0,1,Long An
5268,144,2213,106.368145,10.674773,4,0,1,Long An
5269,144,2213,106.260985,10.690936,4,0,1,Long An
5270,144,2214,105.777317,10.552935,4,0,1,Đồng Tháp
5271,144,2214,105.775441,10.554179,4,0,1,Đồng Tháp
5272,144,2215,105.693814,10.74938,4,0,1,Đồng Tháp
5273,144,2215,105.670978,10.769468,4,0,1,Đồng Tháp
5274,144,2216,105.689725,10.879975,4,0,1,Đồng Tháp
5275,144,2216,105.6876,10.883172,4,0,1,Đồng Tháp
5276,144,2217,105.650924,10.921126,1,80,1,Đồng Tháp
5277,144,2217,105.669985,10.922465,1,80,1,Đồng Tháp
5278,144,2217,105.668707,10.924286,1,80,1,Đồng Tháp
5279,144,2218,107.517949,12.240352,1,80,1,Đắk Nông
5280,144,2218,107.999956,12.279258,1,80,1,Đắk Nông
5281,144,2218,107.893579,12.418864,1,80,1,Đắk Nông
5282,144,2219,108.420207,13.434039,4,0,1,Bình Định
5283,144,2219,109.173362,13.706082,4,0,1,Bình Định
5284,144,2220,108.481915,13.849329,1,80,1,Bình Định
5285,144,2220,109.115501,13.910689,1,80,1,Bình Định
5286,144,2221,108.089613,15.222511,4,0,1,Quảng Nam
5287,144,2221,108.083842,15.229257,4,0,1,Quảng Nam
5288,144,2222,107.222347,15.513717,1,60,1,Thừa Thiên Huế
5289,144,2222,107.027294,15.755502,1,60,1,Thừa Thiên Huế
5290,144,2223,106.720093,18.543562,4,0,1,Hà Tĩnh
5291,144,2223,106.778889,18.726665,4,0,1,Hà Tĩnh
5292,144,2223,106.747324,18.775246,4,0,1,Hà Tĩnh
5293,144,2224,106.723386,18.777039,1,60,1,Hà Tĩnh
5294,144,2224,106.589192,18.831242,1,60,1,Hà Tĩnh
5295,144,2225,106.933812,20.213994,1,60,1,Thái Bình
5296,144,2225,106.861474,20.240872,1,60,1,Thái Bình
5297,144,2226,105.080238,20.451908,4,0,1,Hòa Bình
5298,144,2226,105.32754,20.453302,4,0,1,Hòa Bình
5299,144,2227,106.348212,20.846201,4,0,1,Hải Dương
5300,144,2227,106.338975,20.847038,4,0,1,Hải Dương
5301,144,2228,105.552659,20.851179,1,60,1,Hà Nội
5302,144,2228,105.676986,20.903897,1,60,1,Hà Nội
5303,144,2229,106.867195,20.945393,10,0,1,Hải Phòng
5304,144,2229,106.862398,20.963188,10,0,1,Hải Phòng
5305,144,2230,106.272141,21.257478,4,0,1,Bắc Giang
5306,144,2230,106.373693,21.316672,4,0,1,Bắc Giang
5307,144,2231,106.074119,21.451343,10,0,1,Bắc Giang
5308,144,2231,106.070891,21.456883,10,0,1,Bắc Giang
5309,144,2232,104.837942,21.706945,4,0,1,Yên Bái
5310,144,2232,104.987559,21.718643,4,0,1,Yên Bái
5311,144,2233,104.453178,22.591777,2,0,1,Hà Giang
5312,144,2233,105.350145,22.825655,2,0,1,Hà Giang
5313,145,2234,105.187574,9.628135,2,0,1,Trà Vinh
5314,145,2234,106.932167,9.645894,2,0,1,Trà Vinh
5315,145,2235,105.781515,10.565248,4,0,1,Đồng Tháp
5316,145,2235,105.778629,10.551027,4,0,1,Đồng Tháp
5317,145,2236,105.50713,10.866342,11,0,1,Đồng Tháp
5318,145,2236,105.676486,10.900333,11,0,1,Đồng Tháp
5319,145,2237,105.637013,11.29374,1,60,1,Tây Ninh
5320,145,2237,105.3456,11.293771,1,60,1,Tây Ninh
5321,145,2238,108.792851,11.731685,4,0,1,Tây Ninh
5322,145,2238,105.988934,11.785354,4,0,1,Tây Ninh
5323,145,2238,105.987502,11.788364,4,0,1,Tây Ninh
5324,145,2238,109.192189,12.214085,4,0,1,Tây Ninh
5325,145,2238,108.1555,12.670424,4,0,1,Tây Ninh
5326,145,2239,108.123391,12.530829,1,80,1,Phú Yên
5327,145,2239,109.337139,13.033456,1,80,1,Phú Yên
5328,145,2240,109.010964,13.65617,4,0,1,Bình Định
5329,145,2240,109.207962,13.766413,4,0,1,Bình Định
5330,145,2241,108.246912,16.894642,4,0,1,Quảng Nam
5331,145,2241,108.080882,15.237065,4,0,1,Quảng Nam
5332,145,2242,105.286088,18.084244,4,0,1,Quảng Bình
5333,145,2242,105.145821,18.153014,4,0,1,Quảng Bình
5334,145,2242,106.896689,18.338352,4,0,1,Quảng Bình
5335,145,2242,106.783748,18.393762,4,0,1,Quảng Bình
5336,145,2243,106.771857,20.255626,1,50,1,Thái Bình
5337,145,2243,106.767529,20.287465,1,50,1,Thái Bình
5338,145,2244,106.946061,20.63888,4,0,1,Hải Phòng
5339,145,2244,106.979443,20.505249,4,0,1,Hải Phòng
5340,145,2245,106.910467,20.759171,4,0,1,Hải Phòng
5341,145,2245,106.909953,20.770005,4,0,1,Hải Phòng
5342,145,2246,106.757192,20.864954,4,0,1,Hải Phòng
5343,145,2246,106.988624,20.901422,4,0,1,Hải Phòng
5344,145,2247,105.211498,21.278026,11,0,1,Phú Thọ
5345,145,2247,105.208903,21.281882,11,0,1,Phú Thọ
5346,145,2247,105.207367,21.284183,11,0,1,Phú Thọ
5347,145,2248,104.008679,22.436104,4,0,1,Lao Cai
5348,145,2248,103.991832,22.468972,4,0,1,Lao Cai
5349,145,2248,103.987889,22.454789,4,0,1,Lao Cai
5350,145,2248,103.955204,22.49936,4,0,1,Lao Cai
5351,145,2248,105.310309,22.689432,4,0,1,Lao Cai
5352,146,2249,106.705718,9.822525,1,60,1,Trà Vinh
5353,146,2249,106.705595,9.822565,1,60,1,Trà Vinh
5354,146,2250,106.133153,9.937172,4,0,1,Trà Vinh
5355,146,2250,106.127351,9.946503,4,0,1,Trà Vinh
5356,146,2250,106.113919,9.956921,4,0,1,Trà Vinh
5357,146,2251,105.611922,10.498061,1,80,1,Đồng Tháp
5358,146,2251,105.631115,10.610292,1,80,1,Đồng Tháp
5359,146,2252,106.225412,10.506201,4,0,1,Long An
5360,146,2252,106.216417,10.50747,4,0,1,Long An
5361,146,2253,105.74583,10.581871,4,0,1,Bà Rịa - Vũng Tàu
5362,146,2253,107.024757,10.582486,4,0,1,Bà Rịa - Vũng Tàu
5363,146,2253,107.020365,10.588963,4,0,1,Bà Rịa - Vũng Tàu
5364,146,2253,107.018098,10.592214,4,0,1,Bà Rịa - Vũng Tàu
5365,146,2254,107.003609,10.713596,2,0,1,Long An
5366,146,2254,106.086474,10.825268,2,0,1,Long An
5367,146,2255,105.502769,10.851511,11,0,1,Đồng Tháp
5368,146,2255,105.69563,10.870366,11,0,1,Đồng Tháp
5369,146,2255,105.685865,10.88407,11,0,1,Đồng Tháp
5370,146,2256,105.979752,10.903189,1,60,1,Tây Ninh
5371,146,2256,105.979644,10.903634,1,60,1,Tây Ninh
5372,146,2257,105.538791,11.347131,11,0,1,An Giang
5373,146,2257,105.160591,11.364653,11,0,1,An Giang
5374,146,2258,105.048477,11.370992,4,0,1,Đồng Nai
5375,146,2258,107.552442,11.381841,4,0,1,Đồng Nai
5376,146,2259,109.132866,11.913653,1,60,1,Khánh Hòa
5377,146,2259,109.013474,12.280464,1,60,1,Khánh Hòa
5378,146,2259,109.090968,13.744443,1,60,1,Khánh Hòa
5379,146,2260,109.061851,13.963349,1,50,1,Gia Lai
5380,146,2260,108.016726,13.95954,1,50,1,Gia Lai
5381,146,2261,108.972638,14.775953,4,0,1,Đà Nẵng
5382,146,2261,108.817251,16.098085,4,0,1,Đà Nẵng
5383,146,2261,108.827446,16.334986,4,0,1,Đà Nẵng
5384,146,2261,108.29432,16.454021,4,0,1,Đà Nẵng
5385,146,2262,105.318545,17.512212,4,0,1,Hà Tĩnh
5386,146,2262,105.628716,17.520813,4,0,1,Hà Tĩnh
5387,146,2263,105.012506,18.338743,4,0,1,Hà Tĩnh
5388,146,2263,106.706551,18.630705,4,0,1,Hà Tĩnh
5389,146,2263,106.551011,18.727865,4,0,1,Hà Tĩnh
5390,146,2264,106.349268,18.959864,1,50,1,Hà Tĩnh
5391,146,2264,106.413255,19.035974,1,50,1,Hà Tĩnh
5392,146,2265,105.050975,20.186241,4,0,1,Hòa Bình
5393,146,2265,105.043785,20.216084,4,0,1,Hòa Bình
5394,146,2266,105.123586,20.267468,1,50,1,Hòa Bình
5395,146,2266,105.117526,20.252072,1,50,1,Hòa Bình
5396,146,2266,106.769043,20.286272,1,50,1,Hòa Bình
5397,146,2267,105.276651,20.4755,4,0,1,Hải Phòng
5398,146,2267,106.747891,20.639035,4,0,1,Hải Phòng
5399,146,2268,106.878938,20.871477,4,0,1,Hải Phòng
5400,146,2268,106.878224,20.872448,4,0,1,Hải Phòng
5401,146,2269,106.700609,20.879551,4,0,1,Hải Phòng
5402,146,2269,106.999006,20.885117,4,0,1,Hải Phòng
5403,146,2270,106.494195,21.117718,2,0,1,Quảng Ninh
5404,146,2270,106.990845,21.244341,2,0,1,Quảng Ninh
5405,146,2271,105.173783,21.292403,11,0,1,Bắc Giang
5406,146,2271,106.376251,21.332686,11,0,1,Bắc Giang
5407,146,2272,106.219943,21.75329,1,60,1,Sơn La
5408,146,2272,104.106336,21.841281,1,60,1,Sơn La
5409,146,2273,103.985614,22.466761,4,0,1,Lao Cai
5410,146,2273,103.982953,22.451141,4,0,1,Lao Cai
5411,146,2273,103.982551,22.472296,4,0,1,Lao Cai
5412,147,2274,104.853673,9.097713,2,0,1,Trà Vinh
5413,147,2274,106.723538,9.463798,2,0,1,Trà Vinh
5414,147,2275,106.066396,9.465428,4,0,1,Kiên Giang
5415,147,2275,105.050054,9.762812,4,0,1,Kiên Giang
5416,147,2276,106.738504,9.773686,1,60,1,Kiên Giang
5417,147,2276,105.050993,9.873384,1,60,1,Kiên Giang
5418,147,2277,105.781466,10.565503,4,0,1,Long An
5419,147,2277,106.19278,10.565917,4,0,1,Long An
5420,147,2278,105.695882,10.74466,4,0,1,Đồng Tháp
5421,147,2278,105.695162,10.746732,4,0,1,Đồng Tháp
5422,147,2278,105.696463,10.745792,4,0,1,Đồng Tháp
5423,147,2279,105.433155,10.795014,1,80,1,Đồng Tháp
5424,147,2279,105.433056,10.795154,1,80,1,Đồng Tháp
5425,147,2280,105.529392,11.351055,4,0,1,Đắk Nông
5426,147,2280,107.86864,11.632985,4,0,1,Đắk Nông
5427,147,2281,105.677537,11.731405,4,0,1,Khánh Hòa
5428,147,2281,109.096518,12.109903,4,0,1,Khánh Hòa
5429,147,2281,109.050512,12.16057,4,0,1,Khánh Hòa
5430,147,2282,109.189169,12.289078,4,0,1,Đắk Nông
5431,147,2282,107.694597,12.290831,4,0,1,Đắk Nông
5432,147,2282,109.333923,12.966654,4,0,1,Đắk Nông
5433,147,2283,107.942595,13.833242,1,80,1,Bình Định
5434,147,2283,109.159365,14.129514,1,80,1,Bình Định
5435,147,2284,108.972394,14.777199,4,0,1,Đà Nẵng
5436,147,2284,108.846675,16.063735,4,0,1,Đà Nẵng
5437,147,2285,106.553603,18.614256,4,0,1,Hà Tĩnh
5438,147,2285,106.842609,18.669932,4,0,1,Hà Tĩnh
5439,147,2285,106.842365,18.650156,4,0,1,Hà Tĩnh
5440,147,2286,105.118528,20.10634,4,0,1,Thái Bình
5441,147,2286,106.969069,20.170112,4,0,1,Thái Bình
5442,147,2287,105.452138,20.585521,1,80,1,Hòa Bình
5443,147,2287,105.463093,20.700475,1,80,1,Hòa Bình
5444,147,2288,105.7094,20.890001,1,60,1,Hà Nội
5445,147,2288,105.669796,20.921483,1,60,1,Hà Nội
5446,147,2288,105.668709,20.923209,1,60,1,Hà Nội
5447,147,2289,105.101422,21.025719,2,0,1,Hải Phòng
5448,147,2289,106.618134,21.028714,2,0,1,Hải Phòng
5449,147,2290,106.965534,21.114576,11,0,1,Quảng Ninh
5450,147,2290,106.965534,21.114576,11,0,1,Quảng Ninh
5451,147,2290,105.203483,21.27263,11,0,1,Quảng Ninh
5452,147,2291,105.703641,21.941229,4,0,1,Thái Nguyên
5453,147,2291,105.701052,21.949214,4,0,1,Thái Nguyên
5454,147,2292,103.980299,22.03921,1,80,1,Cao Bằng
5455,147,2292,104.290775,22.3462,1,80,1,Cao Bằng
5456,147,2292,105.419839,22.448535,1,80,1,Cao Bằng
5457,147,2292,104.132054,22.459026,1,80,1,Cao Bằng
5458,148,2293,105.384618,9.567426,1,50,1,Hậu Giang
5459,148,2293,105.198061,9.579879,1,50,1,Hậu Giang
5460,148,2294,106.150268,9.902579,11,0,1,Trà Vinh
5461,148,2294,106.103163,9.9823,11,0,1,Trà Vinh
5462,148,2295,106.53087,10.450139,4,0,1,Long An
5463,148,2295,106.410096,10.528329,4,0,1,Long An
5464,148,2296,106.08441,10.79634,2,0,1,TP. Hồ Chí Minh
5465,148,2296,106.784525,10.808673,2,0,1,TP. Hồ Chí Minh
5466,148,2297,107.077352,10.814183,1,50,1,TP. Hồ Chí Minh
5467,148,2297,106.693786,10.828835,1,50,1,TP. Hồ Chí Minh
5468,148,2298,105.904729,10.892913,1,80,1,Tây Ninh
5469,148,2298,105.90397,10.894146,1,80,1,Tây Ninh
5470,148,2299,105.160991,11.2979,2,0,1,An Giang
5471,148,2299,105.07282,11.342117,2,0,1,An Giang
5472,148,2300,109.35589,13.017113,4,0,1,Phú Yên
5473,148,2300,109.35481,13.020422,4,0,1,Phú Yên
5474,148,2301,109.282975,13.143073,2,0,1,Phú Yên
5475,148,2301,108.578998,13.209599,2,0,1,Phú Yên
5476,148,2302,107.717369,13.780128,1,80,1,Gia Lai
5477,148,2302,108.031003,13.878826,1,80,1,Gia Lai
5478,148,2303,108.840048,16.052513,1,90,1,Đà Nẵng
5479,148,2303,108.835188,16.058995,1,90,1,Đà Nẵng
5480,148,2304,108.826534,16.085388,1,50,1,Đà Nẵng
5481,148,2304,108.826477,16.08554,1,50,1,Đà Nẵng
5482,148,2304,108.698896,16.611598,1,50,1,Đà Nẵng
5483,148,2304,108.660155,16.671133,1,50,1,Đà Nẵng
5484,148,2305,108.202496,15.056654,4,0,1,Quảng Nam
5485,148,2305,107.665013,15.479742,4,0,1,Quảng Nam
5486,148,2306,106.724416,19.242567,4,0,1,Hải Dương
5487,148,2306,106.332914,20.749036,4,0,1,Hải Dương
5488,148,2306,105.356996,20.778099,4,0,1,Hải Dương
5489,148,2307,105.584915,20.828577,11,0,1,Hòa Bình
5490,148,2307,105.057992,20.85173,11,0,1,Hòa Bình
5491,148,2308,105.12344,21.087791,2,0,1,Quảng Ninh
5492,148,2308,106.956378,21.226353,2,0,1,Quảng Ninh
5493,148,2308,106.58822,21.23646,2,0,1,Quảng Ninh
5494,148,2309,106.34576,21.355147,4,0,1,Bắc Giang
5495,148,2309,106.150391,21.374489,4,0,1,Bắc Giang
5496,148,2310,104.888314,21.560948,4,0,1,Yên Bái
5497,148,2310,104.881822,21.558648,4,0,1,Yên Bái
5498,148,2311,105.767712,21.861156,4,0,1,Tuyên Quang
5499,148,2311,105.518234,22.048445,4,0,1,Tuyên Quang
5500,149,2312,105.693461,10.749939,4,0,1,Đồng Tháp
5501,149,2312,105.5161,10.842758,4,0,1,Đồng Tháp
5502,149,2312,105.788607,10.865803,4,0,1,Đồng Tháp
5503,149,2313,105.117886,11.171533,4,0,1,An Giang
5504,149,2313,105.116796,11.176129,4,0,1,An Giang
5505,149,2314,105.827086,11.379772,4,0,1,Đắk Nông
5506,149,2314,107.867951,11.634052,4,0,1,Đắk Nông
5507,149,2315,109.021137,12.262613,4,0,1,Đắk Lắk
5508,149,2315,109.120917,12.481963,4,0,1,Đắk Lắk
5509,149,2315,108.720619,12.752709,4,0,1,Đắk Lắk
5510,149,2315,108.640651,12.805953,4,0,1,Đắk Lắk
5511,149,2316,107.974677,14.096227,4,0,1,Kon Tum
5512,149,2316,107.967523,14.438722,4,0,1,Kon Tum
5513,149,2317,108.833897,16.072828,1,50,1,Đà Nẵng
5514,149,2317,108.833731,16.073124,1,50,1,Đà Nẵng
5515,149,2318,106.881352,18.408194,1,60,1,Hà Tĩnh
5516,149,2318,106.729006,18.759318,1,60,1,Hà Tĩnh
5517,149,2318,106.687756,19.010628,1,60,1,Hà Tĩnh
5518,149,2319,105.212793,20.051183,1,80,1,Thái Bình
5519,149,2319,106.295865,20.682376,1,80,1,Thái Bình
5520,149,2320,105.502826,20.988483,1,60,1,Hòa Bình
5521,149,2320,105.05456,21.002439,1,60,1,Hòa Bình
5522,149,2321,107.147482,21.045297,2,0,1,Hải Phòng
5523,149,2321,106.749732,21.16599,2,0,1,Hải Phòng
5524,149,2322,105.519107,22.045364,4,0,1,Tuyên Quang
5525,149,2322,105.516576,22.062004,4,0,1,Tuyên Quang
5526,149,2323,106.902515,22.311521,1,60,1,Lao Cai
5527,149,2323,103.834058,22.501185,1,60,1,Lao Cai
5528,150,2324,106.674565,9.559515,2,0,1,Hậu Giang
5529,150,2324,105.396084,9.882709,2,0,1,Hậu Giang
5530,150,2324,105.615183,9.964249,2,0,1,Hậu Giang
5531,150,2325,105.369576,10.231625,4,0,1,Đồng Tháp
5532,150,2325,105.385816,10.36641,4,0,1,Đồng Tháp
5533,150,2325,105.576687,10.350976,4,0,1,Đồng Tháp
5534,150,2326,105.740149,10.594609,4,0,1,Đồng Tháp
5535,150,2326,105.731823,10.731046,4,0,1,Đồng Tháp
5536,150,2327,105.226636,10.819497,1,80,1,Đồng Nai
5537,150,2327,107.254511,10.840706,1,80,1,Đồng Nai
5538,150,2328,107.288588,11.153203,1,60,1,Tây Ninh
5539,150,2328,105.738447,11.15472,1,60,1,Tây Ninh
5540,150,2329,105.732774,11.250047,1,60,1,Tây Ninh
5541,150,2329,105.341955,11.307176,1,60,1,Tây Ninh
5542,150,2330,107.838953,11.47586,4,0,1,Đắk Nông
5543,150,2330,107.837873,11.479963,4,0,1,Đắk Nông
5544,150,2330,107.829457,11.632241,4,0,1,Đắk Nông
5545,150,2330,108.989347,11.657325,4,0,1,Đắk Nông
5546,150,2331,105.694784,11.825045,4,0,1,Tây Ninh
5547,150,2331,105.837961,11.942677,4,0,1,Tây Ninh
5548,150,2332,108.025643,14.381338,1,60,1,Kon Tum
5549,150,2332,107.729356,14.578752,1,60,1,Kon Tum
5550,150,2333,108.89134,14.946951,4,0,1,Đà Nẵng
5551,150,2333,108.859495,16.013695,4,0,1,Đà Nẵng
5552,150,2333,108.761304,16.168689,4,0,1,Đà Nẵng
5553,150,2334,105.709256,15.557628,1,50,1,Hà Tĩnh
5554,150,2334,105.440594,17.704449,1,50,1,Hà Tĩnh
5555,150,2335,106.954569,17.82314,2,0,1,Hà Tĩnh
5556,150,2335,105.021902,17.890785,2,0,1,Hà Tĩnh
5557,150,2336,106.535802,18.590677,1,60,1,Hà Tĩnh
5558,150,2336,106.534799,18.59524,1,60,1,Hà Tĩnh
5559,150,2336,106.533634,18.599818,1,60,1,Hà Tĩnh
5560,150,2336,106.53265,18.702681,1,60,1,Hà Tĩnh
5561,150,2336,104.495395,19.261593,1,60,1,Hà Tĩnh
5562,150,2337,106.910818,20.594487,1,60,1,Hải Phòng
5563,150,2337,106.829523,20.722075,1,60,1,Hải Phòng
5564,150,2338,105.063184,20.767592,4,0,1,Hòa Bình
5565,150,2338,105.238003,20.788108,4,0,1,Hòa Bình
5566,151,2339,105.353606,10.059515,4,0,1,Đồng Tháp
5567,151,2339,105.48078,10.197961,4,0,1,Đồng Tháp
5568,151,2340,105.415473,10.670759,4,0,1,Long An
5569,151,2340,106.358049,10.732921,4,0,1,Long An
5570,151,2340,105.969453,10.754494,4,0,1,Long An
5571,151,2341,105.822495,11.0899,1,50,1,Tây Ninh
5572,151,2341,105.677098,11.158239,1,50,1,Tây Ninh
5573,151,2341,105.662614,11.258775,1,50,1,Tây Ninh
5574,151,2342,109.195011,12.056202,4,0,1,Lâm Đồng
5575,151,2342,108.137151,12.183388,4,0,1,Lâm Đồng
5576,151,2343,109.276211,13.188612,1,90,1,Phú Yên
5577,151,2343,109.26273,13.263841,1,90,1,Phú Yên
5578,151,2344,109.003753,13.695856,1,80,1,Gia Lai
5579,151,2344,108.276702,13.788418,1,80,1,Gia Lai
5580,151,2345,107.737745,15.362931,1,90,1,Hà Tĩnh
5581,151,2345,105.282856,17.952403,1,90,1,Hà Tĩnh
5582,151,2346,104.864161,19.866476,1,80,1,Thái Bình
5583,151,2346,105.075464,20.054773,1,80,1,Thái Bình
5584,151,2346,106.8442,20.262762,1,80,1,Thái Bình
5585,151,2346,105.446344,20.380241,1,80,1,Thái Bình
5586,151,2347,105.613481,20.628108,4,0,1,Hà Nam
5587,151,2347,105.646735,20.523944,4,0,1,Hà Nam
5588,151,2348,105.312701,20.833487,1,50,1,Hòa Bình
5589,151,2348,105.309007,20.844338,1,50,1,Hòa Bình
5590,151,2348,105.305206,20.862638,1,50,1,Hòa Bình
5591,151,2349,105.515043,20.866082,4,0,1,Hải Phòng
5592,151,2349,106.881597,20.865524,4,0,1,Hải Phòng
5593,151,2349,105.304266,20.868322,4,0,1,Hải Phòng
5594,151,2350,105.450223,20.857585,1,50,1,Hải Phòng
5595,151,2350,106.981421,20.880377,1,50,1,Hải Phòng
5596,151,2351,103.995748,21.266419,4,0,1,Bắc Giang
5597,151,2351,106.263809,21.289629,4,0,1,Bắc Giang
5598,151,2352,103.563798,21.607481,1,80,1,Lạng Sơn
5599,151,2352,106.785692,21.543164,1,80,1,Lạng Sơn
5600,152,2353,105.197656,10.069604,4,0,1,Vinh Long
5601,152,2353,106.016683,10.123426,4,0,1,Vinh Long
5602,152,2353,104.633974,10.303651,4,0,1,Vinh Long
5603,152,2354,105.561506,10.378143,1,80,1,An Giang
5604,152,2354,104.070011,10.379046,1,80,1,An Giang
5605,152,2355,105.564346,10.563356,4,0,1,Long An
5606,152,2355,106.396758,10.568709,4,0,1,Long An
5607,152,2356,105.928314,10.863271,1,50,1,Đồng Nai
5608,152,2356,107.058349,10.850602,1,50,1,Đồng Nai
5609,152,2357,106.216958,10.851905,4,0,1,Đồng Tháp
5610,152,2357,105.733053,10.870115,4,0,1,Đồng Tháp
5611,152,2358,107.384921,10.99159,1,60,1,Đồng Nai
5612,152,2358,107.160083,11.008177,1,60,1,Đồng Nai
5613,152,2359,108.476368,11.959571,4,0,1,Khánh Hòa
5614,152,2359,109.198252,12.231028,4,0,1,Khánh Hòa
5615,152,2360,107.940864,12.328053,1,80,1,Đắk Nông
5616,152,2360,107.890451,12.406766,1,80,1,Đắk Nông
5617,152,2361,109.126503,12.49229,4,0,1,Đắk Lắk
5618,152,2361,108.250625,12.937516,4,0,1,Đắk Lắk
5619,152,2361,108.250396,12.93805,4,0,1,Đắk Lắk
5620,152,2362,109.269377,13.234984,1,90,1,Phú Yên
5621,152,2362,109.268847,13.23558,1,90,1,Phú Yên
5622,152,2363,108.277003,13.780279,1,80,1,Gia Lai
5623,152,2363,107.577655,13.809772,1,80,1,Gia Lai
5624,152,2363,108.280728,13.905475,1,80,1,Gia Lai
5625,152,2364,108.180416,15.065921,4,0,1,Quảng Bình
5626,152,2364,106.897113,18.354878,4,0,1,Quảng Bình
5627,152,2365,106.417703,19.316295,1,60,1,Nghệ An
5628,152,2365,104.19431,19.384911,1,60,1,Nghệ An
5629,152,2366,106.921439,20.355568,4,0,1,Hải Phòng
5630,152,2366,106.894049,20.546051,4,0,1,Hải Phòng
5631,152,2367,106.759873,20.741506,2,0,1,Hòa Bình
5632,152,2367,105.295615,20.879917,2,0,1,Hòa Bình
5633,152,2368,105.759458,21.825547,4,0,1,Thái Nguyên
5634,152,2368,105.701716,21.948279,4,0,1,Thái Nguyên
5635,152,2369,104.192476,22.243611,2,0,1,Lai Châu
5636,152,2369,103.236927,22.377619,2,0,1,Lai Châu
5637,152,2369,106.593372,22.722159,2,0,1,Lai Châu
5638,153,2370,106.4744,9.732095,1,50,1,Trà Vinh
5639,153,2370,106.472527,9.737981,1,50,1,Trà Vinh
5640,153,2371,106.472202,9.739361,4,0,1,Kiên Giang
5641,153,2371,105.20486,9.78582,4,0,1,Kiên Giang
5642,153,2372,105.354148,10.222897,4,0,1,Đồng Tháp
5643,153,2372,105.576038,10.352534,4,0,1,Đồng Tháp
5644,153,2372,104.478073,10.404123,4,0,1,Đồng Tháp
5645,153,2373,105.344851,10.679396,4,0,1,Đồng Tháp
5646,153,2373,105.566952,10.548006,4,0,1,Đồng Tháp
5647,153,2374,105.502452,10.736413,4,0,1,Đồng Tháp
5648,153,2374,105.969056,10.755377,4,0,1,Đồng Tháp
5649,153,2375,105.5149,11.121056,1,70,1,Tây Ninh
5650,153,2375,105.513941,11.124282,1,70,1,Tây Ninh
5651,153,2376,107.36965,11.699166,2,0,1,Đắk Nông
5652,153,2376,107.791382,11.913888,2,0,1,Đắk Nông
5653,153,2377,108.436394,11.949331,4,0,1,Khánh Hòa
5654,153,2377,109.119822,12.4861,4,0,1,Khánh Hòa
5655,153,2378,107.849331,13.836074,4,0,1,Kon Tum
5656,153,2378,107.978845,14.383237,4,0,1,Kon Tum
5657,153,2379,107.976961,14.39292,10,0,1,Bình Định
5658,153,2379,109.013257,14.541329,10,0,1,Bình Định
5659,153,2380,107.76232,16.138661,1,60,1,Đà Nẵng
5660,153,2380,108.620587,16.528448,1,60,1,Đà Nẵng
5661,153,2381,108.392954,16.818976,4,0,1,Quảng Nam
5662,153,2381,108.190435,15.001191,4,0,1,Quảng Nam
5663,153,2381,108.193751,15.020909,4,0,1,Quảng Nam
5664,153,2382,106.899359,18.365761,4,0,1,Quảng Bình
5665,153,2382,106.899018,18.367966,4,0,1,Quảng Bình
5666,153,2383,106.695582,18.775836,4,0,1,Hà Tĩnh
5667,153,2383,106.658669,18.917978,4,0,1,Hà Tĩnh
5668,153,2384,105.097648,20.69868,1,50,1,Hòa Bình
5669,153,2384,105.095136,20.503559,1,50,1,Hòa Bình
5670,153,2384,105.481265,20.551511,1,50,1,Hòa Bình
5671,153,2385,106.808456,20.772288,2,0,1,Hải Phòng
5672,153,2385,106.984785,20.891627,2,0,1,Hải Phòng
5673,154,2386,103.992438,10.124396,4,0,1,Đồng Tháp
5674,154,2386,105.369669,10.254801,4,0,1,Đồng Tháp
5675,154,2387,105.715991,10.770771,1,60,1,Đồng Tháp
5676,154,2387,105.673722,10.778409,1,60,1,Đồng Tháp
5677,154,2388,108.065054,10.887432,1,60,1,Đồng Nai
5678,154,2388,107.139708,10.896551,1,60,1,Đồng Nai
5679,154,2389,107.178357,11.056299,1,60,1,Tây Ninh
5680,154,2389,105.400232,11.199583,1,60,1,Tây Ninh
5681,154,2390,105.512062,11.51051,4,0,1,Bình Thuận
5682,154,2390,108.021122,11.546256,4,0,1,Bình Thuận
5683,154,2390,105.690369,11.711356,4,0,1,Bình Thuận
5684,154,2391,109.120067,12.484253,4,0,1,Đắk Lắk
5685,154,2391,107.99386,12.632917,4,0,1,Đắk Lắk
5686,154,2391,108.231372,12.983598,4,0,1,Đắk Lắk
5687,154,2392,109.190602,13.381202,4,0,1,Phú Yên
5688,154,2392,109.191185,13.460589,4,0,1,Phú Yên
5689,154,2393,105.086446,17.556184,1,80,1,Hà Tĩnh
5690,154,2393,105.170466,17.825611,1,80,1,Hà Tĩnh
5691,154,2394,106.54883,18.696054,4,0,1,Hà Tĩnh
5692,154,2394,106.548751,18.696339,4,0,1,Hà Tĩnh
5693,155,2395,106.28041,9.172513,1,60,1,Bạc Liêu
5694,155,2395,106.082445,9.202219,1,60,1,Bạc Liêu
5695,155,2396,104.944402,9.518367,4,0,1,Cà Mau
5696,155,2396,104.96204,9.521837,4,0,1,Cà Mau
5697,155,2397,105.346338,10.60343,1,80,1,TP. Hồ Chí Minh
5698,155,2397,106.651907,10.613882,1,80,1,TP. Hồ Chí Minh
5699,155,2397,106.319219,10.614962,1,80,1,TP. Hồ Chí Minh
5700,155,2398,105.047665,10.512262,11,0,1,An Giang
5701,155,2398,105.047665,10.512262,11,0,1,An Giang
5702,155,2399,105.712923,10.92351,1,70,1,Đồng Tháp
5703,155,2399,105.710183,10.934163,1,70,1,Đồng Tháp
5704,155,2399,105.708767,10.940417,1,70,1,Đồng Tháp
5705,155,2400,105.405689,11.257682,1,60,1,Tây Ninh
5706,155,2400,105.421298,11.321486,1,60,1,Tây Ninh
5707,155,2401,105.026947,11.450135,4,0,1,Lâm Đồng
5708,155,2401,109.074983,11.764446,4,0,1,Lâm Đồng
5709,155,2401,108.148158,11.93043,4,0,1,Lâm Đồng
5710,155,2401,107.583602,12.04694,4,0,1,Lâm Đồng
5711,155,2402,109.197981,12.231928,4,0,1,Khánh Hòa
5712,155,2402,109.197691,12.23367,4,0,1,Khánh Hòa
5713,155,2403,109.213527,13.293363,4,0,1,Phú Yên
5714,155,2403,109.200497,13.315794,4,0,1,Phú Yên
5715,155,2404,107.92291,13.988188,1,60,1,Quảng Ngãi
5716,155,2404,109.049452,14.679105,1,60,1,Quảng Ngãi
5717,155,2405,109.04876,14.682106,4,0,1,Quảng Ngãi
5718,155,2405,109.048522,14.682708,4,0,1,Quảng Ngãi
5719,155,2406,108.08366,15.229886,4,0,1,Quảng Nam
5720,155,2406,107.668751,15.631773,4,0,1,Quảng Nam
5721,155,2407,106.681002,18.84397,4,0,1,Hà Tĩnh
5722,155,2407,106.675764,18.865024,4,0,1,Hà Tĩnh
5723,155,2408,106.777134,19.811841,4,0,1,Thái Bình
5724,155,2408,106.579256,19.87929,4,0,1,Thái Bình
5725,155,2408,106.392516,19.931028,4,0,1,Thái Bình
5726,155,2409,106.954172,20.469085,4,0,1,Hải Phòng
5727,155,2409,106.969952,20.475861,4,0,1,Hải Phòng
5728,155,2410,106.919759,20.536028,4,0,1,Hải Phòng
5729,155,2410,106.938433,20.545564,4,0,1,Hải Phòng
5730,155,2410,106.652123,20.5635,4,0,1,Hải Phòng
5731,155,2411,105.047191,20.789914,4,0,1,Hòa Bình
5732,155,2411,105.045975,20.790796,4,0,1,Hòa Bình
5733,155,2411,105.303742,20.791513,4,0,1,Hòa Bình
5734,155,2412,105.385749,20.932705,1,60,1,Hải Phòng
5735,155,2412,106.585508,20.938893,1,60,1,Hải Phòng
5736,155,2413,106.778883,21.022436,4,0,1,Phú Thọ
5737,155,2413,105.096178,21.03819,4,0,1,Phú Thọ
5738,155,2414,103.398025,22.281471,2,0,1,Lai Châu
5739,155,2414,103.519722,22.301125,2,0,1,Lai Châu
5740,156,2415,106.864348,9.5203,2,0,1,Cà Mau
5741,156,2415,104.940265,9.534426,2,0,1,Cà Mau
5742,156,2416,105.362625,10.35166,11,0,1,Đồng Tháp
5743,156,2416,105.673674,10.394461,11,0,1,Đồng Tháp
5744,156,2417,107.659512,11.165358,2,0,1,Tây Ninh
5745,156,2417,105.399534,11.201859,2,0,1,Tây Ninh
5746,156,2418,105.419069,11.330368,1,60,1,Tây Ninh
5747,156,2418,105.42923,11.356488,1,60,1,Tây Ninh
5748,156,2419,105.153718,11.609944,4,0,1,An Giang
5749,156,2419,105.006605,11.64084,4,0,1,An Giang
5750,156,2420,109.181233,12.234811,11,0,1,Khánh Hòa
5751,156,2420,109.191183,12.247435,11,0,1,Khánh Hòa
5752,156,2421,108.084223,13.98007,1,80,1,Gia Lai
5753,156,2421,107.924103,13.982966,1,80,1,Gia Lai
5754,156,2422,105.153187,20.208984,1,80,1,Hòa Bình
5755,156,2422,105.169631,20.222904,1,80,1,Hòa Bình
5756,156,2423,106.921358,20.36923,1,50,1,Hòa Bình
5757,156,2423,105.125469,20.370228,1,50,1,Hòa Bình
5758,157,2424,106.826897,10.053682,4,0,1,Bến Tre
5759,157,2424,106.41322,10.158302,4,0,1,Bến Tre
5760,157,2424,105.270836,10.195086,4,0,1,Bến Tre
5761,157,2425,105.347075,10.321361,4,0,1,Bà Rịa - Vũng Tàu
5762,157,2425,106.531706,10.439364,4,0,1,Bà Rịa - Vũng Tàu
5763,157,2425,107.158638,10.457306,4,0,1,Bà Rịa - Vũng Tàu
5764,157,2425,107.197734,10.620296,4,0,1,Bà Rịa - Vũng Tàu
5765,157,2426,105.73784,10.704414,4,0,1,Đồng Tháp
5766,157,2426,105.88859,10.706675,4,0,1,Đồng Tháp
5767,157,2426,107.243001,10.705522,4,0,1,Đồng Tháp
5768,157,2427,105.932568,10.714356,1,50,1,Bà Rịa - Vũng Tàu
5769,157,2427,107.239902,10.721109,1,50,1,Bà Rịa - Vũng Tàu
5770,157,2428,105.555158,10.983954,11,0,1,Đồng Tháp
5771,157,2428,105.555112,10.984251,11,0,1,Đồng Tháp
5772,157,2429,106.989694,11.69486,4,0,1,Bình Phước
5773,157,2429,106.988833,11.69838,4,0,1,Bình Phước
5774,157,2430,105.500462,11.812407,4,0,1,Khánh Hòa
5775,157,2430,109.16772,12.059356,4,0,1,Khánh Hòa
5776,157,2430,108.107833,12.564036,4,0,1,Khánh Hòa
5777,157,2431,109.243745,14.004608,4,0,1,Gia Lai
5778,157,2431,107.993929,14.007728,4,0,1,Gia Lai
5779,157,2432,108.7924,16.195083,11,0,1,Đà Nẵng
5780,157,2432,108.788164,16.216654,11,0,1,Đà Nẵng
5781,157,2433,107.657938,15.383406,4,0,1,Quảng Nam
5782,157,2433,107.679105,15.427946,4,0,1,Quảng Nam
5783,157,2434,106.295842,20.554639,4,0,1,Hải Phòng
5784,157,2434,106.850822,20.908374,4,0,1,Hải Phòng
5785,157,2434,105.314342,20.941008,4,0,1,Hải Phòng
5786,158,2435,105.465318,9.833731,4,0,1,Hậu Giang
5787,158,2435,105.348067,9.858361,4,0,1,Hậu Giang
5788,158,2435,105.344519,9.88301,4,0,1,Hậu Giang
5789,158,2436,105.203396,10.034059,4,0,1,Bến Tre
5790,158,2436,106.82679,10.053883,4,0,1,Bến Tre
5791,158,2437,105.348495,10.313645,4,0,1,An Giang
5792,158,2437,105.342488,10.343025,4,0,1,An Giang
5793,158,2438,105.341894,10.346931,4,0,1,Đồng Tháp
5794,158,2438,105.515182,10.608856,4,0,1,Đồng Tháp
5795,158,2439,107.240936,10.715268,1,50,1,Đồng Tháp
5796,158,2439,105.863473,10.717574,1,50,1,Đồng Tháp
5797,158,2440,105.675966,10.816678,1,60,1,TP. Hồ Chí Minh
5798,158,2440,106.339114,10.828935,1,60,1,TP. Hồ Chí Minh
5799,158,2441,107.388961,12.249759,1,50,1,Đắk Nông
5800,158,2441,107.696157,12.289979,1,50,1,Đắk Nông
5801,158,2442,109.004048,13.693241,4,0,1,Bình Định
5802,158,2442,109.049383,13.589804,4,0,1,Bình Định
5803,158,2442,109.207504,13.737773,4,0,1,Bình Định
5804,158,2442,109.124337,13.872953,4,0,1,Bình Định
5805,158,2443,109.124368,13.873011,2,0,1,Gia Lai
5806,158,2443,107.833651,13.971402,2,0,1,Gia Lai
5807,158,2444,109.050842,13.982249,4,0,1,Bình Định
5808,158,2444,109.068001,13.995514,4,0,1,Bình Định
5809,158,2444,109.065831,14.002673,4,0,1,Bình Định
5810,158,2445,105.536905,17.404075,2,0,1,Hà Tĩnh
5811,158,2445,105.505881,17.619581,2,0,1,Hà Tĩnh
5812,158,2446,106.580243,18.187201,4,0,1,Hà Tĩnh
5813,158,2446,106.523264,18.283875,4,0,1,Hà Tĩnh
5814,158,2447,106.586179,18.526119,1,70,1,Thanh Hóa
5815,158,2447,106.532024,19.204355,1,70,1,Thanh Hóa
5816,158,2448,106.777725,20.442212,2,0,1,Hòa Bình
5817,158,2448,105.359535,20.656811,2,0,1,Hòa Bình
5818,158,2449,106.594774,20.512065,1,50,1,Thái Bình
5819,158,2449,106.594289,20.514448,1,50,1,Thái Bình
5820,158,2450,106.918921,20.703202,4,0,1,Hòa Bình
5821,158,2450,105.249423,20.740342,4,0,1,Hòa Bình
5822,158,2451,105.130666,21.370787,4,0,1,Phú Thọ
5823,158,2451,105.127755,21.384869,4,0,1,Phú Thọ
5824,158,2452,102.525779,22.069854,2,0,1,Lai Châu
5825,158,2452,103.44749,22.246115,2,0,1,Lai Châu
5826,159,2453,105.146922,9.491593,2,0,1,Trà Vinh
5827,159,2453,106.468427,9.817369,2,0,1,Trà Vinh
5828,159,2454,105.685726,10.56366,4,0,1,Đồng Tháp
5829,159,2454,105.737612,10.706381,4,0,1,Đồng Tháp
5830,159,2455,105.691825,10.765582,4,0,1,Đồng Tháp
5831,159,2455,105.691436,10.76814,4,0,1,Đồng Tháp
5832,159,2456,107.244287,10.769673,4,0,1,Bình Thuận
5833,159,2456,108.104399,10.932092,4,0,1,Bình Thuận
5834,159,2457,105.536603,11.25729,1,70,1,Tây Ninh
5835,159,2457,105.534544,11.27208,1,70,1,Tây Ninh
5836,159,2458,108.192573,12.102223,2,0,1,Khánh Hòa
5837,159,2458,109.076827,12.153047,2,0,1,Khánh Hòa
5838,159,2458,109.197196,12.347467,2,0,1,Khánh Hòa
5839,159,2458,108.253894,12.9231,2,0,1,Khánh Hòa
5840,159,2459,109.064863,14.012595,4,0,1,Bình Định
5841,159,2459,108.784323,14.10962,4,0,1,Bình Định
5842,159,2460,109.083088,14.49317,1,60,1,Quảng Ngãi
5843,159,2460,108.66847,14.723076,1,60,1,Quảng Ngãi
5844,159,2461,107.000901,15.375756,1,60,1,Quảng Nam
5845,159,2461,107.521831,15.629036,1,60,1,Quảng Nam
5846,159,2462,105.864135,15.752054,1,80,1,Quảng Trị
5847,159,2462,105.864091,15.752299,1,80,1,Quảng Trị
5848,159,2463,106.781619,18.70003,4,0,1,Thái Bình
5849,159,2463,106.795075,19.555406,4,0,1,Thái Bình
5850,159,2463,106.796986,19.555995,4,0,1,Thái Bình
5851,159,2464,105.800081,21.108204,2,0,1,Phú Thọ
5852,159,2464,105.16773,21.119025,2,0,1,Phú Thọ
5853,159,2465,106.964861,21.278005,11,0,1,Hải Phòng
5854,159,2465,106.672092,21.305373,11,0,1,Hải Phòng
5855,159,2466,106.996927,21.307977,2,0,1,Phú Thọ
5856,159,2466,105.120049,21.370067,2,0,1,Phú Thọ
5857,159,2467,105.115906,21.388035,2,0,1,Bắc Giang
5858,159,2467,106.299553,21.393813,2,0,1,Bắc Giang
5859,159,2468,104.817901,21.635498,2,0,1,Lạng Sơn
5860,159,2468,107.106034,21.648388,2,0,1,Lạng Sơn
5861,159,2468,106.209113,21.582553,2,0,1,Lạng Sơn
5862,159,2469,103.077813,21.718686,1,60,1,Yên Bái
5863,159,2469,104.785648,21.750076,1,60,1,Yên Bái
5864,159,2470,104.742676,21.985584,1,80,1,Lao Cai
5865,159,2470,104.199615,22.312494,1,80,1,Lao Cai
5866,159,2471,103.97069,22.482114,4,0,1,Lao Cai
5867,159,2471,103.970366,22.483227,4,0,1,Lao Cai
5868,159,2471,103.957904,22.495085,4,0,1,Lao Cai
5869,160,2472,106.779751,9.867576,4,0,1,Trà Vinh
5870,160,2472,106.758766,9.877307,4,0,1,Trà Vinh
5871,160,2473,106.100653,10.025541,4,0,1,Trà Vinh
5872,160,2473,106.100383,10.025894,4,0,1,Trà Vinh
5873,160,2474,105.49248,10.346466,1,80,1,An Giang
5874,160,2474,104.010863,10.429196,1,80,1,An Giang
5875,160,2475,107.064283,10.523859,4,0,1,Long An
5876,160,2475,106.206663,10.530481,4,0,1,Long An
5877,160,2476,105.910007,10.874662,11,0,1,Tây Ninh
5878,160,2476,105.978761,10.947341,11,0,1,Tây Ninh
5879,160,2477,109.36688,12.949144,1,60,1,Phú Yên
5880,160,2477,109.364795,12.9611,1,60,1,Phú Yên
5881,160,2478,108.245736,12.964352,4,0,1,Phú Yên
5882,160,2478,109.285589,13.011219,4,0,1,Phú Yên
5883,160,2479,109.103593,13.890088,4,0,1,Bình Định
5884,160,2479,109.090853,13.921142,4,0,1,Bình Định
5885,160,2480,108.815484,16.099247,4,0,1,Đà Nẵng
5886,160,2480,108.750343,16.297494,4,0,1,Đà Nẵng
5887,160,2481,108.121363,15.12316,4,0,1,Quảng Nam
5888,160,2481,107.49832,15.539551,4,0,1,Quảng Nam
5889,160,2481,107.000905,15.831474,4,0,1,Quảng Nam
5890,160,2482,106.799103,18.350721,4,0,1,Hà Tĩnh
5891,160,2482,106.582534,18.453736,4,0,1,Hà Tĩnh
5892,160,2482,106.544685,18.5079,4,0,1,Hà Tĩnh
5893,160,2483,105.134294,20.569644,4,0,1,Hòa Bình
5894,160,2483,105.126907,20.579953,4,0,1,Hòa Bình
5895,160,2484,106.478701,20.71209,4,0,1,Hòa Bình
5896,160,2484,105.17911,20.728152,4,0,1,Hòa Bình
5897,160,2485,106.973317,20.92822,4,0,1,Hà Nội
5898,160,2485,105.997032,20.986117,4,0,1,Hà Nội
5899,160,2485,106.687764,21.041527,4,0,1,Hà Nội
5900,160,2486,106.386665,21.24427,2,0,1,Điện Biên
5901,160,2486,103.260181,21.264939,2,0,1,Điện Biên
5902,160,2487,106.503294,21.412754,2,0,1,Lạng Sơn
5903,160,2487,106.8524,21.439641,2,0,1,Lạng Sơn
5904,160,2488,103.429078,21.65901,1,80,1,Lạng Sơn
5905,160,2488,106.753541,21.708669,1,80,1,Lạng Sơn
5906,160,2488,103.079622,21.715107,1,80,1,Lạng Sơn
5907,160,2489,104.121149,21.823581,1,50,1,Thái Nguyên
5908,160,2489,106.145489,21.870437,1,50,1,Thái Nguyên
5909,160,2490,106.146518,21.871946,1,50,1,Thái Nguyên
5910,160,2490,106.144461,21.873998,1,50,1,Thái Nguyên
5911,160,2490,106.143463,21.876749,1,50,1,Thái Nguyên
5912,160,2490,106.142006,21.878279,1,50,1,Thái Nguyên
5913,160,2490,106.140974,21.88008,1,50,1,Thái Nguyên
5914,160,2490,106.139527,21.882453,1,50,1,Thái Nguyên
5915,160,2490,106.138634,21.884392,1,50,1,Thái Nguyên
5916,160,2491,105.599534,21.960059,4,0,1,Yên Bái
5917,160,2491,104.658095,21.970314,4,0,1,Yên Bái
5918,161,2492,106.660713,10.431428,4,0,1,Bà Rịa - Vũng Tàu
5919,161,2492,107.230901,10.478516,4,0,1,Bà Rịa - Vũng Tàu
5920,161,2493,105.965335,10.77336,4,0,1,Long An
5921,161,2493,105.96504,10.773895,4,0,1,Long An
5922,161,2493,106.362441,10.780821,4,0,1,Long An
5923,161,2493,106.36227,10.781051,4,0,1,Long An
5924,161,2493,105.960385,10.783547,4,0,1,Long An
5925,161,2494,107.844943,11.68757,2,0,1,Khánh Hòa
5926,161,2494,109.172066,12.303731,2,0,1,Khánh Hòa
5927,161,2495,109.24157,13.231208,4,0,1,Phú Yên
5928,161,2495,109.2194,13.27542,4,0,1,Phú Yên
5929,161,2496,109.210068,13.76268,4,0,1,Bình Định
5930,161,2496,109.161486,13.840305,4,0,1,Bình Định
5931,161,2497,108.909513,14.911534,4,0,1,Quảng Ngãi
5932,161,2497,108.895087,14.937015,4,0,1,Quảng Ngãi
5933,161,2498,107.694844,15.667933,1,60,1,Quảng Nam
5934,161,2498,107.230863,15.501351,1,60,1,Quảng Nam
5935,161,2499,105.053696,20.106479,1,80,1,Hòa Bình
5936,161,2499,105.080037,20.112575,1,80,1,Hòa Bình
5937,161,2500,106.872157,20.881687,4,0,1,Hải Phòng
5938,161,2500,106.979829,20.915441,4,0,1,Hải Phòng
5939,161,2500,106.969372,20.930599,4,0,1,Hải Phòng
5940,161,2501,106.868057,20.946014,4,0,1,Hải Phòng
5941,161,2501,106.965128,20.951588,4,0,1,Hải Phòng
5942,161,2501,106.961599,20.959868,4,0,1,Hải Phòng
5943,161,2502,105.172481,21.243964,4,0,1,Bắc Giang
5944,161,2502,106.444766,21.29498,4,0,1,Bắc Giang
5945,161,2502,105.151588,21.310355,4,0,1,Bắc Giang
5946,161,2503,105.131106,21.474425,4,0,1,Phú Thọ
5947,161,2503,105.362083,21.498087,4,0,1,Phú Thọ
5948,162,2504,105.328085,10.202915,11,0,1,Kiên Giang
5949,162,2504,103.958002,10.230539,11,0,1,Kiên Giang
5950,162,2505,105.828546,10.65079,1,80,1,Long An
5951,162,2505,106.4274,10.692485,1,80,1,Long An
5952,162,2506,105.82044,10.718181,1,60,1,Đồng Tháp
5953,162,2506,105.725728,10.804259,1,60,1,Đồng Tháp
5954,162,2507,107.233616,10.850267,1,80,1,Đồng Nai
5955,162,2507,107.572481,10.920233,1,80,1,Đồng Nai
5956,162,2508,107.049568,11.144129,1,50,1,Tây Ninh
5957,162,2508,105.682207,11.1681,1,50,1,Tây Ninh
5958,162,2508,105.451738,11.20872,1,50,1,Tây Ninh
5959,162,2509,109.075293,12.151224,1,60,1,Khánh Hòa
5960,162,2509,109.012164,12.286511,1,60,1,Khánh Hòa
5961,162,2509,109.23336,12.297154,1,60,1,Khánh Hòa
5962,162,2510,108.449853,13.404694,2,0,1,Phú Yên
5963,162,2510,109.202067,13.45267,2,0,1,Phú Yên
5964,162,2511,108.065511,13.981662,1,60,1,Bình Định
5965,162,2511,109.218995,14.063433,1,60,1,Bình Định
5966,162,2512,109.21811,14.066213,1,70,1,Kon Tum
5967,162,2512,107.991555,14.306504,1,70,1,Kon Tum
5968,162,2513,108.903907,14.922338,1,90,1,Đà Nẵng
5969,162,2513,108.744184,16.325649,1,90,1,Đà Nẵng
5970,162,2514,108.426428,16.656116,10,0,1,Đà Nẵng
5971,162,2514,108.663532,16.686154,10,0,1,Đà Nẵng
5972,162,2515,108.662278,16.687707,1,60,1,Đà Nẵng
5973,162,2515,108.342578,16.70303,1,60,1,Đà Nẵng
5974,162,2516,107.652964,15.400013,1,60,1,Quảng Trị
5975,162,2516,105.800504,15.541285,1,60,1,Quảng Trị
5976,162,2517,107.157628,15.757156,1,60,1,Quảng Trị
5977,162,2517,105.954539,15.913564,1,60,1,Quảng Trị
5978,162,2517,105.954505,15.913717,1,60,1,Quảng Trị
5979,162,2518,105.361409,20.409709,4,0,1,Hòa Bình
5980,162,2518,105.379091,20.410404,4,0,1,Hòa Bình
5981,162,2519,106.968885,21.030686,2,0,1,Hải Phòng
5982,162,2519,106.609133,21.141227,2,0,1,Hải Phòng
5983,162,2520,105.768623,21.835629,4,0,1,Thái Nguyên
5984,162,2520,105.776646,21.843715,4,0,1,Thái Nguyên
5985,162,2521,105.774277,21.845186,4,0,1,Thái Nguyên
5986,162,2521,105.772298,21.849921,4,0,1,Thái Nguyên
5987,163,2522,105.526706,8.724916,1,60,1,Bạc Liêu
5988,163,2522,104.929149,8.994165,1,60,1,Bạc Liêu
5989,163,2522,106.152634,9.149961,1,60,1,Bạc Liêu
5990,163,2522,106.43612,9.767988,1,60,1,Bạc Liêu
5991,163,2522,105.489379,9.771423,1,60,1,Bạc Liêu
5992,163,2523,105.322529,10.118728,4,0,1,Cần Thơ
5993,163,2523,105.706016,10.153273,4,0,1,Cần Thơ
5994,163,2523,105.704913,10.153444,4,0,1,Cần Thơ
5995,163,2524,107.326847,10.4515,4,0,1,Long An
5996,163,2524,106.493013,10.497564,4,0,1,Long An
5997,163,2525,106.212433,10.512957,4,0,1,Long An
5998,163,2525,106.212276,10.513234,4,0,1,Long An
5999,163,2526,105.559765,10.976183,1,70,1,Đồng Tháp
6000,163,2526,105.558151,10.978472,1,70,1,Đồng Tháp
6001,163,2527,105.266066,11.370674,1,80,1,Đắk Nông
6002,163,2527,107.883591,11.531845,1,80,1,Đắk Nông
6003,163,2528,108.41636,11.782335,4,0,1,Đắk Lắk
6004,163,2528,108.983566,12.279404,4,0,1,Đắk Lắk
6005,163,2528,108.243306,12.959706,4,0,1,Đắk Lắk
6006,163,2528,108.243219,12.959983,4,0,1,Đắk Lắk
6007,163,2529,109.278688,13.025339,4,0,1,Phú Yên
6008,163,2529,109.259628,13.044585,4,0,1,Phú Yên
6009,163,2530,108.26026,16.885671,11,0,1,Thừa Thiên Huế
6010,163,2530,108.248945,16.889174,11,0,1,Thừa Thiên Huế
6011,163,2531,108.227516,16.932492,4,0,1,Thừa Thiên Huế
6012,163,2531,108.222445,16.942892,4,0,1,Thừa Thiên Huế
6013,163,2531,108.222228,16.943315,4,0,1,Thừa Thiên Huế
6014,163,2531,108.178924,16.961122,4,0,1,Thừa Thiên Huế
6015,163,2532,107.677233,15.49432,4,0,1,Quảng Nam
6016,163,2532,107.62631,15.64241,4,0,1,Quảng Nam
6017,163,2533,105.440586,17.772639,4,0,1,Hà Tĩnh
6018,163,2533,106.832099,18.671702,4,0,1,Hà Tĩnh
6019,163,2534,106.704942,18.80668,1,60,1,Hà Tĩnh
6020,163,2534,106.662916,19.134087,1,60,1,Hà Tĩnh
6021,163,2535,105.305099,20.587532,4,0,1,Hải Phòng
6022,163,2535,106.893828,20.803133,4,0,1,Hải Phòng
6023,163,2536,106.988098,20.977372,4,0,1,Phú Thọ
6024,163,2536,105.090335,21.044192,4,0,1,Phú Thọ
6025,163,2537,107.351406,21.258026,1,50,1,Vĩnh Phúc
6026,163,2537,105.658837,21.271324,1,50,1,Vĩnh Phúc
6027,163,2538,106.463987,21.281467,4,0,1,Bắc Giang
6028,163,2538,106.392635,21.32478,4,0,1,Bắc Giang
6029,163,2538,106.377757,21.339658,4,0,1,Bắc Giang
6030,163,2539,104.690942,21.937022,1,60,1,Tuyên Quang
6031,163,2539,105.55396,21.986568,1,60,1,Tuyên Quang
6032,164,2540,105.58707,10.200707,4,0,1,Đồng Tháp
6033,164,2540,105.374401,10.247189,4,0,1,Đồng Tháp
6034,164,2541,105.012203,10.392016,1,60,1,Bà Rịa - Vũng Tàu
6035,164,2541,107.151654,10.415302,1,60,1,Bà Rịa - Vũng Tàu
6036,164,2542,105.544537,10.451784,4,0,1,Bà Rịa - Vũng Tàu
6037,164,2542,107.273208,10.471601,4,0,1,Bà Rịa - Vũng Tàu
6038,164,2542,107.259384,10.490177,4,0,1,Bà Rịa - Vũng Tàu
6039,164,2542,107.091081,10.610008,4,0,1,Bà Rịa - Vũng Tàu
6040,164,2543,105.551673,10.530642,11,0,1,Bà Rịa - Vũng Tàu
6041,164,2543,107.041259,10.548984,11,0,1,Bà Rịa - Vũng Tàu
6042,164,2543,107.037917,10.565438,11,0,1,Bà Rịa - Vũng Tàu
6043,164,2544,105.72366,10.856561,4,0,1,An Giang
6044,164,2544,105.27671,10.902676,4,0,1,An Giang
6045,164,2545,105.837163,11.049449,1,60,1,Tây Ninh
6046,164,2545,105.835093,11.061559,1,60,1,Tây Ninh
6047,164,2546,105.33432,11.077682,4,0,1,An Giang
6048,164,2546,105.334119,11.078002,4,0,1,An Giang
6049,164,2547,108.253371,16.88277,1,80,1,Thừa Thiên Huế
6050,164,2547,108.151068,16.907077,1,80,1,Thừa Thiên Huế
6051,164,2548,108.129965,15.109826,11,0,1,Thừa Thiên Huế
6052,164,2548,107.100504,15.82397,11,0,1,Thừa Thiên Huế
6053,164,2549,105.331008,20.467868,4,0,1,Thái Bình
6054,164,2549,106.346374,20.629094,4,0,1,Thái Bình
6055,164,2550,106.332592,20.749605,1,60,1,Hòa Bình
6056,164,2550,105.079278,20.760967,1,60,1,Hòa Bình
6057,164,2551,105.321472,20.816109,4,0,1,Hải Phòng
6058,164,2551,105.596089,20.838252,4,0,1,Hải Phòng
6059,164,2551,106.855969,20.894163,4,0,1,Hải Phòng
6060,164,2551,105.160399,20.914578,4,0,1,Hải Phòng
6061,164,2552,107.451857,21.213981,4,0,1,Phú Thọ
6062,164,2552,105.130741,21.240279,4,0,1,Phú Thọ
6063,164,2553,106.394331,21.335733,11,0,1,Bắc Giang
6064,164,2553,106.298813,21.371914,11,0,1,Bắc Giang
6065,164,2554,106.095625,21.464394,4,0,1,Lạng Sơn
6066,164,2554,106.825485,21.690859,4,0,1,Lạng Sơn
6067,164,2554,104.858836,21.592777,4,0,1,Lạng Sơn
6068,164,2555,104.941866,21.740729,4,0,1,Lạng Sơn
6069,164,2555,106.696173,22.16745,4,0,1,Lạng Sơn
6070,165,2556,106.832899,10.64625,4,0,1,Đồng Tháp
6071,165,2556,105.418258,10.65518,4,0,1,Đồng Tháp
6072,165,2556,106.262254,10.688876,4,0,1,Đồng Tháp
6073,165,2557,105.671237,10.995172,4,0,1,An Giang
6074,165,2557,105.18978,11.077074,4,0,1,An Giang
6075,165,2558,105.541978,11.08486,1,50,1,Tây Ninh
6076,165,2558,105.762637,11.303151,1,50,1,Tây Ninh
6077,165,2559,105.699968,11.813945,4,0,1,Tây Ninh
6078,165,2559,105.699191,11.816745,4,0,1,Tây Ninh
6079,165,2559,108.488763,11.99147,4,0,1,Tây Ninh
6080,165,2560,108.02732,14.379398,1,80,1,Bình Định
6081,165,2560,108.951729,14.383992,1,80,1,Bình Định
6082,165,2561,105.247768,18.08114,4,0,1,Hà Tĩnh
6083,165,2561,106.502927,18.769825,4,0,1,Hà Tĩnh
6084,165,2561,106.691615,18.794661,4,0,1,Hà Tĩnh
6085,165,2562,106.789175,19.58072,4,0,1,Thái Bình
6086,165,2562,106.802724,19.800744,4,0,1,Thái Bình
6087,165,2563,105.075395,20.76769,1,50,1,Hòa Bình
6088,165,2563,105.070988,20.770186,1,50,1,Hòa Bình
6089,165,2564,105.541929,20.926926,2,0,1,Hòa Bình
6090,165,2564,105.518477,20.968058,2,0,1,Hòa Bình
6091,165,2564,106.579929,20.959795,2,0,1,Hòa Bình
6092,165,2565,102.927243,21.837175,1,80,1,Tuyên Quang
6093,165,2565,105.646225,22.155426,1,80,1,Tuyên Quang
6094,166,2566,105.520397,8.597149,1,60,1,Cà Mau
6095,166,2566,105.530531,8.720264,1,60,1,Cà Mau
6096,166,2566,106.442219,9.267593,1,60,1,Cà Mau
6097,166,2567,106.024955,10.055372,1,80,1,Bến Tre
6098,166,2567,106.638689,10.058435,1,80,1,Bến Tre
6099,166,2568,106.419258,10.408058,4,0,1,An Giang
6100,166,2568,105.242138,10.429919,4,0,1,An Giang
6101,166,2569,105.568072,10.53787,4,0,1,Bà Rịa - Vũng Tàu
6102,166,2569,107.046162,10.540628,4,0,1,Bà Rịa - Vũng Tàu
6103,166,2569,107.044932,10.541017,4,0,1,Bà Rịa - Vũng Tàu
6104,166,2570,105.882802,10.920166,4,0,1,An Giang
6105,166,2570,105.253789,10.928619,4,0,1,An Giang
6106,166,2571,105.189936,11.07573,4,0,1,An Giang
6107,166,2571,105.11301,11.180475,4,0,1,An Giang
6108,166,2572,105.691094,11.842975,4,0,1,Khánh Hòa
6109,166,2572,109.075968,11.948805,4,0,1,Khánh Hòa
6110,166,2572,108.975541,12.293621,4,0,1,Khánh Hòa
6111,166,2573,109.226239,13.536869,1,80,1,Bình Định
6112,166,2573,108.637753,13.799615,1,80,1,Bình Định
6113,166,2573,109.047668,13.94224,1,80,1,Bình Định
6114,166,2573,107.851514,14.068293,1,80,1,Bình Định
6115,166,2574,109.036183,14.229566,2,0,1,Kon Tum
6116,166,2574,107.954872,14.355384,2,0,1,Kon Tum
6117,166,2574,107.790896,14.424185,2,0,1,Kon Tum
6118,166,2575,108.328307,16.771697,4,0,1,Đà Nẵng
6119,166,2575,108.328115,16.772031,4,0,1,Đà Nẵng
6120,166,2575,108.385841,16.838477,4,0,1,Đà Nẵng
6121,166,2576,108.242789,15.038452,11,0,1,Quảng Nam
6122,166,2576,108.136776,15.099227,11,0,1,Quảng Nam
6123,166,2577,107.613009,15.671225,4,0,1,Hà Tĩnh
6124,166,2577,105.689586,17.602396,4,0,1,Hà Tĩnh
6125,166,2577,105.688969,17.603923,4,0,1,Hà Tĩnh
6126,166,2578,105.688999,17.603989,1,50,1,Hà Tĩnh
6127,166,2578,105.443667,17.755496,1,50,1,Hà Tĩnh
6128,166,2579,106.523636,19.164886,4,0,1,Thái Bình
6129,166,2579,106.750794,19.808622,4,0,1,Thái Bình
6130,166,2580,106.959489,20.251778,11,0,1,Hải Phòng
6131,166,2580,106.957546,20.256805,11,0,1,Hải Phòng
6132,166,2580,106.954302,20.273682,11,0,1,Hải Phòng
6133,166,2581,106.962723,20.299318,4,0,1,Hòa Bình
6134,166,2581,105.255258,20.32082,4,0,1,Hòa Bình
6135,166,2582,105.377805,20.749989,1,50,1,Hòa Bình
6136,166,2582,105.077695,20.764674,1,50,1,Hòa Bình
6137,166,2583,105.596006,20.838405,11,0,1,Hòa Bình
6138,166,2583,105.594248,20.840061,11,0,1,Hòa Bình
6139,166,2584,105.501348,20.881541,4,0,1,Quảng Ninh
6140,166,2584,107.12432,20.943987,4,0,1,Quảng Ninh
6141,166,2585,105.125187,21.249887,4,0,1,Phú Thọ
6142,166,2585,105.157354,21.261489,4,0,1,Phú Thọ
6143,167,2586,104.772895,8.697869,4,0,1,Cà Mau
6144,167,2586,104.952728,8.737915,4,0,1,Cà Mau
6145,167,2587,106.977649,9.811363,1,80,1,Trà Vinh
6146,167,2587,106.230113,10.033473,1,80,1,Trà Vinh
6147,167,2588,105.081111,10.629921,1,60,1,An Giang
6148,167,2588,105.052021,10.675983,1,60,1,An Giang
6149,167,2589,105.824956,10.685905,1,50,1,Long An
6150,167,2589,106.411745,10.526708,1,50,1,Long An
6151,167,2590,107.853842,11.409834,4,0,1,Ninh Thuận
6152,167,2590,108.877522,11.543113,4,0,1,Ninh Thuận
6153,167,2591,109.11685,12.069559,4,0,1,Khánh Hòa
6154,167,2591,109.028493,12.236169,4,0,1,Khánh Hòa
6155,167,2591,109.023676,12.247038,4,0,1,Khánh Hòa
6156,167,2592,108.962698,14.819214,4,0,1,Đà Nẵng
6157,167,2592,108.862987,16.037977,4,0,1,Đà Nẵng
6158,167,2593,108.161255,15.059642,11,0,1,Quảng Nam
6159,167,2593,108.160301,15.071848,11,0,1,Quảng Nam
6160,167,2594,107.614055,15.658889,4,0,1,Quảng Nam
6161,167,2594,107.613883,15.659265,4,0,1,Quảng Nam
6162,167,2594,107.61379,15.659652,4,0,1,Quảng Nam
6163,167,2595,106.566864,18.628331,4,0,1,Hà Tĩnh
6164,167,2595,106.566065,18.76319,4,0,1,Hà Tĩnh
6165,167,2596,105.203573,20.088827,1,50,1,Thanh Hóa
6166,167,2596,105.199447,20.098426,1,50,1,Thanh Hóa
6167,167,2597,105.076156,20.181411,1,90,1,Hòa Bình
6168,167,2597,105.169086,20.22433,1,90,1,Hòa Bình
6169,167,2597,106.962831,20.238075,1,90,1,Hòa Bình
6170,167,2598,106.993716,20.621102,1,80,1,Hòa Bình
6171,167,2598,105.033308,20.69645,1,80,1,Hòa Bình
6172,167,2599,105.519718,20.846753,11,0,1,Hòa Bình
6173,167,2599,105.543293,20.922533,11,0,1,Hòa Bình
6174,167,2600,105.659154,21.270562,1,60,1,Bắc Giang
6175,167,2600,106.146958,21.406716,1,60,1,Bắc Giang
6176,167,2601,107.05579,21.683819,1,50,1,Lạng Sơn
6177,167,2601,106.786109,21.545862,1,50,1,Lạng Sơn
6178,167,2602,103.974279,22.472484,4,0,1,Lao Cai
6179,167,2602,103.972191,22.477738,4,0,1,Lao Cai
6180,168,2603,105.252182,9.575606,4,0,1,Kiên Giang
6181,168,2603,105.194256,9.827419,4,0,1,Kiên Giang
6182,168,2604,105.385295,10.365891,2,0,1,Long An
6183,168,2604,106.340252,10.476027,2,0,1,Long An
6184,168,2604,105.093633,10.499571,2,0,1,Long An
6185,168,2605,105.946983,10.793031,4,0,1,Đồng Tháp
6186,168,2605,105.76285,10.804922,4,0,1,Đồng Tháp
6187,168,2606,105.740957,11.15174,1,50,1,Bình Thuận
6188,168,2606,108.651896,11.183578,1,50,1,Bình Thuận
6189,168,2607,105.51522,11.676708,4,0,1,Tây Ninh
6190,168,2607,105.507372,11.542628,4,0,1,Tây Ninh
6191,168,2608,109.108836,12.075785,4,0,1,Khánh Hòa
6192,168,2608,109.062691,12.185647,4,0,1,Khánh Hòa
6193,168,2609,108.959137,12.312686,4,0,1,Khánh Hòa
6194,168,2609,108.951514,12.328523,4,0,1,Khánh Hòa
6195,168,2610,108.418118,13.437761,4,0,1,Bình Định
6196,168,2610,109.020017,13.661567,4,0,1,Bình Định
6197,168,2611,108.802457,16.125667,11,0,1,Đà Nẵng
6198,168,2611,108.372928,16.873148,11,0,1,Đà Nẵng
6199,168,2612,105.800946,15.540481,1,60,1,Quảng Nam
6200,168,2612,107.334447,15.576563,1,60,1,Quảng Nam
6201,168,2613,106.568299,19.49905,4,0,1,Thái Bình
6202,168,2613,106.389477,20.052906,4,0,1,Thái Bình
6203,168,2614,105.198882,20.099857,1,80,1,Hòa Bình
6204,168,2614,105.157135,20.19499,1,80,1,Hòa Bình
6205,168,2614,105.01212,20.290564,1,80,1,Hòa Bình
6206,168,2615,105.346414,20.421616,2,0,1,Hòa Bình
6207,168,2615,105.065982,20.748263,2,0,1,Hòa Bình
6208,168,2616,105.408088,20.901245,2,0,1,Hòa Bình
6209,168,2616,105.175635,20.94045,2,0,1,Hòa Bình
6210,168,2616,105.081167,21.08135,2,0,1,Hòa Bình
6211,168,2617,107.467886,21.271454,4,0,1,Sơn La
6212,168,2617,103.85953,21.329935,4,0,1,Sơn La
6213,168,2618,106.238038,21.414313,1,80,1,Bắc Giang
6214,168,2618,106.112416,21.535246,1,80,1,Bắc Giang
6215,168,2619,104.841735,21.8803,1,60,1,Tuyên Quang
6216,168,2619,105.564616,21.902801,1,60,1,Tuyên Quang
6217,168,2620,106.830682,22.133295,4,0,1,Lao Cai
6218,168,2620,103.767148,22.159538,4,0,1,Lao Cai
6219,168,2621,103.42159,22.415997,4,0,1,Lao Cai
6220,168,2621,104.009963,22.431943,4,0,1,Lao Cai
6221,168,2621,103.972999,22.476751,4,0,1,Lao Cai
6222,168,2622,104.088591,22.499441,1,80,1,Hà Giang
6223,168,2622,105.18509,22.702909,1,80,1,Hà Giang
6224,169,2623,105.318994,10.125399,4,0,1,Kiên Giang
6225,169,2623,105.274228,10.186904,4,0,1,Kiên Giang
6226,169,2623,105.369177,10.232882,4,0,1,Kiên Giang
6227,169,2624,106.910429,10.275143,4,0,1,Bà Rịa - Vũng Tàu
6228,169,2624,106.909468,10.278743,4,0,1,Bà Rịa - Vũng Tàu
6229,169,2625,106.624213,10.398813,1,80,1,An Giang
6230,169,2625,105.190178,10.414526,1,80,1,An Giang
6231,169,2626,107.711961,10.747539,4,0,1,Long An
6232,169,2626,106.095405,10.793168,4,0,1,Long An
6233,169,2627,105.830461,11.032313,1,60,1,Tây Ninh
6234,169,2627,105.448723,11.151269,1,60,1,Tây Ninh
6235,169,2627,105.722687,11.277909,1,60,1,Tây Ninh
6236,169,2628,107.481008,11.60615,4,0,1,An Giang
6237,169,2628,105.004769,11.643315,4,0,1,An Giang
6238,169,2629,106.571741,18.498154,4,0,1,Hà Tĩnh
6239,169,2629,106.561348,18.687231,4,0,1,Hà Tĩnh
6240,169,2630,106.594894,19.396222,4,0,1,Thanh Hóa
6241,169,2630,106.56959,19.496618,4,0,1,Thanh Hóa
6242,169,2630,106.751124,19.807728,4,0,1,Thanh Hóa
6243,169,2631,106.580808,19.91589,2,0,1,Hòa Bình
6244,169,2631,105.262702,20.334879,2,0,1,Hòa Bình
6245,169,2632,105.30255,20.59465,4,0,1,Hải Phòng
6246,169,2632,106.977337,20.744365,4,0,1,Hải Phòng
6247,169,2633,105.627905,21.079207,1,80,1,Hải Phòng
6248,169,2633,106.585657,21.105529,1,80,1,Hải Phòng
6249,169,2634,104.582107,21.887241,2,0,1,Yên Bái
6250,169,2634,104.593277,21.889038,2,0,1,Yên Bái
6251,169,2635,105.461518,22.337351,1,60,1,Lao Cai
6252,169,2635,104.454976,22.389425,1,60,1,Lao Cai
6253,170,2636,105.605226,10.148547,4,0,1,Kiên Giang
6254,170,2636,103.979062,10.162563,4,0,1,Kiên Giang
6255,170,2636,103.977963,10.150035,4,0,1,Kiên Giang
6256,170,2636,105.348863,10.311376,4,0,1,Kiên Giang
6257,170,2636,107.220965,10.427428,4,0,1,Kiên Giang
6258,170,2637,105.691938,10.766923,4,0,1,Đồng Tháp
6259,170,2637,105.690993,10.751297,4,0,1,Đồng Tháp
6260,170,2638,107.40345,10.949792,1,50,1,TP. Hồ Chí Minh
6261,170,2638,106.63974,10.962137,1,50,1,TP. Hồ Chí Minh
6262,170,2639,105.676228,11.176115,1,50,1,Tây Ninh
6263,170,2639,105.674954,11.175565,1,50,1,Tây Ninh
6264,170,2640,105.344169,11.303313,1,60,1,Tây Ninh
6265,170,2640,105.657072,11.323801,1,60,1,Tây Ninh
6266,170,2641,105.170971,11.470643,4,0,1,Tây Ninh
6267,170,2641,105.509618,11.530867,4,0,1,Tây Ninh
6268,170,2642,107.197569,11.557033,2,0,1,Tây Ninh
6269,170,2642,105.901692,11.572603,2,0,1,Tây Ninh
6270,170,2643,107.786151,12.080238,1,80,1,Đắk Nông
6271,170,2643,107.395366,12.264224,1,80,1,Đắk Nông
6272,170,2644,106.553297,19.474416,4,0,1,Thanh Hóa
6273,170,2644,106.576902,19.525388,4,0,1,Thanh Hóa
6274,170,2644,106.787306,19.587865,4,0,1,Thanh Hóa
6275,170,2645,106.850225,20.911562,1,50,1,Hòa Bình
6276,170,2645,105.293776,20.919411,1,50,1,Hòa Bình
6277,170,2645,105.292227,20.92859,1,50,1,Hòa Bình
6278,170,2645,105.291706,20.931813,1,50,1,Hòa Bình
6279,170,2646,106.29339,21.108938,1,50,1,Bắc Ninh
6280,170,2646,105.884616,21.294089,1,50,1,Bắc Ninh
6281,171,2647,106.820956,10.074368,2,0,1,Kiên Giang
6282,171,2647,105.331762,10.142845,2,0,1,Kiên Giang
6283,171,2648,103.972474,10.22353,11,0,1,Bà Rịa - Vũng Tàu
6284,171,2648,107.219028,10.416825,11,0,1,Bà Rịa - Vũng Tàu
6285,171,2649,105.730325,10.737803,11,0,1,Đồng Tháp
6286,171,2649,105.729411,10.743864,11,0,1,Đồng Tháp
6287,171,2650,105.679211,10.813353,1,60,1,An Giang
6288,171,2650,105.407072,10.898198,1,60,1,An Giang
6289,171,2651,105.804796,10.934056,4,0,1,Đồng Nai
6290,171,2651,107.403359,10.960235,4,0,1,Đồng Nai
6291,171,2652,107.174683,11.030056,4,0,1,Đồng Nai
6292,171,2652,107.17381,11.036159,4,0,1,Đồng Nai
6293,171,2652,107.173351,11.0377,4,0,1,Đồng Nai
6294,171,2653,105.901942,11.570134,4,0,1,Lâm Đồng
6295,171,2653,108.137654,12.181141,4,0,1,Lâm Đồng
6296,171,2654,109.007983,12.293522,1,60,1,Khánh Hòa
6297,171,2654,109.197263,12.347088,1,60,1,Khánh Hòa
6298,171,2655,108.997618,13.519628,4,0,1,Bình Định
6299,171,2655,109.244777,13.999768,4,0,1,Bình Định
6300,171,2656,106.730998,18.65419,4,0,1,Hà Tĩnh
6301,171,2656,106.567423,18.659193,4,0,1,Hà Tĩnh
6302,171,2656,106.567382,18.659474,4,0,1,Hà Tĩnh
6303,171,2657,106.527966,18.59558,1,60,1,Hà Tĩnh
6304,171,2657,106.527607,18.599507,1,60,1,Hà Tĩnh
6305,171,2658,106.686617,18.811281,4,0,1,Hà Tĩnh
6306,171,2658,106.683322,18.829566,4,0,1,Hà Tĩnh
6307,171,2659,106.669298,18.994104,4,0,1,Thái Bình
6308,171,2659,106.781015,19.734976,4,0,1,Thái Bình
6309,171,2659,106.78077,19.735744,4,0,1,Thái Bình
6310,171,2660,106.777842,19.76785,11,0,1,Thái Bình
6311,171,2660,106.776282,19.774139,11,0,1,Thái Bình
6312,171,2661,106.501269,19.861173,4,0,1,Nghệ An
6313,171,2661,105.07495,19.952626,4,0,1,Nghệ An
6314,171,2662,105.192746,20.384766,1,50,1,Hòa Bình
6315,171,2662,105.203258,20.41969,1,50,1,Hòa Bình
6316,171,2662,105.108822,20.426728,1,50,1,Hòa Bình
6317,171,2663,105.761886,20.80453,4,0,1,Hải Phòng
6318,171,2663,106.889299,20.819625,4,0,1,Hải Phòng
6319,171,2664,105.765223,21.868629,4,0,1,Thái Nguyên
6320,171,2664,105.765196,21.868747,4,0,1,Thái Nguyên
6321,171,2665,104.967213,21.937496,2,0,1,Lao Cai
6322,171,2665,104.312593,22.030429,2,0,1,Lao Cai
6323,171,2666,104.111604,22.346689,2,0,1,Lao Cai
6324,171,2666,104.143439,22.563927,2,0,1,Lao Cai
6325,172,2667,106.979842,9.328778,4,0,1,Trà Vinh
6326,172,2667,106.7175,9.328834,4,0,1,Trà Vinh
6327,172,2668,105.331383,10.146464,4,0,1,Kiên Giang
6328,172,2668,105.330706,10.160737,4,0,1,Kiên Giang
6329,172,2668,106.892007,10.306772,4,0,1,Kiên Giang
6330,172,2669,107.23528,10.842806,2,0,1,Bình Thuận
6331,172,2669,108.129382,10.935583,2,0,1,Bình Thuận
6332,172,2669,105.780152,10.952488,2,0,1,Bình Thuận
6333,172,2670,109.074358,11.750939,4,0,1,Tây Ninh
6334,172,2670,105.694427,11.828465,4,0,1,Tây Ninh
6335,172,2670,109.195735,12.238527,4,0,1,Tây Ninh
6336,172,2671,107.416683,12.241203,1,50,1,Đắk Lắk
6337,172,2671,108.217556,12.968708,1,50,1,Đắk Lắk
6338,172,2672,109.242277,13.386954,4,0,1,Bình Định
6339,172,2672,109.208857,13.713652,4,0,1,Bình Định
6340,172,2673,109.11875,13.906339,1,60,1,Gia Lai
6341,172,2673,107.939877,13.906838,1,60,1,Gia Lai
6342,172,2674,106.433895,18.481669,4,0,1,Hà Tĩnh
6343,172,2674,106.443891,18.678637,4,0,1,Hà Tĩnh
6344,172,2675,106.561278,18.86269,1,90,1,Hà Tĩnh
6345,172,2675,106.502348,18.964754,1,90,1,Hà Tĩnh
6346,172,2676,106.793364,19.602631,4,0,1,Hải Phòng
6347,172,2676,106.982179,20.36244,4,0,1,Hải Phòng
6348,172,2677,106.918109,20.600471,1,60,1,Hải Phòng
6349,172,2677,106.99214,20.6236,1,60,1,Hải Phòng
6350,172,2678,106.533647,21.081581,1,80,1,Bắc Giang
6351,172,2678,106.300532,21.175369,1,80,1,Bắc Giang
6352,172,2679,105.030972,21.235053,2,0,1,Hải Phòng
6353,172,2679,106.640253,21.279873,2,0,1,Hải Phòng
6354,172,2680,106.378735,21.567376,4,0,1,Yên Bái
6355,172,2680,104.870047,21.599838,4,0,1,Yên Bái
6356,173,2681,106.677808,10.073992,1,80,1,Bến Tre
6357,173,2681,106.677801,10.074023,1,80,1,Bến Tre
6358,173,2682,105.246497,10.357961,4,0,1,Bà Rịa - Vũng Tàu
6359,173,2682,107.071377,10.374169,4,0,1,Bà Rịa - Vũng Tàu
6360,173,2683,107.247508,10.580754,11,0,1,Bà Rịa - Vũng Tàu
6361,173,2683,107.246899,10.596119,11,0,1,Bà Rịa - Vũng Tàu
6362,173,2684,105.174005,11.130781,2,0,1,Tây Ninh
6363,173,2684,105.737556,11.170179,2,0,1,Tây Ninh
6364,173,2685,107.575131,13.822304,1,80,1,Gia Lai
6365,173,2685,107.9403,13.902639,1,80,1,Gia Lai
6366,173,2686,106.77802,19.765631,2,0,1,Nghệ An
6367,173,2686,104.957271,20.04444,2,0,1,Nghệ An
6368,173,2687,105.110637,20.41217,1,50,1,Hòa Bình
6369,173,2687,105.107863,20.433599,1,50,1,Hòa Bình
6370,173,2688,105.223754,21.373736,2,0,1,Bắc Giang
6371,173,2688,106.457927,21.427359,2,0,1,Bắc Giang
6372,173,2689,104.831455,21.494061,2,0,1,Yên Bái
6373,173,2689,104.756783,22.121831,2,0,1,Yên Bái
6374,173,2690,104.338152,22.157773,1,60,1,Tuyên Quang
6375,173,2690,105.45007,22.307734,1,60,1,Tuyên Quang
6376,174,2691,107.25314,10.992688,1,60,1,Đồng Nai
6377,174,2691,107.183301,11.04242,1,60,1,Đồng Nai
6378,174,2692,105.512373,11.14076,1,60,1,An Giang
6379,174,2692,105.105389,11.293393,1,60,1,An Giang
6380,174,2693,108.954733,12.382613,4,0,1,Đắk Lắk
6381,174,2693,108.158772,12.653028,4,0,1,Đắk Lắk
6382,174,2694,108.922459,13.912333,4,0,1,Bình Định
6383,174,2694,109.207814,14.136661,4,0,1,Bình Định
6384,174,2695,108.872451,16.252998,1,50,1,Thừa Thiên Huế
6385,174,2695,107.953026,16.559127,1,50,1,Thừa Thiên Huế
6386,174,2696,108.121534,16.849202,4,0,1,Thừa Thiên Huế
6387,174,2696,108.176393,16.924773,4,0,1,Thừa Thiên Huế
6388,174,2697,108.151665,16.97833,1,80,1,Quảng Nam
6389,174,2697,107.53205,15.381426,1,80,1,Quảng Nam
6390,174,2698,106.56425,18.634739,1,60,1,Hà Tĩnh
6391,174,2698,106.564212,18.636345,1,60,1,Hà Tĩnh
6392,174,2699,106.935411,20.572314,4,0,1,Hải Dương
6393,174,2699,106.345251,20.875447,4,0,1,Hải Dương
6394,174,2700,106.768353,20.924317,2,0,1,Hòa Bình
6395,174,2700,105.157571,20.969208,2,0,1,Hòa Bình
6396,174,2701,106.295098,21.342208,2,0,1,Quảng Ninh
6397,174,2701,107.752635,21.454503,2,0,1,Quảng Ninh
6398,174,2702,107.992499,21.637865,4,0,1,Tuyên Quang
6399,174,2702,105.352741,21.966923,4,0,1,Tuyên Quang
6400,174,2702,105.456766,22.256041,4,0,1,Tuyên Quang
6401,175,2703,106.82125,9.532946,4,0,1,Kiên Giang
6402,175,2703,105.154916,10.153316,4,0,1,Kiên Giang
6403,175,2704,106.61786,10.283694,1,80,1,An Giang
6404,175,2704,105.245734,10.3658,1,80,1,An Giang
6405,175,2705,106.464528,10.396038,4,0,1,Đồng Tháp
6406,175,2705,105.614502,10.468084,4,0,1,Đồng Tháp
6407,175,2705,105.423084,10.601558,4,0,1,Đồng Tháp
6408,175,2705,106.319495,10.612268,4,0,1,Đồng Tháp
6409,175,2706,108.928646,10.630702,2,0,1,Bà Rịa - Vũng Tàu
6410,175,2706,107.273938,10.663426,2,0,1,Bà Rịa - Vũng Tàu
6411,175,2707,105.688094,10.544281,4,0,1,Bà Rịa - Vũng Tàu
6412,175,2707,105.735922,10.713692,4,0,1,Bà Rịa - Vũng Tàu
6413,175,2707,107.404254,10.761823,4,0,1,Bà Rịa - Vũng Tàu
6414,175,2707,105.923376,10.767704,4,0,1,Bà Rịa - Vũng Tàu
6415,175,2708,105.120196,11.26567,11,0,1,An Giang
6416,175,2708,105.07571,11.316488,11,0,1,An Giang
6417,175,2709,109.187815,12.084484,4,0,1,Khánh Hòa
6418,175,2709,109.216281,12.20478,4,0,1,Khánh Hòa
6419,175,2709,109.195488,12.240838,4,0,1,Khánh Hòa
6420,175,2709,109.189129,12.269146,4,0,1,Khánh Hòa
6421,175,2710,108.158887,12.650883,4,0,1,Đắk Lắk
6422,175,2710,108.158902,12.651497,4,0,1,Đắk Lắk
6423,175,2711,107.708977,13.897932,1,80,1,Bình Định
6424,175,2711,109.002506,13.960275,1,80,1,Bình Định
6425,175,2712,107.943065,14.803184,4,0,1,Quảng Ngãi
6426,175,2712,108.895283,14.879607,4,0,1,Quảng Ngãi
6427,175,2712,107.736811,16.088379,4,0,1,Quảng Ngãi
6428,175,2713,108.801406,16.133797,4,0,1,Đà Nẵng
6429,175,2713,108.749341,16.225194,4,0,1,Đà Nẵng
6430,175,2713,108.153785,16.895053,4,0,1,Đà Nẵng
6431,175,2714,106.775248,19.801416,4,0,1,Thái Bình
6432,175,2714,106.623245,19.925091,4,0,1,Thái Bình
6433,175,2715,106.976167,20.684426,4,0,1,Hải Phòng
6434,175,2715,106.917886,20.723396,4,0,1,Hải Phòng
6435,175,2716,105.275926,20.741748,1,60,1,Hải Phòng
6436,175,2716,106.818454,20.761371,1,60,1,Hải Phòng
6437,175,2717,105.295095,21.466941,1,80,1,Bắc Giang
6438,175,2717,106.19301,21.666244,1,80,1,Bắc Giang
6439,175,2718,104.191515,22.324764,2,0,1,Lao Cai
6440,175,2718,103.75255,22.640066,2,0,1,Lao Cai
6441,175,2718,106.410608,23.189743,2,0,1,Lao Cai
6442,176,2719,105.325103,10.35548,1,60,1,An Giang
6443,176,2719,105.190638,10.466131,1,60,1,An Giang
6444,176,2720,105.422508,10.605948,4,0,1,Đồng Tháp
6445,176,2720,105.422508,10.605948,4,0,1,Đồng Tháp
6446,176,2721,105.560424,10.578579,11,0,1,Đồng Tháp
6447,176,2721,105.713349,10.921371,11,0,1,Đồng Tháp
6448,176,2722,109.087811,11.862633,4,0,1,Đắk Nông
6449,176,2722,107.586338,12.042027,4,0,1,Đắk Nông
6450,176,2723,108.75637,12.716275,4,0,1,Đắk Lắk
6451,176,2723,108.265161,12.850964,4,0,1,Đắk Lắk
6452,176,2724,107.932847,14.476837,4,0,1,Bình Định
6453,176,2724,109.063779,14.50184,4,0,1,Bình Định
6454,176,2725,107.764323,16.355735,1,60,1,Đà Nẵng
6455,176,2725,108.784087,16.359371,1,60,1,Đà Nẵng
6456,176,2726,106.724594,18.613268,2,0,1,Hà Tĩnh
6457,176,2726,106.530736,18.550067,2,0,1,Hà Tĩnh
6458,176,2726,106.605945,19.013089,2,0,1,Hà Tĩnh
6459,176,2727,106.945183,20.405297,4,0,1,Hải Phòng
6460,176,2727,106.91832,20.420626,4,0,1,Hải Phòng
6461,176,2728,106.592774,21.333946,2,0,1,Quảng Ninh
6462,176,2728,107.401202,21.336503,2,0,1,Quảng Ninh
6463,176,2728,106.146313,21.393457,2,0,1,Quảng Ninh
6464,177,2729,106.947321,9.657338,4,0,1,Tiền Giang
6465,177,2729,106.727892,10.319676,4,0,1,Tiền Giang
6466,177,2729,106.546319,10.390642,4,0,1,Tiền Giang
6467,177,2729,106.546133,10.394533,4,0,1,Tiền Giang
6468,177,2729,106.546116,10.39653,4,0,1,Tiền Giang
6469,177,2730,105.297702,10.455143,1,60,1,An Giang
6470,177,2730,105.297282,10.475807,1,60,1,An Giang
6471,177,2731,106.955648,10.488028,1,80,1,Long An
6472,177,2731,106.565582,10.60269,1,80,1,Long An
6473,177,2732,105.48374,10.990118,1,60,1,Đồng Nai
6474,177,2732,107.186895,11.028914,1,60,1,Đồng Nai
6475,177,2733,107.487599,11.43586,4,0,1,Tây Ninh
6476,177,2733,105.516006,11.472053,4,0,1,Tây Ninh
6477,177,2733,107.83736,11.48383,4,0,1,Tây Ninh
6478,177,2734,108.953068,12.399865,4,0,1,Đắk Lắk
6479,177,2734,108.159331,12.662279,4,0,1,Đắk Lắk
6480,177,2735,109.031568,14.72589,1,90,1,Quảng Ngãi
6481,177,2735,108.89684,14.854563,1,90,1,Quảng Ngãi
6482,177,2736,106.651811,18.976867,4,0,1,Hà Tĩnh
6483,177,2736,106.500557,18.97724,4,0,1,Hà Tĩnh
6484,177,2737,106.724132,19.299965,1,90,1,Thanh Hóa
6485,177,2737,106.594906,19.36582,1,90,1,Thanh Hóa
6486,177,2738,106.552563,19.963241,4,0,1,Thái Bình
6487,177,2738,106.552637,19.96677,4,0,1,Thái Bình
6488,177,2738,106.811417,20.089571,4,0,1,Thái Bình
6489,177,2739,105.327739,20.328387,11,0,1,Hòa Bình
6490,177,2739,105.180018,20.387198,11,0,1,Hòa Bình
6491,177,2740,105.581266,20.888157,2,0,1,Hà Nội
6492,177,2740,105.572656,20.981715,2,0,1,Hà Nội
6493,177,2740,106.540929,21.000393,2,0,1,Hà Nội
6494,177,2741,106.235972,21.044725,2,0,1,Hòa Bình
6495,177,2741,105.303178,21.051804,2,0,1,Hòa Bình
6496,177,2741,105.394762,21.120507,2,0,1,Hòa Bình
6497,177,2742,106.381936,21.225854,1,50,1,Hải Phòng
6498,177,2742,106.848867,21.246084,1,50,1,Hải Phòng
6499,177,2743,106.250537,21.287633,1,60,1,Phú Thọ
6500,177,2743,105.197741,21.344979,1,60,1,Phú Thọ
6501,177,2743,105.05919,21.378818,1,60,1,Phú Thọ
6502,178,2744,106.034075,9.228727,1,50,1,Kiên Giang
6503,178,2744,104.017473,10.036389,1,50,1,Kiên Giang
6504,178,2745,105.37642,10.243198,4,0,1,Tiền Giang
6505,178,2745,106.439393,10.379211,4,0,1,Tiền Giang
6506,178,2746,105.243588,10.388854,1,80,1,Long An
6507,178,2746,106.631763,10.405707,1,80,1,Long An
6508,178,2747,106.415539,10.519331,1,50,1,Đồng Tháp
6509,178,2747,105.548654,10.58853,1,50,1,Đồng Tháp
6510,178,2747,107.361138,10.746289,1,50,1,Đồng Tháp
6511,178,2747,105.792252,10.793808,1,50,1,Đồng Tháp
6512,178,2747,105.792083,10.802544,1,50,1,Đồng Tháp
6513,178,2747,105.792055,10.803902,1,50,1,Đồng Tháp
6514,178,2747,105.791931,10.811346,1,50,1,Đồng Tháp
6515,178,2747,105.791926,10.812523,1,50,1,Đồng Tháp
6516,178,2748,105.923463,10.956191,1,50,1,Tây Ninh
6517,178,2748,105.814633,11.045093,1,50,1,Tây Ninh
6518,178,2749,108.915332,11.318937,4,0,1,An Giang
6519,178,2749,107.834332,11.449193,4,0,1,An Giang
6520,178,2749,105.113295,11.454615,4,0,1,An Giang
6521,178,2749,107.357752,11.670016,4,0,1,An Giang
6522,178,2750,107.905471,12.526167,2,0,1,Đắk Lắk
6523,178,2750,108.063059,12.711061,2,0,1,Đắk Lắk
6524,178,2751,108.245327,12.969312,2,0,1,Phú Yên
6525,178,2751,108.920958,13.000451,2,0,1,Phú Yên
6526,178,2752,109.147476,13.802436,4,0,1,Bình Định
6527,178,2752,109.239469,13.933859,4,0,1,Bình Định
6528,178,2753,109.202732,14.091789,4,0,1,Bình Định
6529,178,2753,109.202576,14.09206,4,0,1,Bình Định
6530,178,2754,109.031645,14.729653,1,60,1,Đà Nẵng
6531,178,2754,108.400483,16.659007,1,60,1,Đà Nẵng
6532,178,2755,106.783849,18.590417,4,0,1,Hà Tĩnh
6533,178,2755,106.675817,18.886822,4,0,1,Hà Tĩnh
6534,178,2756,106.723769,19.326827,1,90,1,Thanh Hóa
6535,178,2756,106.723704,19.327472,1,90,1,Thanh Hóa
6536,178,2756,106.81196,20.078531,1,90,1,Thanh Hóa
6537,178,2757,106.886299,20.601299,1,60,1,Hải Phòng
6538,178,2757,106.891128,20.677673,1,60,1,Hải Phòng
6539,178,2758,105.07199,20.552432,1,60,1,Hòa Bình
6540,178,2758,105.071918,20.55623,1,60,1,Hòa Bình
6541,178,2758,105.071808,20.572541,1,60,1,Hòa Bình
6542,178,2759,106.869728,20.916845,4,0,1,Hải Phòng
6543,178,2759,106.868922,20.932941,4,0,1,Hải Phòng
6544,178,2759,105.314501,20.935237,4,0,1,Hải Phòng
6545,178,2760,105.249018,20.942162,2,0,1,Hòa Bình
6546,178,2760,105.335362,20.948707,2,0,1,Hòa Bình
6547,178,2761,105.521971,20.960293,1,50,1,Quảng Ninh
6548,178,2761,107.012441,20.985333,1,50,1,Quảng Ninh
6549,178,2762,107.09283,21.01705,1,50,1,Quảng Ninh
6550,178,2762,107.011681,21.018488,1,50,1,Quảng Ninh
6551,178,2763,105.873667,21.097712,2,0,1,Phú Thọ
6552,178,2763,105.100111,21.223508,2,0,1,Phú Thọ
6553,178,2764,105.377171,21.477828,1,80,1,Sơn La
6554,178,2764,103.699943,21.631051,1,80,1,Sơn La
6555,178,2765,105.768187,21.840041,4,0,1,Thái Nguyên
6556,178,2765,105.771641,21.863546,4,0,1,Thái Nguyên
6557,179,2766,106.014765,8.988122,4,0,1,Bạc Liêu
6558,179,2766,106.09583,9.211719,4,0,1,Bạc Liêu
6559,179,2766,106.095831,9.21227,4,0,1,Bạc Liêu
6560,179,2766,105.466431,9.806482,4,0,1,Bạc Liêu
6561,179,2766,106.070328,9.821196,4,0,1,Bạc Liêu
6562,179,2767,105.194611,10.485857,2,0,1,Bà Rịa - Vũng Tàu
6563,179,2767,107.181369,10.613395,2,0,1,Bà Rịa - Vũng Tàu
6564,179,2767,105.68823,10.697473,2,0,1,Bà Rịa - Vũng Tàu
6565,179,2768,107.17499,10.563352,1,50,1,Bà Rịa - Vũng Tàu
6566,179,2768,107.10145,10.78709,1,50,1,Bà Rịa - Vũng Tàu
6567,179,2768,107.101456,10.787154,1,50,1,Bà Rịa - Vũng Tàu
6568,179,2769,105.791983,10.808288,1,50,1,Đồng Tháp
6569,179,2769,105.791951,10.809178,1,50,1,Đồng Tháp
6570,179,2769,107.0857,10.834181,1,50,1,Đồng Tháp
6571,179,2770,105.569866,10.972765,4,0,1,Đồng Tháp
6572,179,2770,105.560979,10.991274,4,0,1,Đồng Tháp
6573,179,2771,105.670317,11.194406,1,50,1,Ninh Thuận
6574,179,2771,108.729511,11.245121,1,50,1,Ninh Thuận
6575,179,2771,105.657858,11.312008,1,50,1,Ninh Thuận
6576,179,2772,105.516439,11.415762,11,0,1,Tây Ninh
6577,179,2772,105.516104,11.45858,11,0,1,Tây Ninh
6578,179,2772,105.514459,11.488443,11,0,1,Tây Ninh
6579,179,2773,108.018592,12.590718,1,90,1,Đắk Lắk
6580,179,2773,108.018558,12.595661,1,90,1,Đắk Lắk
6581,179,2774,109.069249,14.004483,4,0,1,Bình Định
6582,179,2774,108.800467,14.064774,4,0,1,Bình Định
6583,179,2775,106.482297,18.956474,4,0,1,Hà Tĩnh
6584,179,2775,106.500694,18.97988,4,0,1,Hà Tĩnh
6585,179,2776,105.030423,20.11669,2,0,1,Ninh Bình
6586,179,2776,106.246233,20.153645,2,0,1,Ninh Bình
6587,179,2777,106.947824,20.639122,4,0,1,Hải Phòng
6588,179,2777,106.908767,20.640675,4,0,1,Hải Phòng
6589,179,2777,105.421201,20.648936,4,0,1,Hải Phòng
6590,179,2778,106.890996,20.686633,1,50,1,Hòa Bình
6591,179,2778,105.148219,20.696257,1,50,1,Hòa Bình
6592,179,2778,105.644096,20.52778,1,50,1,Hòa Bình
6593,179,2779,106.918493,20.708859,4,0,1,Hải Phòng
6594,179,2779,106.918399,20.713909,4,0,1,Hải Phòng
6595,179,2780,105.082292,20.737015,1,80,1,Hải Phòng
6596,179,2780,106.536559,20.755868,1,80,1,Hải Phòng
6597,179,2781,106.966748,21.079041,1,90,1,Hải Phòng
6598,179,2781,106.825911,21.11987,1,90,1,Hải Phòng
6599,179,2782,106.503149,21.28098,1,50,1,Yên Bái
6600,179,2782,104.870881,21.502198,1,50,1,Yên Bái
6601,179,2783,105.771656,21.863242,4,0,1,Lạng Sơn
6602,179,2783,106.795838,21.932089,4,0,1,Lạng Sơn
6603,180,2784,106.549622,9.86651,1,50,1,Trà Vinh
6604,180,2784,106.549624,9.866788,1,50,1,Trà Vinh
6605,180,2785,106.549694,9.871909,1,50,1,Trà Vinh
6606,180,2785,106.549699,9.872223,1,50,1,Trà Vinh
6607,180,2786,106.760522,10.002689,2,0,1,Bà Rịa - Vũng Tàu
6608,180,2786,107.208666,10.692291,2,0,1,Bà Rịa - Vũng Tàu
6609,180,2787,105.724025,10.932354,1,60,1,Tây Ninh
6610,180,2787,107.186198,10.934623,1,60,1,Tây Ninh
6611,180,2787,105.846936,10.934629,1,60,1,Tây Ninh
6612,180,2787,105.733052,10.937364,1,60,1,Tây Ninh
6613,180,2787,105.72832,10.937832,1,60,1,Tây Ninh
6614,180,2788,107.140101,10.944207,4,0,1,Đồng Nai
6615,180,2788,107.14012,10.961733,4,0,1,Đồng Nai
6616,180,2789,105.541626,11.089322,1,50,1,Tây Ninh
6617,180,2789,105.541698,11.095837,1,50,1,Tây Ninh
6618,180,2790,105.541715,11.107678,1,80,1,Tây Ninh
6619,180,2790,105.541786,11.113786,1,80,1,Tây Ninh
6620,180,2791,105.541981,11.132551,1,80,1,Tây Ninh
6621,180,2791,105.542068,11.139296,1,80,1,Tây Ninh
6622,180,2792,108.346128,11.653175,2,0,1,Tây Ninh
6623,180,2792,105.591346,11.56256,2,0,1,Tây Ninh
6624,180,2793,109.060982,12.235658,1,50,1,Khánh Hòa
6625,180,2793,109.060969,12.238554,1,50,1,Khánh Hòa
6626,180,2794,108.018591,12.57542,1,50,1,Đắk Lắk
6627,180,2794,108.018595,12.588773,1,50,1,Đắk Lắk
6628,180,2794,108.230841,12.985593,1,50,1,Đắk Lắk
6629,180,2795,109.031135,14.142251,1,50,1,Bình Định
6630,180,2795,109.046885,14.163649,1,50,1,Bình Định
6631,180,2796,108.892821,16.196499,1,80,1,Quảng Trị
6632,180,2796,107.548122,16.888282,1,80,1,Quảng Trị
6633,180,2797,108.264684,16.971756,4,0,1,Quảng Nam
6634,180,2797,108.192793,15.01363,4,0,1,Quảng Nam
6635,180,2797,108.083512,15.231779,4,0,1,Quảng Nam
6636,180,2797,107.617093,15.441345,4,0,1,Quảng Nam
6637,180,2797,107.522313,15.490804,4,0,1,Quảng Nam
6638,180,2798,106.517921,18.59032,4,0,1,Hà Tĩnh
6639,180,2798,106.668408,19.009853,4,0,1,Hà Tĩnh
6640,180,2799,106.67922,19.543791,4,0,1,Thái Bình
6641,180,2799,106.776228,19.77473,4,0,1,Thái Bình
6642,180,2800,105.206376,20.077616,1,80,1,Hòa Bình
6643,180,2800,105.234919,20.199396,1,80,1,Hòa Bình
6644,180,2801,105.05041,20.604187,2,0,1,Hòa Bình
6645,180,2801,105.050661,20.615824,2,0,1,Hòa Bình
6646,180,2802,105.249107,20.957917,1,80,1,Hòa Bình
6647,180,2802,105.249118,20.958052,1,80,1,Hòa Bình
6648,180,2803,106.825959,21.111635,4,0,1,Hải Phòng
6649,180,2803,106.825974,21.113476,4,0,1,Hải Phòng
6650,180,2804,104.018024,21.233342,1,80,1,Phú Thọ
6651,180,2804,105.015736,21.23517,1,80,1,Phú Thọ
6652,180,2805,103.008629,21.353243,4,0,1,Phú Thọ
6653,180,2805,105.223499,21.377538,4,0,1,Phú Thọ
6654,180,2805,106.334889,21.377731,4,0,1,Phú Thọ
6655,180,2806,107.952368,21.616681,1,60,1,Điện Biên
6656,180,2806,103.443656,21.548046,1,60,1,Điện Biên
6657,181,2807,104.994012,8.750138,4,0,1,Bạc Liêu
6658,181,2807,106.011658,8.937565,4,0,1,Bạc Liêu
6659,181,2807,106.016712,9.019801,4,0,1,Bạc Liêu
6660,181,2808,105.269141,9.705953,2,0,1,Trà Vinh
6661,181,2808,106.67307,9.708791,2,0,1,Trà Vinh
6662,181,2809,105.715404,10.773458,1,60,1,Đồng Tháp
6663,181,2809,105.730328,10.776071,1,60,1,Đồng Tháp
6664,181,2809,105.981239,10.77895,1,60,1,Đồng Tháp
6665,181,2810,107.186319,10.942289,1,60,1,Tây Ninh
6666,181,2810,105.829619,11.01246,1,60,1,Tây Ninh
6667,181,2811,105.36274,11.322419,1,60,1,Tây Ninh
6668,181,2811,105.65459,11.340572,1,60,1,Tây Ninh
6669,181,2811,107.482786,11.388179,1,60,1,Tây Ninh
6670,181,2812,105.59565,11.431476,2,0,1,Ninh Thuận
6671,181,2812,108.893852,11.441815,2,0,1,Ninh Thuận
6672,181,2813,109.03116,14.146111,1,70,1,Kon Tum
6673,181,2813,107.993715,14.256235,1,70,1,Kon Tum
6674,181,2814,108.884231,16.136421,1,50,1,Thừa Thiên Huế
6675,181,2814,107.748298,16.148161,1,50,1,Thừa Thiên Huế
6676,181,2815,108.749259,16.169845,4,0,1,Đà Nẵng
6677,181,2815,108.725197,16.361766,4,0,1,Đà Nẵng
6678,181,2815,105.439433,17.736018,4,0,1,Đà Nẵng
6679,181,2816,106.72358,19.330245,1,50,1,Thanh Hóa
6680,181,2816,106.723919,19.335523,1,50,1,Thanh Hóa
6681,181,2817,105.851635,20.929065,4,0,1,Hải Phòng
6682,181,2817,106.929876,20.957613,4,0,1,Hải Phòng
6683,181,2817,106.410934,20.994763,4,0,1,Hải Phòng
6684,181,2818,105.100095,21.241787,2,0,1,Điện Biên
6685,181,2818,103.010545,21.320851,2,0,1,Điện Biên
6686,182,2819,106.712396,9.377597,1,50,1,Trà Vinh
6687,182,2819,106.672572,9.598022,1,50,1,Trà Vinh
6688,182,2820,106.660819,10.186562,4,0,1,Bến Tre
6689,182,2820,106.661608,10.200911,4,0,1,Bến Tre
6690,182,2820,106.661501,10.203727,4,0,1,Bến Tre
6691,182,2821,106.804489,10.392442,1,80,1,Vinh Long
6692,182,2821,105.888382,10.447304,1,80,1,Vinh Long
6693,182,2822,107.382489,10.65929,2,0,1,Bà Rịa - Vũng Tàu
6694,182,2822,107.256591,10.551914,2,0,1,Bà Rịa - Vũng Tàu
6695,182,2823,105.359381,11.281081,1,60,1,Đồng Nai
6696,182,2823,107.355133,11.282701,1,60,1,Đồng Nai
6697,182,2823,107.481774,11.418695,1,60,1,Đồng Nai
6698,182,2824,109.052774,11.588241,2,0,1,Tây Ninh
6699,182,2824,105.873021,11.890394,2,0,1,Tây Ninh
6700,182,2825,109.354315,12.898171,4,0,1,Đắk Lắk
6701,182,2825,108.217474,13.044508,4,0,1,Đắk Lắk
6702,182,2826,108.519017,16.141519,1,60,1,Thừa Thiên Huế
6703,182,2826,108.150444,16.912739,1,60,1,Thừa Thiên Huế
6704,182,2827,107.332768,15.572278,4,0,1,Thừa Thiên Huế
6705,182,2827,107.07814,15.913475,4,0,1,Thừa Thiên Huế
6706,182,2828,106.361004,18.892182,1,50,1,Hà Tĩnh
6707,182,2828,106.681979,19.05262,1,50,1,Hà Tĩnh
6708,182,2829,106.418065,19.312211,4,0,1,Thanh Hóa
6709,182,2829,106.802535,19.32397,4,0,1,Thanh Hóa
6710,182,2830,106.813355,19.923132,4,0,1,Thái Bình
6711,182,2830,106.813643,19.926947,4,0,1,Thái Bình
6712,182,2831,106.95606,20.20858,4,0,1,Hòa Bình
6713,182,2831,105.324287,20.243879,4,0,1,Hòa Bình
6714,182,2832,105.324355,20.246177,1,60,1,Hòa Bình
6715,182,2832,105.273316,20.437127,1,60,1,Hòa Bình
6716,182,2833,105.005471,20.48781,2,0,1,Hòa Bình
6717,182,2833,105.05136,20.625869,2,0,1,Hòa Bình
6718,182,2834,105.314445,20.931479,4,0,1,Hòa Bình
6719,182,2834,105.314523,20.93858,4,0,1,Hòa Bình
6720,182,2835,107.339881,21.076332,1,60,1,Hải Dương
6721,182,2835,106.314814,21.110498,1,60,1,Hải Dương
6722,182,2836,106.137616,21.890976,1,50,1,Hà Giang
6723,182,2836,105.327372,22.630183,1,50,1,Hà Giang
6724,183,2837,106.033707,9.235856,1,50,1,Trà Vinh
6725,183,2837,106.660581,9.555999,1,50,1,Trà Vinh
6726,183,2838,105.419445,10.294309,4,0,1,An Giang
6727,183,2838,104.480094,10.397689,4,0,1,An Giang
6728,183,2838,105.887965,10.440087,4,0,1,An Giang
6729,183,2839,105.712902,10.911368,1,70,1,Đồng Tháp
6730,183,2839,105.713192,10.915283,1,70,1,Đồng Tháp
6731,183,2840,107.664257,11.270305,2,0,1,Tây Ninh
6732,183,2840,105.53742,11.282735,2,0,1,Tây Ninh
6733,183,2841,107.056203,11.571278,2,0,1,Lâm Đồng
6734,183,2841,108.605771,11.769116,2,0,1,Lâm Đồng
6735,183,2842,107.761754,11.930923,1,60,1,Khánh Hòa
6736,183,2842,109.103361,11.966256,1,60,1,Khánh Hòa
6737,183,2843,109.357597,12.908316,4,0,1,Phú Yên
6738,183,2843,109.080599,13.325854,4,0,1,Phú Yên
6739,183,2843,109.19868,13.348372,4,0,1,Phú Yên
6740,183,2843,108.167635,13.362477,4,0,1,Phú Yên
6741,183,2844,108.005236,13.969472,1,60,1,Gia Lai
6742,183,2844,108.005524,13.95619,1,60,1,Gia Lai
6743,183,2844,108.004986,13.974268,1,60,1,Gia Lai
6744,183,2845,105.082409,17.558448,1,60,1,Hà Tĩnh
6745,183,2845,106.5642,18.638403,1,60,1,Hà Tĩnh
6746,183,2846,105.321371,20.30228,4,0,1,Hòa Bình
6747,183,2846,105.321391,20.302612,4,0,1,Hòa Bình
6748,183,2847,106.777151,20.491495,11,0,1,Hải Phòng
6749,183,2847,106.912487,20.64169,11,0,1,Hải Phòng
6750,183,2848,106.581546,20.818327,2,0,1,Hải Phòng
6751,183,2848,106.681173,20.894135,2,0,1,Hải Phòng
6752,183,2849,105.571741,20.945288,1,60,1,Hà Nội
6753,183,2849,105.800985,20.953772,1,60,1,Hà Nội
6754,183,2850,106.780818,21.040542,1,50,1,Hải Phòng
6755,183,2850,106.780899,21.041981,1,50,1,Hải Phòng
6756,183,2851,103.022862,21.401333,4,0,1,Phú Thọ
6757,183,2851,105.280724,21.423429,4,0,1,Phú Thọ
6758,183,2851,105.280878,21.426052,4,0,1,Phú Thọ
6759,183,2852,106.549917,21.502747,2,0,1,Điện Biên
6760,183,2852,103.526725,21.552364,2,0,1,Điện Biên
6761,183,2852,103.363168,21.742167,2,0,1,Điện Biên
6762,183,2852,106.704068,21.746576,2,0,1,Điện Biên
6763,184,2853,105.330873,10.170494,2,0,1,Long An
6764,184,2853,106.544592,10.408532,2,0,1,Long An
6765,184,2854,106.184605,10.843688,1,50,1,Đồng Nai
6766,184,2854,107.020786,10.892097,1,50,1,Đồng Nai
6767,184,2855,108.848441,11.644544,4,0,1,Ninh Thuận
6768,184,2855,108.848481,11.646277,4,0,1,Ninh Thuận
6769,184,2855,105.515732,11.653716,4,0,1,Ninh Thuận
6770,184,2856,108.217571,13.062337,4,0,1,Phú Yên
6771,184,2856,109.282569,13.147727,4,0,1,Phú Yên
6772,184,2857,107.987894,14.067989,4,0,1,Bình Định
6773,184,2857,108.784106,14.084108,4,0,1,Bình Định
6774,184,2858,107.9232,14.607878,4,0,1,Quảng Ngãi
6775,184,2858,109.008483,14.664483,4,0,1,Quảng Ngãi
6776,184,2859,109.055969,14.570521,4,0,1,Quảng Ngãi
6777,184,2859,108.773391,14.949685,4,0,1,Quảng Ngãi
6778,184,2860,107.079151,15.848964,1,50,1,Quảng Trị
6779,184,2860,105.969066,15.925403,1,50,1,Quảng Trị
6780,184,2861,106.935886,20.310189,1,50,1,Hải Phòng
6781,184,2861,106.937069,20.312143,1,50,1,Hải Phòng
6782,184,2861,106.9372,20.313861,1,50,1,Hải Phòng
6783,184,2862,105.005027,20.437607,4,0,1,Hòa Bình
6784,184,2862,105.174414,20.464966,4,0,1,Hòa Bình
6785,184,2863,105.414702,20.989613,1,80,1,Hải Phòng
6786,184,2863,106.781046,21.043979,1,80,1,Hải Phòng
6787,184,2864,106.460276,21.308604,1,50,1,Hải Phòng
6788,184,2864,106.858715,21.33786,1,50,1,Hải Phòng
6789,184,2865,103.910027,21.350593,2,0,1,Phú Thọ
6790,184,2865,105.280255,21.414574,2,0,1,Phú Thọ
6791,184,2866,102.89828,21.907873,1,80,1,Lao Cai
6792,184,2866,104.161849,22.448569,1,80,1,Lao Cai
6793,185,2867,105.156109,10.413385,1,50,1,Đồng Tháp
6794,185,2867,105.529768,10.474526,1,50,1,Đồng Tháp
6795,185,2868,107.249884,11.053867,1,50,1,Tây Ninh
6796,185,2868,105.705247,11.108369,1,50,1,Tây Ninh
6797,185,2869,105.160992,11.21751,1,50,1,Tây Ninh
6798,185,2869,105.411513,11.399148,1,50,1,Tây Ninh
6799,185,2870,105.412716,11.409229,1,50,1,Tây Ninh
6800,185,2870,105.299783,11.496387,1,50,1,Tây Ninh
6801,185,2871,105.903273,11.702907,1,50,1,Ninh Thuận
6802,185,2871,109.052822,11.716118,1,50,1,Ninh Thuận
6803,185,2872,107.088529,11.931597,1,80,1,Đắk Lắk
6804,185,2872,107.850367,12.475178,1,80,1,Đắk Lắk
6805,185,2873,108.062519,13.899846,1,60,1,Gia Lai
6806,185,2873,107.991757,13.954961,1,60,1,Gia Lai
6807,185,2874,108.846219,16.061936,2,0,1,Quảng Nam
6808,185,2874,107.717825,15.184511,2,0,1,Quảng Nam
6809,185,2875,105.916504,17.034584,1,80,1,Hà Tĩnh
6810,185,2875,106.580649,18.273511,1,80,1,Hà Tĩnh
6811,185,2876,105.091055,19.986355,1,50,1,Thanh Hóa
6812,185,2876,105.224335,20.068005,1,50,1,Thanh Hóa
6813,185,2876,105.224701,20.058196,1,50,1,Thanh Hóa
6814,185,2877,105.161538,21.163434,11,0,1,Bắc Giang
6815,185,2877,106.376267,21.327821,11,0,1,Bắc Giang
6816,185,2878,105.848036,21.329982,4,0,1,Bắc Giang
6817,185,2878,106.380033,21.351594,4,0,1,Bắc Giang
6818,185,2878,103.016424,21.385596,4,0,1,Bắc Giang
6819,185,2879,105.217859,21.856594,2,0,1,Tuyên Quang
6820,185,2879,105.508535,22.052543,2,0,1,Tuyên Quang
6821,186,2880,106.204923,9.295703,4,0,1,Trà Vinh
6822,186,2880,106.949641,9.655615,4,0,1,Trà Vinh
6823,186,2881,105.331086,10.17319,4,0,1,An Giang
6824,186,2881,105.337487,10.396663,4,0,1,An Giang
6825,186,2882,107.220868,10.425274,1,50,1,Vinh Long
6826,186,2882,106.069647,10.440251,1,50,1,Vinh Long
6827,186,2883,105.768375,10.492639,1,60,1,TP. Hồ Chí Minh
6828,186,2883,106.553317,10.65842,1,60,1,TP. Hồ Chí Minh
6829,186,2884,105.681321,11.78518,4,0,1,Tây Ninh
6830,186,2884,105.872863,11.886284,4,0,1,Tây Ninh
6831,186,2885,109.113865,13.770899,4,0,1,Bình Định
6832,186,2885,109.21973,13.783636,4,0,1,Bình Định
6833,186,2886,108.760717,16.259451,4,0,1,Quảng Nam
6834,186,2886,108.264427,16.935019,4,0,1,Quảng Nam
6835,186,2886,108.192818,15.014723,4,0,1,Quảng Nam
6836,186,2886,107.618128,15.449931,4,0,1,Quảng Nam
6837,186,2887,106.703305,18.545059,4,0,1,Thanh Hóa
6838,186,2887,106.595459,19.37935,4,0,1,Thanh Hóa
6839,186,2888,105.175421,20.150112,1,60,1,Hải Phòng
6840,186,2888,106.911403,20.348516,1,60,1,Hải Phòng
6841,186,2889,105.240289,20.681001,11,0,1,Hòa Bình
6842,186,2889,105.067961,20.568867,11,0,1,Hòa Bình
6843,186,2890,105.067964,20.568895,4,0,1,Hòa Bình
6844,186,2890,105.061673,20.556066,4,0,1,Hòa Bình
6845,186,2891,103.865629,22.345463,1,60,1,Lao Cai
6846,186,2891,103.752562,22.639589,1,60,1,Lao Cai
6847,187,2892,105.602718,10.121505,4,0,1,Đồng Tháp
6848,187,2892,105.375553,10.231049,4,0,1,Đồng Tháp
6849,187,2893,107.205549,10.667564,4,0,1,Đồng Tháp
6850,187,2893,105.819013,10.506017,4,0,1,Đồng Tháp
6851,187,2894,107.225678,10.808906,1,50,1,Đồng Nai
6852,187,2894,107.359702,10.849943,1,50,1,Đồng Nai
6853,187,2895,105.576514,11.002887,11,0,1,Tây Ninh
6854,187,2895,105.721796,11.037532,11,0,1,Tây Ninh
6855,187,2896,107.604021,11.099399,4,0,1,An Giang
6856,187,2896,105.098194,11.307183,4,0,1,An Giang
6857,187,2897,108.734091,11.341487,4,0,1,Ninh Thuận
6858,187,2897,108.735477,11.369116,4,0,1,Ninh Thuận
6859,187,2898,108.982644,11.674101,2,0,1,Tây Ninh
6860,187,2898,105.220835,11.58218,2,0,1,Tây Ninh
6861,187,2898,105.183484,11.717811,2,0,1,Tây Ninh
6862,187,2899,109.164115,12.613738,4,0,1,Khánh Hòa
6863,187,2899,109.175301,12.535349,4,0,1,Khánh Hòa
6864,187,2900,108.949957,13.113103,1,80,1,Đắk Lắk
6865,187,2900,108.168237,13.274206,1,80,1,Đắk Lắk
6866,187,2901,105.641754,17.486215,1,50,1,Quảng Bình
6867,187,2901,106.968604,17.728292,1,50,1,Quảng Bình
6868,187,2902,106.566934,18.661374,4,0,1,Hà Tĩnh
6869,187,2902,106.518716,18.587522,4,0,1,Hà Tĩnh
6870,187,2903,106.775307,19.783189,4,0,1,Thái Bình
6871,187,2903,106.775194,19.804046,4,0,1,Thái Bình
6872,187,2903,106.775749,19.808129,4,0,1,Thái Bình
6873,187,2903,106.594225,19.820485,4,0,1,Thái Bình
6874,187,2903,105.216828,20.105714,4,0,1,Thái Bình
6875,187,2904,105.074943,20.345463,4,0,1,Hải Phòng
6876,187,2904,106.917878,20.453151,4,0,1,Hải Phòng
6877,187,2905,105.315782,21.004385,4,0,1,Hải Phòng
6878,187,2905,106.698958,21.321177,4,0,1,Hải Phòng
6879,187,2905,103.914308,21.327118,4,0,1,Hải Phòng
6880,187,2906,104.785666,21.754158,1,80,1,Lao Cai
6881,187,2906,104.150924,22.072917,1,80,1,Lao Cai
6882,188,2907,106.459169,9.552871,1,50,1,Trà Vinh
6883,188,2907,106.459568,9.555158,1,50,1,Trà Vinh
6884,188,2908,107.24713,10.564892,4,0,1,Bà Rịa - Vũng Tàu
6885,188,2908,107.247767,10.56855,4,0,1,Bà Rịa - Vũng Tàu
6886,188,2909,105.823997,11.339543,2,0,1,An Giang
6887,188,2909,105.108885,11.347705,2,0,1,An Giang
6888,188,2910,108.245324,13.185402,1,80,1,Gia Lai
6889,188,2910,108.44485,13.470508,1,80,1,Gia Lai
6890,188,2911,108.446815,13.475804,1,50,1,Gia Lai
6891,188,2911,108.44577,13.482648,1,50,1,Gia Lai
6892,188,2912,108.055021,13.71308,2,0,1,Gia Lai
6893,188,2912,107.849424,13.780644,2,0,1,Gia Lai
6894,188,2913,109.207781,13.911539,1,60,1,Gia Lai
6895,188,2913,108.114278,14.005211,1,60,1,Gia Lai
6896,188,2914,106.657214,19.081286,4,0,1,Thái Bình
6897,188,2914,106.695784,19.143029,4,0,1,Thái Bình
6898,188,2914,106.838585,19.741587,4,0,1,Thái Bình
6899,188,2914,106.839236,19.746272,4,0,1,Thái Bình
6900,188,2914,106.775403,19.806659,4,0,1,Thái Bình
6901,188,2914,106.775997,19.809849,4,0,1,Thái Bình
6902,188,2915,105.00329,20.609713,4,0,1,Hải Phòng
6903,188,2915,106.913024,20.569776,4,0,1,Hải Phòng
6904,188,2916,107.461984,21.237349,4,0,1,Quảng Ninh
6905,188,2916,107.463835,21.249789,4,0,1,Quảng Ninh
6906,188,2917,105.71529,21.926136,4,0,1,Lao Cai
6907,188,2917,104.363845,22.17367,4,0,1,Lao Cai
6908,189,2918,106.813287,9.541595,2,0,1,Trà Vinh
6909,189,2918,106.811007,9.560052,2,0,1,Trà Vinh
6910,189,2919,105.206776,10.005613,4,0,1,Bến Tre
6911,189,2919,106.25956,10.277978,4,0,1,Bến Tre
6912,189,2919,106.890302,10.320172,4,0,1,Bến Tre
6913,189,2920,107.838937,11.513984,4,0,1,Bình Phước
6914,189,2920,109.058887,11.787132,4,0,1,Bình Phước
6915,189,2920,107.190237,11.815831,4,0,1,Bình Phước
6916,189,2920,108.345494,11.892958,4,0,1,Bình Phước
6917,189,2920,105.795467,11.967766,4,0,1,Bình Phước
6918,189,2921,105.916249,17.032653,2,0,1,Quảng Bình
6919,189,2921,105.801585,17.23795,2,0,1,Quảng Bình
6920,189,2921,106.303681,18.86438,2,0,1,Quảng Bình
6921,189,2922,103.268547,21.249167,2,0,1,Bắc Giang
6922,189,2922,103.010469,21.296287,2,0,1,Bắc Giang
6923,189,2922,106.605455,21.338621,2,0,1,Bắc Giang
6924,189,2922,105.651304,21.383235,2,0,1,Bắc Giang
6925,189,2922,103.288437,21.862289,2,0,1,Bắc Giang
6926,190,2923,105.337383,9.937353,4,0,1,Bến Tre
6927,190,2923,106.572615,10.101431,4,0,1,Bến Tre
6928,190,2924,106.048422,10.400296,1,80,1,Vinh Long
6929,190,2924,106.060135,10.409258,1,80,1,Vinh Long
6930,190,2924,106.062363,10.420351,1,80,1,Vinh Long
6931,190,2924,106.064338,10.430449,1,80,1,Vinh Long
6932,190,2925,106.715838,10.491619,1,60,1,Long An
6933,190,2925,106.569337,10.612563,1,60,1,Long An
6934,190,2926,107.273569,10.674671,4,0,1,Đồng Tháp
6935,190,2926,105.501168,10.724661,4,0,1,Đồng Tháp
6936,190,2926,105.502139,10.730307,4,0,1,Đồng Tháp
6937,190,2927,107.15411,10.919463,4,0,1,Đồng Nai
6938,190,2927,107.154476,10.921326,4,0,1,Đồng Nai
6939,190,2928,105.548062,11.017699,1,70,1,Đồng Tháp
6940,190,2928,105.548884,11.021861,1,70,1,Đồng Tháp
6941,190,2929,109.366055,12.815613,4,0,1,Đắk Lắk
6942,190,2929,108.105227,12.851816,4,0,1,Đắk Lắk
6943,190,2929,108.20765,13.205718,4,0,1,Đắk Lắk
6944,190,2929,109.18087,13.559034,4,0,1,Đắk Lắk
6945,190,2930,107.992383,13.728962,2,0,1,Bình Định
6946,190,2930,108.922115,13.924624,2,0,1,Bình Định
6947,190,2931,109.245795,13.954355,1,60,1,Bình Định
6948,190,2931,109.039267,14.63875,1,60,1,Bình Định
6949,190,2932,108.889018,16.181596,1,50,1,Đà Nẵng
6950,190,2932,108.454815,16.682754,1,50,1,Đà Nẵng
6951,190,2933,106.700067,19.308629,4,0,1,Thái Bình
6952,190,2933,106.557306,19.687214,4,0,1,Thái Bình
6953,190,2934,105.019883,20.115139,1,60,1,Hòa Bình
6954,190,2934,105.322047,20.216615,1,60,1,Hòa Bình
6955,190,2935,106.779044,20.351227,4,0,1,Thái Bình
6956,190,2935,106.779031,20.351428,4,0,1,Thái Bình
6957,190,2935,105.346169,20.39021,4,0,1,Thái Bình
6958,190,2936,105.063702,20.721867,4,0,1,Hải Dương
6959,190,2936,106.322785,20.728984,4,0,1,Hải Dương
6960,190,2937,106.414415,21.301646,4,0,1,Bắc Giang
6961,190,2937,106.583421,21.318529,4,0,1,Bắc Giang
6962,190,2938,106.987198,21.421981,2,0,1,Yên Bái
6963,190,2938,104.608654,21.519368,2,0,1,Yên Bái
6964,190,2939,104.941769,21.741926,2,0,1,Tuyên Quang
6965,190,2939,105.313933,21.979346,2,0,1,Tuyên Quang
6966,191,2940,106.162365,9.17435,4,0,1,Hậu Giang
6967,191,2940,105.341441,9.937392,4,0,1,Hậu Giang
6968,191,2940,105.330726,10.171531,4,0,1,Hậu Giang
6969,191,2941,106.967206,10.239789,11,0,1,Đồng Tháp
6970,191,2941,105.565422,10.255114,11,0,1,Đồng Tháp
6971,191,2942,106.046668,10.386425,1,80,1,Vinh Long
6972,191,2942,106.045979,10.392825,1,80,1,Vinh Long
6973,191,2943,106.719139,10.602731,4,0,1,An Giang
6974,191,2943,105.396437,10.644159,4,0,1,An Giang
6975,191,2944,105.567034,10.516623,4,0,1,Đồng Tháp
6976,191,2944,105.68814,10.540977,4,0,1,Đồng Tháp
6977,191,2944,107.248684,10.553428,4,0,1,Đồng Tháp
6978,191,2945,105.691087,10.759146,4,0,1,Đồng Tháp
6979,191,2945,105.692163,10.774147,4,0,1,Đồng Tháp
6980,191,2945,105.6961,10.788034,4,0,1,Đồng Tháp
6981,191,2946,107.185271,11.910324,4,0,1,Tây Ninh
6982,191,2946,105.795773,11.969351,4,0,1,Tây Ninh
6983,191,2946,105.798025,11.956627,4,0,1,Tây Ninh
6984,191,2946,105.8114,12.008238,4,0,1,Tây Ninh
6985,191,2947,108.920127,12.99679,4,0,1,Phú Yên
6986,191,2947,109.212642,13.396346,4,0,1,Phú Yên
6987,191,2948,109.003583,13.698403,4,0,1,Phú Yên
6988,191,2948,109.179304,13.551325,4,0,1,Phú Yên
6989,191,2949,108.261854,14.035686,4,0,1,Đà Nẵng
6990,191,2949,108.471552,16.03965,4,0,1,Đà Nẵng
6991,191,2950,106.822311,19.588583,4,0,1,Thái Bình
6992,191,2950,106.587182,19.784535,4,0,1,Thái Bình
6993,191,2951,106.532331,20.000412,4,0,1,Nghệ An
6994,191,2951,105.071644,20.011207,4,0,1,Nghệ An
6995,191,2952,106.817774,20.651247,2,0,1,Hải Phòng
6996,191,2952,106.935594,20.675166,2,0,1,Hải Phòng
6997,191,2953,106.314244,20.589584,4,0,1,Hòa Bình
6998,191,2953,105.063952,20.715638,4,0,1,Hòa Bình
6999,191,2954,104.821153,21.752504,4,0,1,Thái Nguyên
7000,191,2954,105.739534,21.843652,4,0,1,Thái Nguyên
7001,191,2954,106.892722,22.378711,4,0,1,Thái Nguyên
7002,192,2955,106.630767,10.243393,4,0,1,Bến Tre
7003,192,2955,106.632046,10.253642,4,0,1,Bến Tre
7004,192,2956,106.257655,10.259369,4,0,1,Kiên Giang
7005,192,2956,104.075398,10.302568,4,0,1,Kiên Giang
7006,192,2957,106.063875,10.428004,1,80,1,Vinh Long
7007,192,2957,106.052891,10.435862,1,80,1,Vinh Long
7008,192,2958,107.208072,10.486424,2,0,1,Bà Rịa - Vũng Tàu
7009,192,2958,107.159789,10.629028,2,0,1,Bà Rịa - Vũng Tàu
7010,192,2958,108.930804,10.630806,2,0,1,Bà Rịa - Vũng Tàu
7011,192,2959,105.417353,10.666182,4,0,1,Đồng Tháp
7012,192,2959,105.417501,10.665305,4,0,1,Đồng Tháp
7013,192,2960,104.997654,10.509881,4,0,1,Bà Rịa - Vũng Tàu
7014,192,2960,107.24677,10.547358,4,0,1,Bà Rịa - Vũng Tàu
7015,192,2960,107.246848,10.547716,4,0,1,Bà Rịa - Vũng Tàu
7016,192,2961,105.671588,10.706302,4,0,1,Đồng Tháp
7017,192,2961,105.671866,10.705139,4,0,1,Đồng Tháp
7018,192,2962,105.690584,10.757236,4,0,1,Đồng Tháp
7019,192,2962,105.691322,10.770268,4,0,1,Đồng Tháp
7020,192,2963,105.696879,10.791792,4,0,1,Đồng Tháp
7021,192,2963,105.695773,10.795255,4,0,1,Đồng Tháp
7022,192,2964,107.736213,10.828342,2,0,1,Đồng Nai
7023,192,2964,107.059405,10.946169,2,0,1,Đồng Nai
7024,192,2965,105.178178,20.344666,2,0,1,Hòa Bình
7025,192,2965,105.083272,20.355751,2,0,1,Hòa Bình
7026,192,2966,103.169197,22.026891,2,0,1,Điện Biên
7027,192,2966,102.680335,22.129259,2,0,1,Điện Biên
7028,193,2967,105.351436,10.312001,2,0,1,Bến Tre
7029,193,2967,106.520155,10.334667,2,0,1,Bến Tre
7030,193,2968,105.05319,10.501386,1,50,1,Đồng Tháp
7031,193,2968,105.62627,10.536835,1,50,1,Đồng Tháp
7032,193,2969,105.545921,11.012153,1,70,1,Đồng Tháp
7033,193,2969,105.547478,11.014622,1,70,1,Đồng Tháp
7034,193,2970,105.584693,11.043428,2,0,1,An Giang
7035,193,2970,105.337151,11.078473,2,0,1,An Giang
7036,193,2971,105.561315,11.523213,2,0,1,Đắk Nông
7037,193,2971,107.748679,11.579202,2,0,1,Đắk Nông
7038,193,2972,109.10578,12.267331,11,0,1,Khánh Hòa
7039,193,2972,109.202009,12.275577,11,0,1,Khánh Hòa
7040,193,2973,108.165616,13.256949,4,0,1,Bình Định
7041,193,2973,109.044488,14.119537,4,0,1,Bình Định
7042,193,2974,108.009495,14.381239,2,0,1,Đà Nẵng
7043,193,2974,108.817773,16.104048,2,0,1,Đà Nẵng
7044,193,2975,106.549034,18.794248,2,0,1,Hà Tĩnh
7045,193,2975,106.549443,18.795061,2,0,1,Hà Tĩnh
7046,193,2976,106.808927,19.891766,4,0,1,Thanh Hóa
7047,193,2976,105.225622,20.095732,4,0,1,Thanh Hóa
7048,193,2976,105.326491,20.264929,4,0,1,Thanh Hóa
7049,193,2977,105.129466,20.555748,11,0,1,Hòa Bình
7050,193,2977,105.065586,20.732878,11,0,1,Hòa Bình
7051,194,2978,106.859898,9.862233,4,0,1,Tiền Giang
7052,194,2978,106.521146,10.338228,4,0,1,Tiền Giang
7053,194,2978,105.555004,10.366974,4,0,1,Tiền Giang
7054,194,2979,105.041101,10.371536,1,50,1,Bà Rịa - Vũng Tàu
7055,194,2979,107.169316,10.431551,1,50,1,Bà Rịa - Vũng Tàu
7056,194,2980,107.237543,10.515237,1,50,1,Bà Rịa - Vũng Tàu
7057,194,2980,107.238718,10.520295,1,50,1,Bà Rịa - Vũng Tàu
7058,194,2980,107.239006,10.521436,1,50,1,Bà Rịa - Vũng Tàu
7059,194,2981,105.614434,10.788891,1,60,1,Đồng Tháp
7060,194,2981,105.619954,10.814851,1,60,1,Đồng Tháp
7061,194,2982,105.625704,10.841049,1,60,1,Tây Ninh
7062,194,2982,105.861916,10.92827,1,60,1,Tây Ninh
7063,194,2983,107.990395,10.977899,4,0,1,Tây Ninh
7064,194,2983,105.987417,11.00482,4,0,1,Tây Ninh
7065,194,2984,107.99483,12.500987,1,60,1,Phú Yên
7066,194,2984,109.225959,12.709685,1,60,1,Phú Yên
7067,194,2985,109.169809,13.01057,4,0,1,Phú Yên
7068,194,2985,109.192542,13.399703,4,0,1,Phú Yên
7069,194,2986,108.006559,13.923818,1,60,1,Gia Lai
7070,194,2986,108.007108,13.929421,1,60,1,Gia Lai
7071,194,2986,109.04103,14.105352,1,60,1,Gia Lai
7072,194,2987,106.837994,19.738799,4,0,1,Thái Bình
7073,194,2987,106.838423,19.740186,4,0,1,Thái Bình
7074,194,2988,106.950711,20.985163,2,0,1,Hòa Bình
7075,194,2988,105.365695,21.045699,2,0,1,Hòa Bình
7076,194,2989,106.283525,21.324806,4,0,1,Quảng Ninh
7077,194,2989,106.972605,21.333108,4,0,1,Quảng Ninh
7078,194,2990,103.036936,21.409575,4,0,1,Bắc Giang
7079,194,2990,105.279312,21.409704,4,0,1,Bắc Giang
7080,194,2990,106.455894,21.424028,4,0,1,Bắc Giang
7081,194,2990,105.289587,21.441303,4,0,1,Bắc Giang
7082,194,2991,105.558627,21.485078,1,80,1,Lao Cai
7083,194,2991,104.035107,22.028283,1,80,1,Lao Cai
7084,194,2991,103.993537,22.038178,1,80,1,Lao Cai
7085,194,2991,103.821094,22.679829,1,80,1,Lao Cai
7086,195,2992,105.794614,10.905399,2,0,1,Đồng Nai
7087,195,2992,107.103511,11.080905,2,0,1,Đồng Nai
7088,195,2993,108.981459,11.670655,4,0,1,Ninh Thuận
7089,195,2993,108.981561,11.671124,4,0,1,Ninh Thuận
7090,195,2993,108.983101,11.676871,4,0,1,Ninh Thuận
7091,195,2994,108.467547,11.869366,1,50,1,Lâm Đồng
7092,195,2994,108.468273,11.85163,1,50,1,Lâm Đồng
7093,195,2995,109.030778,13.492147,2,0,1,Bình Định
7094,195,2995,108.567011,13.962248,2,0,1,Bình Định
7095,195,2996,106.834027,20.338682,4,0,1,Hòa Bình
7096,195,2996,105.551542,20.856205,4,0,1,Hòa Bình
7097,195,2997,105.792952,21.086922,1,60,1,Hà Nội
7098,195,2997,105.730102,21.104087,1,60,1,Hà Nội
7099,195,2997,106.365151,21.199327,1,60,1,Hà Nội
7100,195,2998,105.100687,21.206503,4,0,1,Phú Thọ
7101,195,2998,105.100687,21.206503,4,0,1,Phú Thọ
7102,195,2999,104.080643,22.030321,1,80,1,Lao Cai
7103,195,2999,104.082501,22.033924,1,80,1,Lao Cai
7104,196,3000,104.005811,10.073399,4,0,1,Kiên Giang
7105,196,3000,103.957381,10.194635,4,0,1,Kiên Giang
7106,196,3000,103.991894,10.232658,4,0,1,Kiên Giang
7107,196,3001,106.891977,10.244363,1,60,1,Bà Rịa - Vũng Tàu
7108,196,3001,106.906294,10.263387,1,60,1,Bà Rịa - Vũng Tàu
7109,196,3002,106.883044,10.321318,4,0,1,Bà Rịa - Vũng Tàu
7110,196,3002,107.071825,10.339131,4,0,1,Bà Rịa - Vũng Tàu
7111,196,3003,105.617645,10.802566,1,60,1,Đồng Tháp
7112,196,3003,105.622111,10.820652,1,60,1,Đồng Tháp
7113,196,3004,107.403073,10.928805,4,0,1,Tây Ninh
7114,196,3004,105.774766,11.029035,4,0,1,Tây Ninh
7115,196,3005,105.710625,11.125831,2,0,1,Tây Ninh
7116,196,3005,105.266915,11.342142,2,0,1,Tây Ninh
7117,196,3006,107.627651,11.356988,4,0,1,Đồng Nai
7118,196,3006,107.568951,11.410422,4,0,1,Đồng Nai
7119,196,3006,107.487603,11.448164,4,0,1,Đồng Nai
7120,196,3007,106.981828,11.556346,4,0,1,Bình Phước
7121,196,3007,107.140238,11.713478,4,0,1,Bình Phước
7122,196,3008,108.411866,13.729105,4,0,1,Gia Lai
7123,196,3008,108.007353,13.930442,4,0,1,Gia Lai
7124,196,3009,108.889381,16.182611,4,0,1,Thừa Thiên Huế
7125,196,3009,108.265232,16.896085,4,0,1,Thừa Thiên Huế
7126,196,3009,108.181082,16.955921,4,0,1,Thừa Thiên Huế
7127,196,3009,108.181794,16.959526,4,0,1,Thừa Thiên Huế
7128,196,3010,106.830232,19.5527,4,0,1,Thái Bình
7129,196,3010,106.738232,19.925648,4,0,1,Thái Bình
7130,196,3011,106.77762,20.462829,2,0,1,Hòa Bình
7131,196,3011,105.067889,20.64095,2,0,1,Hòa Bình
7132,196,3012,105.06438,20.724091,4,0,1,Hòa Bình
7133,196,3012,105.064803,20.726798,4,0,1,Hòa Bình
7134,196,3012,105.066475,20.728314,4,0,1,Hòa Bình
7135,196,3013,106.333112,20.840878,1,60,1,Hòa Bình
7136,196,3013,105.291871,20.855729,1,60,1,Hòa Bình
7137,196,3013,105.29441,20.876539,1,60,1,Hòa Bình
7138,196,3014,107.466425,21.269008,4,0,1,Quảng Ninh
7139,196,3014,106.970111,21.32442,4,0,1,Quảng Ninh
7140,196,3015,106.974007,21.338556,2,0,1,Phú Thọ
7141,196,3015,105.253956,21.357569,2,0,1,Phú Thọ
7142,196,3016,103.382359,21.762806,2,0,1,Lao Cai
7143,196,3016,104.328279,22.068457,2,0,1,Lao Cai
7144,196,3016,104.272573,22.16496,2,0,1,Lao Cai
7145,197,3017,105.449295,9.783012,4,0,1,Trà Vinh
7146,197,3017,106.553627,9.89443,4,0,1,Trà Vinh
7147,197,3018,105.378698,10.466081,1,80,1,An Giang
7148,197,3018,105.342383,10.480493,1,80,1,An Giang
7149,197,3019,107.35345,10.821776,4,0,1,Bà Rịa - Vũng Tàu
7150,197,3019,107.353663,10.82208,4,0,1,Bà Rịa - Vũng Tàu
7151,197,3020,107.633649,11.693592,4,0,1,Khánh Hòa
7152,197,3020,107.838765,11.522323,4,0,1,Khánh Hòa
7153,197,3020,109.076974,11.955201,4,0,1,Khánh Hòa
7154,197,3020,109.081353,11.983542,4,0,1,Khánh Hòa
7155,197,3020,107.611031,11.994808,4,0,1,Khánh Hòa
7156,197,3021,108.000391,12.527451,4,0,1,Đắk Lắk
7157,197,3021,108.044163,12.578615,4,0,1,Đắk Lắk
7158,197,3021,108.075673,12.819802,4,0,1,Đắk Lắk
7159,197,3021,108.075747,12.820222,4,0,1,Đắk Lắk
7160,197,3022,108.90169,14.943329,1,80,1,Đà Nẵng
7161,197,3022,108.536546,16.404659,1,80,1,Đà Nẵng
7162,197,3022,105.764528,17.151413,1,80,1,Đà Nẵng
7163,197,3023,106.712854,19.268319,4,0,1,Thái Bình
7164,197,3023,106.785961,19.452072,4,0,1,Thái Bình
7165,197,3023,106.79518,19.646597,4,0,1,Thái Bình
7166,197,3023,106.989016,20.171268,4,0,1,Thái Bình
7167,197,3024,106.451497,21.001297,2,0,1,Hòa Bình
7168,197,3024,105.301558,21.063507,2,0,1,Hòa Bình
7169,197,3025,106.385212,21.246019,1,50,1,Hải Phòng
7170,197,3025,106.851361,21.28966,1,50,1,Hải Phòng
7171,197,3026,105.363746,21.601055,1,60,1,Yên Bái
7172,197,3026,104.907517,21.714427,1,60,1,Yên Bái
7173,197,3027,106.036236,21.780248,2,0,1,Lai Châu
7174,197,3027,103.622446,22.3402,2,0,1,Lai Châu
7175,198,3028,106.968125,9.694982,4,0,1,Trà Vinh
7176,198,3028,106.73183,9.96047,4,0,1,Trà Vinh
7177,198,3028,106.73196,9.960809,4,0,1,Trà Vinh
7178,198,3029,106.376498,10.42613,2,0,1,Long An
7179,198,3029,106.598087,10.464804,2,0,1,Long An
7180,198,3030,105.682581,10.76388,1,50,1,Đồng Tháp
7181,198,3030,105.792094,10.788198,1,50,1,Đồng Tháp
7182,198,3031,105.761021,10.789923,1,60,1,Đồng Tháp
7183,198,3031,105.923226,10.80845,1,60,1,Đồng Tháp
7184,198,3032,108.98883,11.667467,4,0,1,Ninh Thuận
7185,198,3032,108.988952,11.667893,4,0,1,Ninh Thuận
7186,198,3032,108.862149,11.679864,4,0,1,Ninh Thuận
7187,198,3033,109.012675,11.980927,1,60,1,Phú Yên
7188,198,3033,108.823715,12.959469,1,60,1,Phú Yên
7189,198,3034,109.251279,13.133253,4,0,1,Phú Yên
7190,198,3034,109.255893,13.149614,4,0,1,Phú Yên
7191,198,3035,107.939258,14.105658,1,60,1,Kon Tum
7192,198,3035,107.99334,14.253097,1,60,1,Kon Tum
7193,198,3036,107.685137,15.6765,1,60,1,Hà Tĩnh
7194,198,3036,106.70325,18.548074,1,60,1,Hà Tĩnh
7195,198,3037,106.592759,20.744079,1,60,1,Hòa Bình
7196,198,3037,105.29678,20.880346,1,60,1,Hòa Bình
7197,198,3038,106.400295,20.971701,1,50,1,Hòa Bình
7198,198,3038,105.515846,21.023964,1,50,1,Hòa Bình
7199,198,3039,106.106689,21.400115,2,0,1,Phú Thọ
7200,198,3039,105.198768,21.46272,2,0,1,Phú Thọ
7201,198,3040,106.137819,21.894096,4,0,1,Thái Nguyên
7202,198,3040,106.137913,21.894329,4,0,1,Thái Nguyên
7203,198,3041,106.410418,23.172309,4,0,1,Cao Bằng
7204,198,3041,106.415286,23.210045,4,0,1,Cao Bằng
7205,199,3042,106.511663,9.657791,4,0,1,Cà Mau
7206,199,3042,104.951953,9.580019,4,0,1,Cà Mau
7207,199,3042,106.233647,9.830995,4,0,1,Cà Mau
7208,199,3043,105.095282,11.350858,4,0,1,Đồng Nai
7209,199,3043,107.569024,11.35842,4,0,1,Đồng Nai
7210,199,3044,107.040388,11.536948,1,50,1,Ninh Thuận
7211,199,3044,109.110243,11.877599,1,50,1,Ninh Thuận
7212,199,3044,109.111781,11.882146,1,50,1,Ninh Thuận
7213,199,3044,107.783964,12.092145,1,50,1,Ninh Thuận
7214,199,3045,106.564586,18.268224,4,0,1,Hà Tĩnh
7215,199,3045,106.688272,18.493102,4,0,1,Hà Tĩnh
7216,199,3046,106.463787,19.572244,1,50,1,Thanh Hóa
7217,199,3046,105.198936,20.035118,1,50,1,Thanh Hóa
7218,199,3047,106.861381,20.055293,4,0,1,Hòa Bình
7219,199,3047,105.027794,20.143124,4,0,1,Hòa Bình
7220,199,3048,106.89056,20.90156,1,80,1,Hà Nội
7221,199,3048,105.957174,20.977921,1,80,1,Hà Nội
7222,199,3049,106.57029,21.256932,1,90,1,Bắc Giang
7223,199,3049,106.571594,21.25982,1,90,1,Bắc Giang
7224,199,3050,107.448127,21.293895,4,0,1,Phú Thọ
7225,199,3050,105.108058,21.298249,4,0,1,Phú Thọ
7226,199,3051,105.2478,21.32231,4,0,1,Bắc Giang
7227,199,3051,106.506722,21.345788,4,0,1,Bắc Giang
7228,199,3052,105.642346,21.858898,2,0,1,Tuyên Quang
7229,199,3052,105.101642,22.266099,2,0,1,Tuyên Quang
7230,199,3053,104.471612,22.286856,1,80,1,Lao Cai
7231,199,3053,104.314219,22.545687,1,80,1,Lao Cai
7232,200,3054,106.929445,10.157879,4,0,1,Bà Rịa - Vũng Tàu
7233,200,3054,106.930364,10.170406,4,0,1,Bà Rịa - Vũng Tàu
7234,200,3055,106.939008,10.193585,4,0,1,Bà Rịa - Vũng Tàu
7235,200,3055,107.08996,10.334339,4,0,1,Bà Rịa - Vũng Tàu
7236,200,3056,105.948627,10.557684,1,50,1,Bà Rịa - Vũng Tàu
7237,200,3056,107.352241,10.818092,1,50,1,Bà Rịa - Vũng Tàu
7238,200,3057,105.744215,10.960709,1,50,1,Tây Ninh
7239,200,3057,105.985268,11.000658,1,50,1,Tây Ninh
7240,200,3058,109.209249,12.006175,1,50,1,Đắk Nông
7241,200,3058,107.581288,12.039882,1,50,1,Đắk Nông
7242,200,3059,109.179772,13.612141,1,90,1,Phú Yên
7243,200,3059,109.180652,13.614291,1,90,1,Phú Yên
7244,200,3060,109.050348,14.200987,1,60,1,Kon Tum
7245,200,3060,107.99081,14.253123,1,60,1,Kon Tum
7246,200,3061,109.011909,14.671584,10,0,1,Quảng Ngãi
7247,200,3061,109.018082,14.688476,10,0,1,Quảng Ngãi
7248,200,3062,109.056043,14.550769,4,0,1,Đà Nẵng
7249,200,3062,108.337305,16.90057,4,0,1,Đà Nẵng
7250,200,3063,106.711533,18.712547,10,0,1,Hà Tĩnh
7251,200,3063,106.65265,19.053849,10,0,1,Hà Tĩnh
7252,200,3064,107.213538,20.959443,1,80,1,Quảng Ninh
7253,200,3064,107.213743,20.959768,1,80,1,Quảng Ninh
7254,200,3065,105.219486,21.203191,4,0,1,Quảng Ninh
7255,200,3065,106.982887,21.221259,4,0,1,Quảng Ninh
7256,200,3066,106.22465,21.27533,1,80,1,Phú Thọ
7257,200,3066,105.245876,21.321674,1,80,1,Phú Thọ
7258,200,3067,105.12452,21.456236,4,0,1,Thái Nguyên
7259,200,3067,105.752529,21.873495,4,0,1,Thái Nguyên
7260,201,3068,104.629392,10.322016,4,0,1,Đồng Tháp
7261,201,3068,105.395152,10.488682,4,0,1,Đồng Tháp
7262,201,3068,107.17048,10.496041,4,0,1,Đồng Tháp
7263,201,3069,105.930538,10.579847,1,50,1,Đồng Tháp
7264,201,3069,105.697831,10.706782,1,50,1,Đồng Tháp
7265,201,3070,105.486721,10.95776,4,0,1,Tây Ninh
7266,201,3070,105.775516,11.039969,4,0,1,Tây Ninh
7267,201,3070,105.722462,11.040751,4,0,1,Tây Ninh
7268,201,3071,107.021035,11.060173,1,60,1,Đồng Nai
7269,201,3071,107.021688,11.0616,1,60,1,Đồng Nai
7270,201,3072,107.024137,11.068136,1,50,1,Ninh Thuận
7271,201,3072,108.746001,11.306755,1,50,1,Ninh Thuận
7272,201,3073,109.181847,12.571314,4,0,1,Phú Yên
7273,201,3073,108.06863,12.881728,4,0,1,Phú Yên
7274,201,3073,109.104341,13.377483,4,0,1,Phú Yên
7275,201,3073,107.887532,13.818517,4,0,1,Phú Yên
7276,201,3074,106.652413,19.053465,4,0,1,Thanh Hóa
7277,201,3074,106.710263,19.2606,4,0,1,Thanh Hóa
7278,201,3075,103.979774,21.254704,4,0,1,Quảng Ninh
7279,201,3075,106.969881,21.299951,4,0,1,Quảng Ninh
7280,201,3076,104.025506,21.626205,2,0,1,Bắc Giang
7281,201,3076,106.2278,21.712029,2,0,1,Bắc Giang
7282,202,3077,106.167531,9.096988,1,50,1,Trà Vinh
7283,202,3077,106.479332,9.59666,1,50,1,Trà Vinh
7284,202,3077,106.479364,9.596518,1,50,1,Trà Vinh
7285,202,3078,105.659542,10.757468,1,60,1,TP. Hồ Chí Minh
7286,202,3078,106.928058,10.779923,1,60,1,TP. Hồ Chí Minh
7287,202,3079,108.723635,11.310941,4,0,1,Ninh Thuận
7288,202,3079,108.726468,11.316436,4,0,1,Ninh Thuận
7289,202,3080,108.730852,11.328242,4,0,1,Tây Ninh
7290,202,3080,108.740154,11.378089,4,0,1,Tây Ninh
7291,202,3080,105.866288,11.421588,4,0,1,Tây Ninh
7292,202,3080,108.842378,11.608965,4,0,1,Tây Ninh
7293,202,3080,109.034304,11.573489,4,0,1,Tây Ninh
7294,202,3081,106.598036,18.540005,1,80,1,Thanh Hóa
7295,202,3081,106.38078,19.170975,1,80,1,Thanh Hóa
7296,202,3082,106.576611,19.579597,4,0,1,Thái Bình
7297,202,3082,106.848608,19.706251,4,0,1,Thái Bình
7298,202,3082,106.722567,19.856955,4,0,1,Thái Bình
7299,202,3083,106.778247,20.39016,4,0,1,Hà Nam
7300,202,3083,105.614938,20.439115,4,0,1,Hà Nam
7301,202,3083,105.642783,20.600462,4,0,1,Hà Nam
7302,202,3084,105.513192,20.777534,1,60,1,Hòa Bình
7303,202,3084,105.561585,20.857699,1,60,1,Hòa Bình
7304,202,3085,105.044927,21.351873,1,60,1,Bắc Giang
7305,202,3085,106.52004,21.400092,1,60,1,Bắc Giang
7306,202,3086,104.916865,21.735101,2,0,1,Tuyên Quang
7307,202,3086,105.210984,21.84038,2,0,1,Tuyên Quang
7308,203,3087,106.666721,10.065137,1,60,1,Bến Tre
7309,203,3087,106.668584,10.052798,1,60,1,Bến Tre
7310,203,3088,105.408862,10.259894,4,0,1,Đồng Tháp
7311,203,3088,105.411144,10.276144,4,0,1,Đồng Tháp
7312,203,3088,104.610314,10.349534,4,0,1,Đồng Tháp
7313,203,3089,103.841909,10.355152,1,50,1,Đồng Tháp
7314,203,3089,105.410688,10.411131,1,50,1,Đồng Tháp
7315,203,3090,106.793818,10.441609,4,0,1,An Giang
7316,203,3090,105.326167,10.454036,4,0,1,An Giang
7317,203,3090,106.018166,10.457034,4,0,1,An Giang
7318,203,3091,105.832459,10.64514,1,50,1,Bà Rịa - Vũng Tàu
7319,203,3091,107.227791,10.684125,1,50,1,Bà Rịa - Vũng Tàu
7320,203,3092,106.930288,10.78426,4,0,1,Đồng Nai
7321,203,3092,107.225952,10.810117,4,0,1,Đồng Nai
7322,203,3093,105.908702,11.025521,1,60,1,Đồng Nai
7323,203,3093,107.001614,11.086409,1,60,1,Đồng Nai
7324,203,3094,108.714907,11.289733,4,0,1,An Giang
7325,203,3094,105.086001,11.335577,4,0,1,An Giang
7326,203,3095,105.898856,11.569718,4,0,1,Ninh Thuận
7327,203,3095,109.053083,11.716782,4,0,1,Ninh Thuận
7328,203,3095,109.101952,11.916972,4,0,1,Ninh Thuận
7329,203,3096,108.183224,12.785633,1,80,1,Gia Lai
7330,203,3096,107.939234,13.808324,1,80,1,Gia Lai
7331,203,3096,107.5795,13.836753,1,80,1,Gia Lai
7332,203,3097,106.971518,20.244236,11,0,1,Hải Phòng
7333,203,3097,106.880973,20.645341,11,0,1,Hải Phòng
7334,203,3098,107.951661,21.623808,1,60,1,Điện Biên
7335,203,3098,103.012929,21.63971,1,60,1,Điện Biên
7336,204,3099,105.001515,9.56952,4,0,1,Trà Vinh
7337,204,3099,105.001782,9.569968,4,0,1,Trà Vinh
7338,204,3099,106.787136,9.725537,4,0,1,Trà Vinh
7339,204,3099,106.812643,9.779379,4,0,1,Trà Vinh
7340,204,3100,105.451026,10.430461,4,0,1,Đồng Tháp
7341,204,3100,105.417537,10.631947,4,0,1,Đồng Tháp
7342,204,3101,108.067739,10.896809,4,0,1,Đồng Nai
7343,204,3101,107.233586,10.908471,4,0,1,Đồng Nai
7344,204,3102,107.633387,11.693078,4,0,1,Bình Phước
7345,204,3102,108.310242,11.541201,4,0,1,Bình Phước
7346,204,3102,107.148131,11.73994,4,0,1,Bình Phước
7347,204,3102,109.078244,11.821673,4,0,1,Bình Phước
7348,204,3103,109.098688,11.894142,4,0,1,Tây Ninh
7349,204,3103,105.796153,11.96267,4,0,1,Tây Ninh
7350,204,3104,108.07632,12.806334,4,0,1,Phú Yên
7351,204,3104,108.262986,12.847631,4,0,1,Phú Yên
7352,204,3104,109.447861,12.892424,4,0,1,Phú Yên
7353,204,3104,108.0154,13.898766,4,0,1,Phú Yên
7354,204,3105,106.842716,20.685536,4,0,1,Thái Bình
7355,204,3105,106.313133,20.585058,4,0,1,Thái Bình
7356,204,3106,106.598743,20.765676,2,0,1,Hòa Bình
7357,204,3106,105.133057,20.880457,2,0,1,Hòa Bình
7358,204,3107,106.818391,21.088099,4,0,1,Hải Phòng
7359,204,3107,106.821431,21.094749,4,0,1,Hải Phòng
7360,204,3107,106.824447,21.101294,4,0,1,Hải Phòng
7361,204,3107,107.423285,21.118038,4,0,1,Hải Phòng
7362,204,3108,106.414598,21.303062,4,0,1,Quảng Ninh
7363,204,3108,106.902052,21.323375,4,0,1,Quảng Ninh
7364,204,3109,106.794944,21.896986,2,0,1,Lao Cai
7365,204,3109,103.896667,21.972441,2,0,1,Lao Cai
7366,205,3110,106.133301,9.143783,4,0,1,Bạc Liêu
7367,205,3110,106.136756,9.148579,4,0,1,Bạc Liêu
7368,205,3111,106.479596,9.449234,1,80,1,Kiên Giang
7369,205,3111,104.504585,10.190377,1,80,1,Kiên Giang
7370,205,3112,107.147798,10.897848,4,0,1,Tây Ninh
7371,205,3112,105.599848,10.904549,4,0,1,Tây Ninh
7372,205,3112,105.806542,10.926197,4,0,1,Tây Ninh
7373,205,3112,105.368537,11.040002,4,0,1,Tây Ninh
7374,205,3113,105.10329,11.327055,11,0,1,An Giang
7375,205,3113,105.109671,11.336154,11,0,1,An Giang
7376,205,3114,105.198668,11.533303,2,0,1,Ninh Thuận
7377,205,3114,109.174882,11.557463,2,0,1,Ninh Thuận
7378,205,3115,109.067403,11.700829,4,0,1,Ninh Thuận
7379,205,3115,108.976231,11.87498,4,0,1,Ninh Thuận
7380,205,3116,107.447335,12.182597,1,50,1,Đắk Nông
7381,205,3116,107.634455,12.247337,1,50,1,Đắk Nông
7382,205,3117,109.083924,12.629265,4,0,1,Khánh Hòa
7383,205,3117,109.092131,12.646995,4,0,1,Khánh Hòa
7384,205,3118,108.264275,12.860212,4,0,1,Phú Yên
7385,205,3118,109.222596,13.024243,4,0,1,Phú Yên
7386,205,3119,108.206759,13.201653,4,0,1,Bình Định
7387,205,3119,109.226315,13.591079,4,0,1,Bình Định
7388,205,3119,109.206353,13.906503,4,0,1,Bình Định
7389,205,3119,109.211797,13.93377,4,0,1,Bình Định
7390,205,3120,105.471625,17.972697,1,70,1,Hà Tĩnh
7391,205,3120,105.192572,18.024478,1,70,1,Hà Tĩnh
7392,205,3121,106.58194,18.73301,4,0,1,Hà Tĩnh
7393,205,3121,106.582128,18.733434,4,0,1,Hà Tĩnh
7394,206,3122,106.995861,9.549172,2,0,1,Cà Mau
7395,206,3122,105.012463,9.586673,2,0,1,Cà Mau
7396,206,3123,106.97839,9.748112,4,0,1,Trà Vinh
7397,206,3123,106.414412,9.749214,4,0,1,Trà Vinh
7398,206,3124,104.808503,10.258799,4,0,1,Đồng Tháp
7399,206,3124,105.460255,10.414606,4,0,1,Đồng Tháp
7400,206,3124,107.642734,10.6513,4,0,1,Đồng Tháp
7401,206,3125,108.722909,11.236084,4,0,1,An Giang
7402,206,3125,105.099562,11.319519,4,0,1,An Giang
7403,206,3126,109.19004,12.588326,4,0,1,Bình Định
7404,206,3126,108.203609,13.195878,4,0,1,Bình Định
7405,206,3126,109.206485,14.124247,4,0,1,Bình Định
7406,206,3126,108.743647,16.044606,4,0,1,Bình Định
7407,206,3127,108.404515,16.824817,1,60,1,Quảng Trị
7408,206,3127,107.487596,16.883483,1,60,1,Quảng Trị
7409,206,3128,105.619104,21.090055,1,80,1,Phú Thọ
7410,206,3128,105.379204,21.258761,1,80,1,Phú Thọ
7411,206,3129,104.923582,21.581837,4,0,1,Thái Nguyên
7412,206,3129,105.770387,21.815404,4,0,1,Thái Nguyên
7413,207,3130,106.250704,9.245597,4,0,1,Sóc Trăng
7414,207,3130,106.097067,9.336557,4,0,1,Sóc Trăng
7415,207,3130,106.977496,9.509803,4,0,1,Sóc Trăng
7416,207,3131,105.36659,10.248856,4,0,1,Long An
7417,207,3131,106.469796,10.422141,4,0,1,Long An
7418,207,3132,105.610874,10.739016,1,60,1,Đồng Tháp
7419,207,3132,105.715912,10.776582,1,60,1,Đồng Tháp
7420,207,3132,105.632302,10.780332,1,60,1,Đồng Tháp
7421,207,3133,105.744651,10.962372,1,60,1,Tây Ninh
7422,207,3133,105.744502,10.962443,1,60,1,Tây Ninh
7423,207,3134,105.774166,11.096289,2,0,1,Tây Ninh
7424,207,3134,105.692366,11.165182,2,0,1,Tây Ninh
7425,207,3135,105.095796,11.313947,4,0,1,An Giang
7426,207,3135,105.09919,11.318713,4,0,1,An Giang
7427,207,3136,107.03986,11.534771,10,0,1,Ninh Thuận
7428,207,3136,109.067558,11.701394,10,0,1,Ninh Thuận
7429,207,3137,109.069573,14.592309,4,0,1,Đà Nẵng
7430,207,3137,108.784188,16.09402,4,0,1,Đà Nẵng
7431,207,3138,106.892882,18.436403,4,0,1,Hà Tĩnh
7432,207,3138,106.70997,18.535498,4,0,1,Hà Tĩnh
7433,207,3138,106.712496,18.541449,4,0,1,Hà Tĩnh
7434,207,3139,106.592451,18.712586,1,80,1,Hà Tĩnh
7435,207,3139,106.59632,18.718098,1,80,1,Hà Tĩnh
7436,207,3139,106.59841,18.724106,1,80,1,Hà Tĩnh
7437,207,3139,106.701743,18.730414,1,80,1,Hà Tĩnh
7438,207,3139,106.70793,18.742236,1,80,1,Hà Tĩnh
7439,207,3139,106.712321,18.760688,1,80,1,Hà Tĩnh
7440,207,3139,106.718134,18.751775,1,80,1,Hà Tĩnh
7441,207,3140,106.73424,19.795205,4,0,1,Thái Bình
7442,207,3140,106.734336,19.795373,4,0,1,Thái Bình
7443,207,3141,105.03568,20.152214,4,0,1,Thái Bình
7444,207,3141,106.750464,20.333631,4,0,1,Thái Bình
7445,207,3142,106.943895,20.619465,1,60,1,Hải Phòng
7446,207,3142,106.993953,20.633482,1,60,1,Hải Phòng
7447,207,3143,105.351808,20.672913,2,0,1,Hòa Bình
7448,207,3143,105.488406,20.702259,2,0,1,Hòa Bình
7449,207,3144,105.013428,20.849763,2,0,1,Hòa Bình
7450,207,3144,105.554043,20.859672,2,0,1,Hòa Bình
7451,207,3144,105.162879,20.920271,2,0,1,Hòa Bình
7452,207,3145,106.670882,21.037641,1,80,1,Hải Phòng
7453,207,3145,106.785129,21.075482,1,80,1,Hải Phòng
7454,207,3146,106.822169,21.17073,1,90,1,Hải Phòng
7455,207,3146,106.827645,21.180903,1,90,1,Hải Phòng
7456,207,3147,106.966018,21.287962,4,0,1,Hải Phòng
7457,207,3147,106.69562,21.313286,4,0,1,Hải Phòng
7458,207,3148,106.65176,21.449237,1,60,1,Yên Bái
7459,207,3148,104.871452,21.708873,1,60,1,Yên Bái
7460,207,3148,106.231498,21.731717,1,60,1,Yên Bái
7461,207,3149,103.386586,21.765454,2,0,1,Điện Biên
7462,207,3149,102.946948,21.796007,2,0,1,Điện Biên
7463,207,3150,104.842885,21.875711,1,80,1,Lao Cai
7464,207,3150,104.196654,22.090131,1,80,1,Lao Cai
7465,207,3150,104.778095,22.13056,1,80,1,Lao Cai
7466,208,3151,105.532896,10.652622,4,0,1,Đồng Tháp
7467,208,3151,105.538536,10.67234,4,0,1,Đồng Tháp
7468,208,3152,105.755823,10.838151,1,60,1,Đồng Tháp
7469,208,3152,105.759045,10.840463,1,60,1,Đồng Tháp
7470,208,3153,105.237997,10.92932,4,0,1,Bình Thuận
7471,208,3153,107.98094,10.94368,4,0,1,Bình Thuận
7472,208,3154,107.083772,10.946546,2,0,1,Bình Thuận
7473,208,3154,108.106362,10.967638,2,0,1,Bình Thuận
7474,208,3155,105.767808,10.976523,1,60,1,Tây Ninh
7475,208,3155,105.695122,11.050117,1,60,1,Tây Ninh
7476,208,3156,105.240237,11.059962,1,80,1,An Giang
7477,208,3156,105.210425,11.170743,1,80,1,An Giang
7478,208,3157,108.82532,11.475996,4,0,1,Tây Ninh
7479,208,3157,105.172706,11.683979,4,0,1,Tây Ninh
7480,208,3158,109.028565,11.553288,4,0,1,Lâm Đồng
7481,208,3158,108.382903,11.760102,4,0,1,Lâm Đồng
7482,208,3158,105.700737,11.905181,4,0,1,Lâm Đồng
7483,208,3159,109.036503,12.269029,4,0,1,Khánh Hòa
7484,208,3159,108.172792,12.407206,4,0,1,Khánh Hòa
7485,208,3159,109.130609,12.485527,4,0,1,Khánh Hòa
7486,208,3159,109.131576,12.488777,4,0,1,Khánh Hòa
7487,208,3159,109.132971,12.491173,4,0,1,Khánh Hòa
7488,208,3160,108.08057,12.705816,1,50,1,Phú Yên
7489,208,3160,109.272089,12.747628,1,50,1,Phú Yên
7490,208,3161,108.816732,14.007062,1,80,1,Bình Định
7491,208,3161,109.131007,14.152493,1,80,1,Bình Định
7492,208,3162,107.758593,16.59208,4,0,1,Đà Nẵng
7493,208,3162,108.314679,16.892386,4,0,1,Đà Nẵng
7494,208,3162,108.360507,16.898681,4,0,1,Đà Nẵng
7495,208,3162,108.335292,16.89884,4,0,1,Đà Nẵng
7496,208,3163,105.57142,20.881686,4,0,1,Hòa Bình
7497,208,3163,105.57142,20.881686,4,0,1,Hòa Bình
7498,208,3163,105.015481,20.925803,4,0,1,Hòa Bình
7499,209,3164,106.990897,10.050347,2,0,1,Bến Tre
7500,209,3164,106.433294,10.102957,2,0,1,Bến Tre
7501,209,3165,105.346174,10.463424,2,0,1,Đồng Tháp
7502,209,3165,105.459659,10.464527,2,0,1,Đồng Tháp
7503,209,3166,106.716723,10.478569,4,0,1,Đồng Tháp
7504,209,3166,105.504232,10.612854,4,0,1,Đồng Tháp
7505,209,3166,105.50663,10.616126,4,0,1,Đồng Tháp
7506,209,3167,106.612479,10.510112,4,0,1,Long An
7507,209,3167,106.613782,10.512433,4,0,1,Long An
7508,209,3167,105.692926,10.586552,4,0,1,Long An
7509,209,3168,105.75018,10.825467,1,60,1,Đồng Tháp
7510,209,3168,105.75273,10.828629,1,60,1,Đồng Tháp
7511,209,3168,105.751756,10.829177,1,60,1,Đồng Tháp
7512,209,3169,105.761344,10.863592,11,0,1,Đồng Tháp
7513,209,3169,105.711563,10.901429,11,0,1,Đồng Tháp
7514,209,3170,105.813364,11.188932,1,50,1,Bình Phước
7515,209,3170,107.038592,11.532712,1,50,1,Bình Phước
7516,209,3171,109.065327,11.767249,4,0,1,Bình Phước
7517,209,3171,107.188341,11.920712,4,0,1,Bình Phước
7518,209,3171,109.205911,12.291,4,0,1,Bình Phước
7519,209,3172,108.080782,12.70709,4,0,1,Phú Yên
7520,209,3172,109.272903,12.764354,4,0,1,Phú Yên
7521,209,3172,109.198611,13.415855,4,0,1,Phú Yên
7522,209,3173,106.56354,18.24587,1,80,1,Quảng Bình
7523,209,3173,106.984632,18.250614,1,80,1,Quảng Bình
7524,209,3174,106.568518,19.957042,4,0,1,Thái Bình
7525,209,3174,106.776847,20.00925,4,0,1,Thái Bình
7526,209,3175,106.366357,21.309192,4,0,1,Sơn La
7527,209,3175,103.921538,21.31741,4,0,1,Sơn La
7528,209,3176,105.351224,21.621305,2,0,1,Điện Biên
7529,209,3176,103.436309,21.520576,2,0,1,Điện Biên
7530,209,3177,105.238879,21.98191,2,0,1,Tuyên Quang
7531,209,3177,105.158517,21.999743,2,0,1,Tuyên Quang
7532,210,3178,106.437469,10.110087,1,80,1,Bến Tre
7533,210,3178,106.437911,10.110829,1,80,1,Bến Tre
7534,210,3179,104.65991,10.44848,4,0,1,An Giang
7535,210,3179,105.390327,10.622161,4,0,1,An Giang
7536,210,3179,105.515368,10.63371,4,0,1,An Giang
7537,210,3180,104.926791,10.670333,4,0,1,An Giang
7538,210,3180,104.929542,10.675969,4,0,1,An Giang
7539,210,3181,105.32483,11.028436,4,0,1,Tây Ninh
7540,210,3181,105.760078,11.040671,4,0,1,Tây Ninh
7541,210,3182,109.039097,11.727687,4,0,1,Đắk Nông
7542,210,3182,109.048439,11.743329,4,0,1,Đắk Nông
7543,210,3182,107.491875,11.972497,4,0,1,Đắk Nông
7544,210,3182,107.585888,12.026266,4,0,1,Đắk Nông
7545,210,3183,109.247842,13.672497,1,50,1,Gia Lai
7546,210,3183,107.864687,13.731397,1,50,1,Gia Lai
7547,210,3184,108.224873,16.33537,4,0,1,Đà Nẵng
7548,210,3184,108.224849,16.335468,4,0,1,Đà Nẵng
7549,210,3185,108.274318,16.718313,4,0,1,Thừa Thiên Huế
7550,210,3185,108.315001,16.896054,4,0,1,Thừa Thiên Huế
7551,210,3185,107.513394,15.440335,4,0,1,Thừa Thiên Huế
7552,210,3186,106.836111,17.988382,1,80,1,Hà Tĩnh
7553,210,3186,106.339352,19.01011,1,80,1,Hà Tĩnh
7554,210,3186,106.599829,19.83959,1,80,1,Hà Tĩnh
7555,210,3187,105.414107,20.551118,1,60,1,Hà Nội
7556,210,3187,105.653299,20.845638,1,60,1,Hà Nội
7557,210,3188,106.911427,20.90349,4,0,1,Hòa Bình
7558,210,3188,105.423605,21.017279,4,0,1,Hòa Bình
7559,210,3189,105.979577,21.032621,4,0,1,Vĩnh Phúc
7560,210,3189,105.489225,21.055507,4,0,1,Vĩnh Phúc
7561,210,3190,105.382071,21.274983,1,60,1,Phú Thọ
7562,210,3190,105.24773,21.306658,1,60,1,Phú Thọ
7563,211,3191,105.526478,10.649013,4,0,1,Đồng Tháp
7564,211,3191,105.536814,10.657291,4,0,1,Đồng Tháp
7565,211,3192,107.324716,10.701053,1,50,1,Bà Rịa - Vũng Tàu
7566,211,3192,107.332957,10.714713,1,50,1,Bà Rịa - Vũng Tàu
7567,211,3193,107.332944,10.714715,4,0,1,Bà Rịa - Vũng Tàu
7568,211,3193,107.333129,10.716068,4,0,1,Bà Rịa - Vũng Tàu
7569,211,3193,107.333815,10.715097,4,0,1,Bà Rịa - Vũng Tàu
7570,211,3194,108.788366,12.232325,1,80,1,Đắk Lắk
7571,211,3194,107.857003,12.634165,1,80,1,Đắk Lắk
7572,211,3195,109.282091,12.770058,4,0,1,Đắk Lắk
7573,211,3195,108.163493,13.341285,4,0,1,Đắk Lắk
7574,211,3195,109.242096,13.357781,4,0,1,Đắk Lắk
7575,211,3196,106.706536,18.521066,4,0,1,Thanh Hóa
7576,211,3196,106.772843,19.435787,4,0,1,Thanh Hóa
7577,211,3197,105.651452,20.299918,1,80,1,Hải Phòng
7578,211,3197,106.589131,20.62539,1,80,1,Hải Phòng
7579,211,3198,104.09046,21.201048,1,60,1,Hà Nội
7580,211,3198,105.882346,21.220194,1,60,1,Hà Nội
7581,211,3199,106.081249,21.470313,2,0,1,Quảng Ninh
7582,211,3199,108.006649,21.475388,2,0,1,Quảng Ninh
7583,212,3200,104.696599,10.249904,4,0,1,An Giang
7584,212,3200,104.831523,10.304311,4,0,1,An Giang
7585,212,3201,107.17387,10.482299,4,0,1,Bà Rịa - Vũng Tàu
7586,212,3201,107.173884,10.482313,4,0,1,Bà Rịa - Vũng Tàu
7587,212,3202,105.317171,11.015782,1,50,1,An Giang
7588,212,3202,105.31737,11.017111,1,50,1,An Giang
7589,212,3203,105.321107,11.022866,4,0,1,An Giang
7590,212,3203,105.322122,11.024442,4,0,1,An Giang
7591,212,3204,108.153619,11.128979,4,0,1,Bình Thuận
7592,212,3204,108.172994,11.143914,4,0,1,Bình Thuận
7593,212,3205,108.818824,11.45358,1,90,1,Ninh Thuận
7594,212,3205,108.818852,11.453732,1,90,1,Ninh Thuận
7595,212,3206,105.155378,11.659683,2,0,1,Ninh Thuận
7596,212,3206,109.148555,11.517826,2,0,1,Ninh Thuận
7597,212,3206,107.643194,11.894726,2,0,1,Ninh Thuận
7598,212,3207,108.215797,12.787652,4,0,1,Đắk Lắk
7599,212,3207,108.423889,12.801297,4,0,1,Đắk Lắk
7600,212,3208,108.160887,13.337186,4,0,1,Đắk Lắk
7601,212,3208,108.166006,13.343571,4,0,1,Đắk Lắk
7602,212,3208,107.914132,13.513019,4,0,1,Đắk Lắk
7603,212,3209,106.752934,19.419947,4,0,1,Thanh Hóa
7604,212,3209,106.779709,19.448993,4,0,1,Thanh Hóa
7605,212,3210,106.593123,21.319904,2,0,1,Bắc Giang
7606,212,3210,106.643443,21.384172,2,0,1,Bắc Giang
7607,212,3211,106.974168,21.390957,1,60,1,Quảng Ninh
7608,212,3211,107.561291,21.422717,1,60,1,Quảng Ninh
7609,213,3212,106.640108,9.563519,1,60,1,Trà Vinh
7610,213,3212,106.629854,9.743855,1,60,1,Trà Vinh
7611,213,3212,106.504538,9.802585,1,60,1,Trà Vinh
7612,213,3213,107.347502,10.614986,4,0,1,An Giang
7613,213,3213,105.349292,10.617344,4,0,1,An Giang
7614,213,3214,105.191518,10.570098,4,0,1,Đồng Nai
7615,213,3214,107.144435,10.891276,4,0,1,Đồng Nai
7616,213,3215,105.743643,10.949191,1,60,1,Tây Ninh
7617,213,3215,105.743697,10.949274,1,60,1,Tây Ninh
7618,213,3216,105.31857,11.019053,4,0,1,An Giang
7619,213,3216,105.320266,11.021628,4,0,1,An Giang
7620,213,3217,105.547273,11.151965,1,60,1,Tây Ninh
7621,213,3217,105.560875,11.157338,1,60,1,Tây Ninh
7622,213,3218,108.817383,11.451395,4,0,1,Tây Ninh
7623,213,3218,105.500511,11.80975,4,0,1,Tây Ninh
7624,213,3219,107.801069,16.443877,2,0,1,Quảng Nam
7625,213,3219,107.722479,15.182254,2,0,1,Quảng Nam
7626,213,3220,104.900401,19.042616,1,60,1,Thái Bình
7627,213,3220,105.062925,20.096649,1,60,1,Thái Bình
7628,213,3220,106.966738,20.190657,1,60,1,Thái Bình
7629,213,3220,106.991499,20.211361,1,60,1,Thái Bình
7630,213,3221,106.39748,20.954368,1,80,1,Hòa Bình
7631,213,3221,105.346377,21.02415,1,80,1,Hòa Bình
7632,213,3222,106.40379,21.28612,1,80,1,Hải Phòng
7633,213,3222,106.815623,21.30399,1,80,1,Hải Phòng
7634,213,3223,106.985427,21.357152,2,0,1,Yên Bái
7635,213,3223,106.157822,21.457478,2,0,1,Yên Bái
7636,213,3223,104.818472,21.641954,2,0,1,Yên Bái
7637,213,3223,106.096854,21.765921,2,0,1,Yên Bái
7638,214,3224,104.883233,8.881656,1,50,1,Cà Mau
7639,214,3224,104.972105,9.39699,1,50,1,Cà Mau
7640,214,3225,104.017852,10.054118,4,0,1,Bến Tre
7641,214,3225,105.229715,10.076248,4,0,1,Bến Tre
7642,214,3225,106.514151,10.105074,4,0,1,Bến Tre
7643,214,3225,106.25169,10.269665,4,0,1,Bến Tre
7644,214,3226,105.9692,10.978713,4,0,1,An Giang
7645,214,3226,105.432866,11.011419,4,0,1,An Giang
7646,214,3226,105.323657,11.025601,4,0,1,An Giang
7647,214,3227,107.630193,11.380147,4,0,1,Đồng Nai
7648,214,3227,107.631793,11.382656,4,0,1,Đồng Nai
7649,214,3228,108.690928,16.129188,4,0,1,Đà Nẵng
7650,214,3228,108.300645,16.749019,4,0,1,Đà Nẵng
7651,214,3229,106.635049,18.966073,1,60,1,Thanh Hóa
7652,214,3229,106.581891,19.206853,1,60,1,Thanh Hóa
7653,214,3230,106.768617,19.413172,4,0,1,Nghệ An
7654,214,3230,106.580375,19.757929,4,0,1,Nghệ An
7655,214,3230,105.044851,20.059078,4,0,1,Nghệ An
7656,214,3230,105.024706,20.135776,4,0,1,Nghệ An
7657,214,3230,106.837016,20.14633,4,0,1,Nghệ An
7658,214,3231,105.822471,20.937635,4,0,1,Hải Phòng
7659,214,3231,106.942601,20.947266,4,0,1,Hải Phòng
7660,214,3231,106.94444,20.96008,4,0,1,Hải Phòng
7661,214,3232,105.390056,22.09518,2,0,1,Lạng Sơn
7662,214,3232,106.902858,22.383792,2,0,1,Lạng Sơn
7663,215,3233,106.160672,9.17697,4,0,1,Sóc Trăng
7664,215,3233,106.170085,9.216495,4,0,1,Sóc Trăng
7665,215,3234,105.532523,10.144667,1,80,1,Vinh Long
7666,215,3234,106.023277,10.324086,1,80,1,Vinh Long
7667,215,3234,106.031647,10.336462,1,80,1,Vinh Long
7668,215,3235,106.544329,10.776651,2,0,1,Đồng Tháp
7669,215,3235,105.456574,10.836775,2,0,1,Đồng Tháp
7670,215,3235,106.871484,10.83816,2,0,1,Đồng Tháp
7671,215,3236,105.809424,10.874438,4,0,1,Đồng Tháp
7672,215,3236,105.815473,10.883935,4,0,1,Đồng Tháp
7673,215,3237,107.519774,11.226505,4,0,1,Đồng Nai
7674,215,3237,107.546028,11.253022,4,0,1,Đồng Nai
7675,215,3238,109.049507,11.538813,2,0,1,Ninh Thuận
7676,215,3238,109.040849,11.583674,2,0,1,Ninh Thuận
7677,215,3239,109.077584,12.216398,4,0,1,Đắk Lắk
7678,215,3239,108.028003,12.567531,4,0,1,Đắk Lắk
7679,215,3239,109.368943,12.831207,4,0,1,Đắk Lắk
7680,215,3240,108.066366,13.979185,4,0,1,Gia Lai
7681,215,3240,108.247091,14.019588,4,0,1,Gia Lai
7682,215,3241,107.868517,14.057348,2,0,1,Bình Định
7683,215,3241,108.977581,14.372177,2,0,1,Bình Định
7684,215,3242,106.804761,19.876461,4,0,1,Nghệ An
7685,215,3242,105.046475,20.059955,4,0,1,Nghệ An
7686,215,3242,105.048564,20.074247,4,0,1,Nghệ An
7687,215,3242,105.060466,20.075559,4,0,1,Nghệ An
7688,215,3243,105.359383,20.650729,1,50,1,Hòa Bình
7689,215,3243,105.096735,20.824073,1,50,1,Hòa Bình
7690,215,3244,105.6631,20.83159,1,60,1,Hà Nội
7691,215,3244,105.663808,20.832571,1,60,1,Hà Nội
7692,215,3244,105.664244,20.83325,1,60,1,Hà Nội
7693,215,3245,104.225392,21.186744,1,60,1,Phú Thọ
7694,215,3245,105.109497,21.232717,1,60,1,Phú Thọ
7695,215,3246,105.249001,21.34045,4,0,1,Quảng Ninh
7696,215,3246,107.65629,21.356221,4,0,1,Quảng Ninh
7697,215,3247,104.770487,21.495278,2,0,1,Lạng Sơn
7698,215,3247,106.714198,21.565096,2,0,1,Lạng Sơn
7699,215,3248,104.033119,22.616812,1,60,1,Hà Giang
7700,215,3248,105.174706,22.514261,1,60,1,Hà Giang
7701,216,3249,106.015492,9.034621,4,0,1,Sóc Trăng
7702,216,3249,106.277193,9.174228,4,0,1,Sóc Trăng
7703,216,3249,106.009243,9.765396,4,0,1,Sóc Trăng
7704,216,3250,106.028236,10.330876,1,80,1,Vinh Long
7705,216,3250,106.041449,10.347324,1,80,1,Vinh Long
7706,216,3251,106.523373,10.747477,2,0,1,Đồng Tháp
7707,216,3251,105.942069,10.76919,2,0,1,Đồng Tháp
7708,216,3252,107.447989,11.938783,4,0,1,Khánh Hòa
7709,216,3252,109.084839,12.016632,4,0,1,Khánh Hòa
7710,216,3253,106.853244,19.727488,4,0,1,Thái Bình
7711,216,3253,106.857407,19.733093,4,0,1,Thái Bình
7712,216,3253,106.580103,19.757657,4,0,1,Thái Bình
7713,216,3253,106.664295,19.958441,4,0,1,Thái Bình
7714,216,3253,106.664487,19.958517,4,0,1,Thái Bình
7715,216,3254,106.919452,20.786332,2,0,1,Hòa Bình
7716,216,3254,105.206764,20.844245,2,0,1,Hòa Bình
7717,216,3255,103.75238,21.430954,2,0,1,Lạng Sơn
7718,216,3255,106.982612,21.455343,2,0,1,Lạng Sơn
7719,216,3256,106.403079,21.718282,2,0,1,Lao Cai
7720,216,3256,103.78724,22.408352,2,0,1,Lao Cai
7721,217,3257,106.713115,9.993779,2,0,1,Bến Tre
7722,217,3257,106.716301,10.151537,2,0,1,Bến Tre
7723,217,3258,107.099904,10.349976,4,0,1,An Giang
7724,217,3258,105.19271,10.470943,4,0,1,An Giang
7725,217,3259,105.597766,10.75374,4,0,1,Đồng Tháp
7726,217,3259,105.467183,10.823531,4,0,1,Đồng Tháp
7727,217,3260,107.118196,10.855538,4,0,1,Đồng Nai
7728,217,3260,107.398646,10.913771,4,0,1,Đồng Nai
7729,217,3261,107.4594,11.06532,4,0,1,Đồng Nai
7730,217,3261,107.623695,11.173223,4,0,1,Đồng Nai
7731,217,3262,107.565957,11.741982,4,0,1,Đắk Nông
7732,217,3262,108.347418,11.896531,4,0,1,Đắk Nông
7733,217,3262,107.704648,11.994792,4,0,1,Đắk Nông
7734,217,3262,108.016713,12.543536,4,0,1,Đắk Nông
7735,217,3262,108.215022,13.094392,4,0,1,Đắk Nông
7736,217,3263,106.972128,18.244619,1,80,1,Hà Tĩnh
7737,217,3263,106.649618,18.610527,1,80,1,Hà Tĩnh
7738,217,3263,106.249654,18.836631,1,80,1,Hà Tĩnh
7739,217,3264,106.989548,20.521891,1,80,1,Thái Bình
7740,217,3264,106.598039,20.537607,1,80,1,Thái Bình
7741,217,3265,106.319033,20.702643,4,0,1,Hải Dương
7742,217,3265,106.320467,20.704419,4,0,1,Hải Dương
7743,217,3266,105.146394,20.893191,4,0,1,Hòa Bình
7744,217,3266,105.140727,20.894807,4,0,1,Hòa Bình
7745,217,3267,105.693758,21.061568,4,0,1,Hải Phòng
7746,217,3267,106.889073,21.065408,4,0,1,Hải Phòng
7747,218,3268,106.696694,10.825841,4,0,1,Đồng Tháp
7748,218,3268,105.516488,10.843163,4,0,1,Đồng Tháp
7749,218,3269,107.53983,10.863769,2,0,1,Đồng Nai
7750,218,3269,107.117665,10.88876,2,0,1,Đồng Nai
7751,218,3270,105.976573,10.943399,1,50,1,Đồng Nai
7752,218,3270,107.445594,11.02776,1,50,1,Đồng Nai
7753,218,3271,107.447587,11.02899,4,0,1,Đồng Nai
7754,218,3271,107.448634,11.030106,4,0,1,Đồng Nai
7755,218,3272,107.499818,11.294156,4,0,1,An Giang
7756,218,3272,105.105904,11.331773,4,0,1,An Giang
7757,218,3273,105.450975,11.41766,1,60,1,Đồng Nai
7758,218,3273,107.436896,11.421553,1,60,1,Đồng Nai
7759,218,3273,105.477813,11.438584,1,60,1,Đồng Nai
7760,218,3274,108.65698,12.105516,2,0,1,Đắk Lắk
7761,218,3274,107.819966,12.490877,2,0,1,Đắk Lắk
7762,218,3275,108.325211,12.601364,4,0,1,Đắk Lắk
7763,218,3275,108.059511,12.711971,4,0,1,Đắk Lắk
7764,218,3276,108.095808,12.842931,4,0,1,Đắk Lắk
7765,218,3276,107.878612,13.057859,4,0,1,Đắk Lắk
7766,218,3277,109.113819,13.780391,4,0,1,Bình Định
7767,218,3277,108.065502,13.980826,4,0,1,Bình Định
7768,218,3277,109.027702,14.455682,4,0,1,Bình Định
7769,218,3277,109.063166,14.501965,4,0,1,Bình Định
7770,218,3278,108.140455,16.985622,4,0,1,Quảng Nam
7771,218,3278,108.146353,15.000351,4,0,1,Quảng Nam
7772,218,3279,106.261795,21.278417,1,60,1,Quảng Ninh
7773,218,3279,106.990375,21.3458,1,60,1,Quảng Ninh
7774,218,3280,105.338789,21.494631,1,50,1,Thái Nguyên
7775,218,3280,105.667644,21.531068,1,50,1,Thái Nguyên
7776,218,3281,105.446975,22.447477,1,80,1,Lao Cai
7777,218,3281,104.050715,22.647258,1,80,1,Lao Cai
7778,219,3282,106.24756,9.448619,1,80,1,Trà Vinh
7779,219,3282,106.658731,9.455279,1,80,1,Trà Vinh
7780,219,3283,106.149259,9.851699,1,50,1,Trà Vinh
7781,219,3283,106.150615,9.875091,1,50,1,Trà Vinh
7782,219,3284,106.2427,10.630379,4,0,1,Long An
7783,219,3284,106.243664,10.631421,4,0,1,Long An
7784,219,3284,106.249678,10.638457,4,0,1,Long An
7785,219,3285,106.267596,10.647955,4,0,1,An Giang
7786,219,3285,105.359843,10.648733,4,0,1,An Giang
7787,219,3286,107.443993,11.024457,4,0,1,Đồng Nai
7788,219,3286,107.449337,11.031093,4,0,1,Đồng Nai
7789,219,3286,107.381093,11.229182,4,0,1,Đồng Nai
7790,219,3287,105.436736,11.388086,1,60,1,Tây Ninh
7791,219,3287,105.242362,11.394926,1,60,1,Tây Ninh
7792,219,3287,105.497679,11.45303,1,60,1,Tây Ninh
7793,219,3288,105.680024,11.651235,2,0,1,Đắk Nông
7794,219,3288,107.544104,11.704692,2,0,1,Đắk Nông
7795,219,3289,108.371666,11.729361,4,0,1,Lâm Đồng
7796,219,3289,108.403106,11.776859,4,0,1,Lâm Đồng
7797,219,3290,108.105158,16.833623,1,80,1,Thừa Thiên Huế
7798,219,3290,108.181459,16.943122,1,80,1,Thừa Thiên Huế
7799,219,3291,106.412579,20.999774,1,80,1,Hòa Bình
7800,219,3291,105.325123,21.023961,1,80,1,Hòa Bình
7801,219,3291,107.371892,21.037683,1,80,1,Hòa Bình
7802,219,3292,106.966946,21.200279,2,0,1,Hải Phòng
7803,219,3292,106.675783,21.243142,2,0,1,Hải Phòng
7804,219,3293,104.760502,21.976327,1,80,1,Lao Cai
7805,219,3293,104.332682,22.316983,1,80,1,Lao Cai
7806,220,3294,106.770532,10.02836,4,0,1,Bến Tre
7807,220,3294,106.774315,10.032547,4,0,1,Bến Tre
7808,220,3294,106.415964,10.262121,4,0,1,Bến Tre
7809,220,3295,105.230906,10.587341,4,0,1,Đồng Tháp
7810,220,3295,105.774002,10.758796,4,0,1,Đồng Tháp
7811,220,3295,105.774876,10.75979,4,0,1,Đồng Tháp
7812,220,3295,105.775406,10.77169,4,0,1,Đồng Tháp
7813,220,3295,105.775362,10.771544,4,0,1,Đồng Tháp
7814,220,3296,107.605485,11.307324,4,0,1,An Giang
7815,220,3296,105.20375,11.363087,4,0,1,An Giang
7816,220,3296,107.749849,11.612022,4,0,1,An Giang
7817,220,3297,105.693705,11.801584,4,0,1,Lâm Đồng
7818,220,3297,108.698099,11.84346,4,0,1,Lâm Đồng
7819,220,3298,108.049415,12.590532,11,0,1,Đắk Lắk
7820,220,3298,108.066493,12.59744,11,0,1,Đắk Lắk
7821,220,3298,108.054081,12.704975,11,0,1,Đắk Lắk
7822,220,3299,105.088253,20.17374,1,80,1,Hòa Bình
7823,220,3299,106.861126,20.238627,1,80,1,Hòa Bình
7824,220,3299,105.12754,20.35307,1,80,1,Hòa Bình
7825,220,3299,105.009934,20.542129,1,80,1,Hòa Bình
7826,220,3300,106.695273,21.313017,4,0,1,Bắc Giang
7827,220,3300,106.405451,21.344153,4,0,1,Bắc Giang
7828,220,3301,104.753295,21.693165,1,80,1,Lao Cai
7829,220,3301,103.994958,22.039659,1,80,1,Lao Cai
7830,220,3302,105.443813,22.444785,4,0,1,Hà Giang
7831,220,3302,104.981872,22.821256,4,0,1,Hà Giang
7832,221,3303,105.553783,10.52355,4,0,1,Đồng Tháp
7833,221,3303,105.508361,10.835457,4,0,1,Đồng Tháp
7834,221,3303,105.744578,10.842093,4,0,1,Đồng Tháp
7835,221,3303,105.774091,10.849292,4,0,1,Đồng Tháp
7836,221,3304,105.448057,10.936748,4,0,1,Đồng Tháp
7837,221,3304,105.448639,10.935301,4,0,1,Đồng Tháp
7838,221,3305,105.799249,11.2949,4,0,1,An Giang
7839,221,3305,105.139903,11.396395,4,0,1,An Giang
7840,221,3306,108.393919,11.765733,4,0,1,Tây Ninh
7841,221,3306,105.688774,11.7951,4,0,1,Tây Ninh
7842,221,3307,108.551424,12.166137,4,0,1,Phú Yên
7843,221,3307,109.211734,13.004887,4,0,1,Phú Yên
7844,221,3307,109.125606,13.853023,4,0,1,Phú Yên
7845,221,3308,105.149748,20.433051,4,0,1,Hải Dương
7846,221,3308,106.321252,20.706433,4,0,1,Hải Dương
7847,221,3309,106.912008,21.006273,4,0,1,Hải Phòng
7848,221,3309,106.912196,21.006487,4,0,1,Hải Phòng
7849,221,3310,103.956886,22.047497,1,80,1,Điện Biên
7850,221,3310,102.498032,22.151776,1,80,1,Điện Biên
7851,221,3311,104.106423,22.342787,4,0,1,Lao Cai
7852,221,3311,103.974907,22.475045,4,0,1,Lao Cai
7853,222,3312,106.163373,9.159884,4,0,1,Bến Tre
7854,222,3312,106.274109,10.105199,4,0,1,Bến Tre
7855,222,3312,105.343597,10.375495,4,0,1,Bến Tre
7856,222,3313,105.719817,10.731623,1,80,1,Đồng Tháp
7857,222,3313,105.719758,10.731575,1,80,1,Đồng Tháp
7858,222,3314,105.07051,10.811671,1,50,1,Đồng Tháp
7859,222,3314,105.810076,10.837711,1,50,1,Đồng Tháp
7860,222,3315,105.754031,10.871749,1,50,1,Đồng Nai
7861,222,3315,107.278869,10.998004,1,50,1,Đồng Nai
7862,222,3316,105.694875,11.068122,1,60,1,Tây Ninh
7863,222,3316,105.536895,11.160484,1,60,1,Tây Ninh
7864,222,3317,108.8053,11.447382,4,0,1,Ninh Thuận
7865,222,3317,108.888842,11.520104,4,0,1,Ninh Thuận
7866,222,3318,109.133207,12.496367,4,0,1,Phú Yên
7867,222,3318,109.101483,12.650321,4,0,1,Phú Yên
7868,222,3318,109.418844,12.877351,4,0,1,Phú Yên
7869,222,3318,108.233777,12.942429,4,0,1,Phú Yên
7870,222,3319,108.95517,14.352777,4,0,1,Đà Nẵng
7871,222,3319,108.110729,16.160506,4,0,1,Đà Nẵng
7872,222,3320,107.74497,16.792281,1,80,1,Quảng Nam
7873,222,3320,107.556267,15.126611,1,80,1,Quảng Nam
7874,222,3321,104.919302,19.501681,1,60,1,Thái Bình
7875,222,3321,106.663884,19.902742,1,60,1,Thái Bình
7876,222,3322,105.324419,20.148931,1,50,1,Thái Bình
7877,222,3322,106.967823,20.183321,1,50,1,Thái Bình
7878,222,3322,106.794382,20.243263,1,50,1,Thái Bình
7879,222,3323,105.208409,20.838192,1,80,1,Hà Nội
7880,222,3323,105.789864,20.857421,1,80,1,Hà Nội
7881,222,3324,106.885957,20.977224,10,0,1,Hải Phòng
7882,222,3324,106.891858,20.98271,10,0,1,Hải Phòng
7883,222,3325,105.687347,21.043551,2,0,1,Vĩnh Phúc
7884,222,3325,105.441298,21.154775,2,0,1,Vĩnh Phúc
7885,222,3326,104.54211,21.268873,4,0,1,Yên Bái
7886,222,3326,104.542355,21.269125,4,0,1,Yên Bái
7887,222,3327,107.668251,21.366573,4,0,1,Điện Biên
7888,222,3327,103.015365,21.393353,4,0,1,Điện Biên
7889,222,3327,103.022412,21.398871,4,0,1,Điện Biên
7890,222,3328,106.254136,21.434413,2,0,1,Quảng Ninh
7891,222,3328,107.958176,21.437894,2,0,1,Quảng Ninh
7892,222,3328,106.893552,21.462648,2,0,1,Quảng Ninh
7893,223,3329,106.060544,9.057345,4,0,1,Bạc Liêu
7894,223,3329,106.06794,9.076014,4,0,1,Bạc Liêu
7895,223,3330,106.483673,9.550444,1,80,1,Trà Vinh
7896,223,3330,106.48572,9.553739,1,80,1,Trà Vinh
7897,223,3330,106.487874,9.554954,1,80,1,Trà Vinh
7898,223,3331,106.322299,10.166195,4,0,1,Bến Tre
7899,223,3331,106.395395,10.231146,4,0,1,Bến Tre
7900,223,3332,105.955578,10.760987,1,50,1,Đồng Tháp
7901,223,3332,105.753299,10.768745,1,50,1,Đồng Tháp
7902,223,3332,105.788609,10.78369,1,50,1,Đồng Tháp
7903,223,3333,105.901677,11.022032,1,60,1,Đồng Nai
7904,223,3333,107.011174,11.031369,1,60,1,Đồng Nai
7905,223,3334,109.050367,12.48749,1,70,1,Khánh Hòa
7906,223,3334,109.051451,12.488561,1,70,1,Khánh Hòa
7907,223,3335,109.010309,13.560617,4,0,1,Phú Yên
7908,223,3335,109.017079,13.567279,4,0,1,Phú Yên
7909,223,3336,108.669831,14.726031,2,0,1,Đà Nẵng
7910,223,3336,108.571237,16.427433,2,0,1,Đà Nẵng
7911,223,3337,108.578668,16.436036,1,50,1,Đà Nẵng
7912,223,3337,108.35875,16.791938,1,50,1,Đà Nẵng
7913,223,3338,106.402054,19.943167,4,0,1,Thái Bình
7914,223,3338,106.760757,19.960979,4,0,1,Thái Bình
7915,223,3339,105.46094,20.78116,1,50,1,Hòa Bình
7916,223,3339,105.461774,20.782005,1,50,1,Hòa Bình
7917,223,3340,106.90744,21.075571,2,0,1,Phú Thọ
7918,223,3340,105.280596,21.129076,2,0,1,Phú Thọ
7919,223,3341,106.352394,21.15901,1,60,1,Bắc Giang
7920,223,3341,106.343019,21.253694,1,60,1,Bắc Giang
7921,223,3342,104.919616,21.577654,4,0,1,Yên Bái
7922,223,3342,104.921945,21.580001,4,0,1,Yên Bái
7923,223,3342,105.730799,21.75428,4,0,1,Yên Bái
7924,223,3343,103.972845,22.473879,4,0,1,Hà Giang
7925,223,3343,105.202239,22.5795,4,0,1,Hà Giang
7926,224,3344,106.188047,9.442682,4,0,1,Trà Vinh
7927,224,3344,106.821252,9.536846,4,0,1,Trà Vinh
7928,224,3344,106.457972,9.784603,4,0,1,Trà Vinh
7929,224,3345,105.296771,10.018361,1,90,1,Kiên Giang
7930,224,3345,105.296873,10.01846,1,90,1,Kiên Giang
7931,224,3346,105.316779,10.038464,4,0,1,Kiên Giang
7932,224,3346,106.208744,10.040242,4,0,1,Kiên Giang
7933,224,3346,105.319338,10.041968,4,0,1,Kiên Giang
7934,224,3346,106.285686,10.118582,4,0,1,Kiên Giang
7935,224,3346,106.307513,10.139678,4,0,1,Kiên Giang
7936,224,3347,106.402602,10.237443,4,0,1,Bến Tre
7937,224,3347,106.428793,10.254315,4,0,1,Bến Tre
7938,224,3348,106.617059,10.328894,10,0,1,An Giang
7939,224,3348,104.642175,10.402323,10,0,1,An Giang
7940,224,3349,105.398684,10.660558,11,0,1,Đồng Tháp
7941,224,3349,105.680551,10.574195,11,0,1,Đồng Tháp
7942,224,3350,105.810799,10.838462,1,50,1,Bình Thuận
7943,224,3350,107.923993,10.857793,1,50,1,Bình Thuận
7944,224,3351,105.658616,11.324611,1,60,1,Đồng Nai
7945,224,3351,107.157227,11.329302,1,60,1,Đồng Nai
7946,224,3352,108.749414,11.391671,4,0,1,Đắk Nông
7947,224,3352,107.655719,11.400401,4,0,1,Đắk Nông
7948,224,3352,107.6767,11.418117,4,0,1,Đắk Nông
7949,224,3352,105.88035,11.451384,4,0,1,Đắk Nông
7950,224,3353,107.879537,13.765451,1,60,1,Bình Định
7951,224,3353,108.562222,13.981655,1,60,1,Bình Định
7952,224,3354,108.236664,15.081505,11,0,1,Quảng Nam
7953,224,3354,108.238173,15.084256,11,0,1,Quảng Nam
7954,224,3355,107.476555,15.647616,2,0,1,Quảng Nam
7955,224,3355,107.338037,15.583108,2,0,1,Quảng Nam
7956,224,3356,106.996581,21.371765,4,0,1,Bắc Giang
7957,224,3356,106.231584,21.424432,4,0,1,Bắc Giang
7958,224,3356,105.362325,21.498777,4,0,1,Bắc Giang
7959,224,3357,104.892955,21.581698,1,60,1,Yên Bái
7960,224,3357,104.880475,21.583924,1,60,1,Yên Bái
7961,225,3358,106.26508,9.608475,4,0,1,Trà Vinh
7962,225,3358,106.67028,9.637484,4,0,1,Trà Vinh
7963,225,3359,106.011466,9.757001,4,0,1,Sóc Trăng
7964,225,3359,106.054899,9.817488,4,0,1,Sóc Trăng
7965,225,3359,106.055341,9.818812,4,0,1,Sóc Trăng
7966,225,3360,106.674675,10.073201,2,0,1,Bến Tre
7967,225,3360,106.891626,10.111147,2,0,1,Bến Tre
7968,225,3360,106.288151,10.120181,2,0,1,Bến Tre
7969,225,3361,106.842201,10.283647,1,60,1,Tiền Giang
7970,225,3361,106.431989,10.357173,1,60,1,Tiền Giang
7971,225,3362,106.955564,10.678579,1,50,1,Đồng Tháp
7972,225,3362,105.737948,10.547482,1,50,1,Đồng Tháp
7973,225,3363,107.517611,12.188038,1,80,1,Đắk Nông
7974,225,3363,107.72531,12.489126,1,80,1,Đắk Nông
7975,225,3364,107.870205,12.637681,1,50,1,Phú Yên
7976,225,3364,109.20806,13.4674,1,50,1,Phú Yên
7977,225,3365,107.723894,15.183582,1,60,1,Quảng Bình
7978,225,3365,106.958666,18.240162,1,60,1,Quảng Bình
7979,225,3366,106.906218,20.546322,4,0,1,Hòa Bình
7980,225,3366,105.112089,20.549645,4,0,1,Hòa Bình
7981,225,3366,105.121612,20.564526,4,0,1,Hòa Bình
7982,225,3367,106.921375,21.015932,4,0,1,Hải Phòng
7983,225,3367,106.925785,21.021372,4,0,1,Hải Phòng
7984,225,3368,105.101329,21.247979,4,0,1,Bắc Giang
7985,225,3368,106.555243,21.266151,4,0,1,Bắc Giang
7986,226,3369,106.240043,9.86463,1,60,1,Trà Vinh
7987,226,3369,106.697854,9.956173,1,60,1,Trà Vinh
7988,226,3370,106.146578,9.976255,4,0,1,Trà Vinh
7989,226,3370,106.743714,10.022545,4,0,1,Trà Vinh
7990,226,3370,106.746068,10.02401,4,0,1,Trà Vinh
7991,226,3370,106.745809,10.02652,4,0,1,Trà Vinh
7992,226,3371,106.255596,10.098858,10,0,1,Bến Tre
7993,226,3371,106.277958,10.110104,10,0,1,Bến Tre
7994,226,3372,105.778018,10.773588,1,60,1,Đồng Tháp
7995,226,3372,105.77999,10.776568,1,60,1,Đồng Tháp
7996,226,3373,107.398224,10.913392,4,0,1,Bình Thuận
7997,226,3373,108.113688,11.077248,4,0,1,Bình Thuận
7998,226,3374,107.997537,11.656451,1,80,1,Lâm Đồng
7999,226,3374,108.222711,11.762136,1,80,1,Lâm Đồng
8000,226,3375,109.242613,12.707529,2,0,1,Phú Yên
8001,226,3375,109.005777,13.545896,2,0,1,Phú Yên
8002,226,3376,108.398264,16.013185,2,0,1,Đà Nẵng
8003,226,3376,108.890592,16.050924,2,0,1,Đà Nẵng
8004,226,3377,108.585832,16.433413,1,50,1,Thừa Thiên Huế
8005,226,3377,107.797112,16.444071,1,50,1,Thừa Thiên Huế
8006,226,3377,108.50412,16.462649,1,50,1,Thừa Thiên Huế
8007,226,3378,108.261079,16.537847,4,0,1,Đà Nẵng
8008,226,3378,108.261541,16.538395,4,0,1,Đà Nẵng
8009,226,3378,108.292663,16.741298,4,0,1,Đà Nẵng
8010,226,3379,105.911574,17.026593,1,60,1,Hà Tĩnh
8011,226,3379,106.853628,18.490242,1,60,1,Hà Tĩnh
8012,226,3380,104.673068,20.483275,2,0,1,Hải Phòng
8013,226,3380,106.74643,20.585704,2,0,1,Hải Phòng
8014,226,3381,106.832231,20.715786,1,80,1,Hòa Bình
8015,226,3381,105.263085,20.782407,1,80,1,Hòa Bình
8016,226,3382,105.378055,21.496547,1,80,1,Điện Biên
8017,226,3382,103.024138,21.503209,1,80,1,Điện Biên
8018,226,3383,106.055584,22.02245,1,60,1,Lạng Sơn
8019,226,3383,106.329445,22.189901,1,60,1,Lạng Sơn
8020,227,3384,106.489339,9.46833,4,0,1,Sóc Trăng
8021,227,3384,106.266126,9.607629,4,0,1,Sóc Trăng
8022,227,3385,106.950143,9.537839,2,0,1,Trà Vinh
8023,227,3385,106.941025,9.564894,2,0,1,Trà Vinh
8024,227,3385,106.005871,9.752551,2,0,1,Trà Vinh
8025,227,3386,106.071879,9.823919,4,0,1,Trà Vinh
8026,227,3386,106.655068,9.859623,4,0,1,Trà Vinh
8027,227,3387,105.040048,10.359377,4,0,1,An Giang
8028,227,3387,105.317937,10.423225,4,0,1,An Giang
8029,227,3388,105.780399,10.77696,4,0,1,Đồng Tháp
8030,227,3388,105.781398,10.775873,4,0,1,Đồng Tháp
8031,227,3389,105.516169,10.842536,4,0,1,Đồng Tháp
8032,227,3389,105.517745,10.844931,4,0,1,Đồng Tháp
8033,227,3389,107.1056,10.862365,4,0,1,Đồng Tháp
8034,227,3390,107.838002,11.671433,4,0,1,Ninh Thuận
8035,227,3390,108.963669,11.584439,4,0,1,Ninh Thuận
8036,227,3391,108.971219,12.414394,4,0,1,Khánh Hòa
8037,227,3391,109.029518,12.469696,4,0,1,Khánh Hòa
8038,227,3391,109.043158,12.47184,4,0,1,Khánh Hòa
8039,227,3392,109.215928,13.425654,1,60,1,Phú Yên
8040,227,3392,109.20766,13.465919,1,60,1,Phú Yên
8041,227,3393,108.645413,13.861138,4,0,1,Bình Định
8042,227,3393,108.645682,13.861249,4,0,1,Bình Định
8043,227,3394,106.658269,19.468501,1,80,1,Thái Bình
8044,227,3394,106.922743,19.936827,1,80,1,Thái Bình
8045,227,3395,105.182115,19.988047,1,50,1,Thái Bình
8046,227,3395,106.948337,20.182357,1,50,1,Thái Bình
8047,227,3396,105.030159,20.300227,4,0,1,Thái Bình
8048,227,3396,106.51876,20.403434,4,0,1,Thái Bình
8049,228,3397,106.610135,9.821222,2,0,1,Trà Vinh
8050,228,3397,106.688173,9.887189,2,0,1,Trà Vinh
8051,228,3398,106.885408,10.22665,1,60,1,Bà Rịa - Vũng Tàu
8052,228,3398,106.885604,10.226532,1,60,1,Bà Rịa - Vũng Tàu
8053,228,3399,105.459745,10.565568,4,0,1,Đồng Tháp
8054,228,3399,105.459745,10.565568,4,0,1,Đồng Tháp
8055,228,3400,108.243928,11.201795,4,0,1,Bình Thuận
8056,228,3400,108.267349,11.213828,4,0,1,Bình Thuận
8057,228,3401,108.382586,12.18022,2,0,1,Khánh Hòa
8058,228,3401,109.163789,12.294656,2,0,1,Khánh Hòa
8059,228,3402,108.986487,12.427394,4,0,1,Khánh Hòa
8060,228,3402,109.016666,12.445939,4,0,1,Khánh Hòa
8061,228,3403,108.178878,12.751603,1,50,1,Đắk Lắk
8062,228,3403,108.183653,12.75652,1,50,1,Đắk Lắk
8063,228,3404,107.809347,13.580696,1,80,1,Gia Lai
8064,228,3404,107.849714,13.725967,1,80,1,Gia Lai
8065,228,3405,105.365103,20.484496,1,50,1,Hòa Bình
8066,228,3405,105.369037,20.487076,1,50,1,Hòa Bình
8067,228,3406,105.169803,20.718284,1,80,1,Hòa Bình
8068,228,3406,105.294488,20.72222,1,80,1,Hòa Bình
8069,228,3407,105.202384,20.875043,1,60,1,Hòa Bình
8070,228,3407,105.139587,20.886558,1,60,1,Hòa Bình
8071,228,3408,105.601804,20.948632,1,60,1,Quảng Ninh
8072,228,3408,107.495449,21.116223,1,60,1,Quảng Ninh
8073,228,3409,106.39376,21.174806,1,50,1,Bắc Giang
8074,228,3409,106.271563,21.293446,1,50,1,Bắc Giang
8075,228,3410,106.225084,21.40872,1,60,1,Bắc Giang
8076,228,3410,106.234195,21.41694,1,60,1,Bắc Giang
8077,228,3411,105.574399,22.022127,1,80,1,Lai Châu
8078,228,3411,103.690266,22.29152,1,80,1,Lai Châu
8079,229,3412,106.029487,9.046602,4,0,1,Sóc Trăng
8080,229,3412,106.25361,9.249613,4,0,1,Sóc Trăng
8081,229,3413,106.679211,9.814682,1,60,1,Trà Vinh
8082,229,3413,106.614509,9.826089,1,60,1,Trà Vinh
8083,229,3413,106.641188,9.848017,1,60,1,Trà Vinh
8084,229,3414,106.641223,9.848058,4,0,1,Trà Vinh
8085,229,3414,106.670353,9.8659,4,0,1,Trà Vinh
8086,229,3415,106.697824,9.879842,4,0,1,Trà Vinh
8087,229,3415,106.135666,9.881721,4,0,1,Trà Vinh
8088,229,3416,106.166403,9.897996,4,0,1,Trà Vinh
8089,229,3416,106.574382,9.945461,4,0,1,Trà Vinh
8090,229,3417,106.826795,10.255055,1,50,1,Bến Tre
8091,229,3417,106.484789,10.300809,1,50,1,Bến Tre
8092,229,3418,105.75774,10.753229,4,0,1,Đồng Tháp
8093,229,3418,105.689838,10.756364,4,0,1,Đồng Tháp
8094,229,3419,105.512903,10.840504,4,0,1,Đồng Tháp
8095,229,3419,105.519358,10.845393,4,0,1,Đồng Tháp
8096,229,3420,107.480587,11.280759,4,0,1,Tây Ninh
8097,229,3420,105.706427,11.605785,4,0,1,Tây Ninh
8098,229,3421,107.488314,11.608626,4,0,1,Lâm Đồng
8099,229,3421,108.927833,11.568683,4,0,1,Lâm Đồng
8100,229,3421,108.350077,11.716896,4,0,1,Lâm Đồng
8101,229,3421,108.976511,11.862649,4,0,1,Lâm Đồng
8102,229,3422,107.372615,11.912364,4,0,1,Lâm Đồng
8103,229,3422,108.362249,11.929575,4,0,1,Lâm Đồng
8104,229,3423,107.106138,11.981036,1,80,1,Đắk Nông
8105,229,3423,107.631915,12.244971,1,80,1,Đắk Nông
8106,229,3424,109.234466,12.719221,1,70,1,Phú Yên
8107,229,3424,109.243285,12.725658,1,70,1,Phú Yên
8108,229,3425,108.088496,14.072163,1,50,1,Bình Định
8109,229,3425,109.009358,14.435877,1,50,1,Bình Định
8110,229,3426,108.41849,16.688375,4,0,1,Thừa Thiên Huế
8111,229,3426,107.835377,16.748978,4,0,1,Thừa Thiên Huế
8112,229,3427,106.515885,19.176108,4,0,1,Hòa Bình
8113,229,3427,105.084481,20.159652,4,0,1,Hòa Bình
8114,229,3428,105.433521,20.566611,4,0,1,Hòa Bình
8115,229,3428,105.434835,20.565665,4,0,1,Hòa Bình
8116,229,3428,105.436702,20.567309,4,0,1,Hòa Bình
8117,229,3429,105.196252,20.748401,1,80,1,Hòa Bình
8118,229,3429,105.249942,20.828103,1,80,1,Hòa Bình
8119,229,3430,105.259399,20.867753,1,60,1,Hải Phòng
8120,229,3430,106.700031,20.91316,1,60,1,Hải Phòng
8121,229,3431,107.129604,20.94859,4,0,1,Hải Phòng
8122,229,3431,106.745935,20.948811,4,0,1,Hải Phòng
8123,229,3431,106.886968,20.975172,4,0,1,Hải Phòng
8124,229,3431,106.936164,21.102513,4,0,1,Hải Phòng
8125,229,3432,106.252294,21.432799,2,0,1,Phú Thọ
8126,229,3432,105.290526,21.443625,2,0,1,Phú Thọ
8127,229,3433,104.080349,22.024492,1,80,1,Lao Cai
8128,229,3433,103.990228,22.037772,1,80,1,Lao Cai
8129,230,3434,106.015917,8.522887,4,0,1,Bạc Liêu
8130,230,3434,106.099828,9.11068,4,0,1,Bạc Liêu
8131,230,3434,106.494652,9.777764,4,0,1,Bạc Liêu
8132,230,3435,106.796335,10.146782,1,60,1,Bến Tre
8133,230,3435,106.472392,10.305694,1,60,1,Bến Tre
8134,230,3436,106.626713,10.444168,1,50,1,Bà Rịa - Vũng Tàu
8135,230,3436,107.282074,10.449973,1,50,1,Bà Rịa - Vũng Tàu
8136,230,3437,105.251277,10.608563,4,0,1,Vinh Long
8137,230,3437,106.004438,10.523059,4,0,1,Vinh Long
8138,230,3438,105.459701,10.565727,4,0,1,Đồng Tháp
8139,230,3438,105.459701,10.565727,4,0,1,Đồng Tháp
8140,230,3439,107.130023,10.880384,4,0,1,Bình Thuận
8141,230,3439,105.429147,11.007796,4,0,1,Bình Thuận
8142,230,3439,108.215642,11.177951,4,0,1,Bình Thuận
8143,230,3439,105.736526,11.236546,4,0,1,Bình Thuận
8144,230,3440,109.144226,12.6966,4,0,1,Khánh Hòa
8145,230,3440,109.167997,12.505557,4,0,1,Khánh Hòa
8146,230,3441,108.60159,16.664567,1,60,1,Đà Nẵng
8147,230,3441,108.468427,16.696725,1,60,1,Đà Nẵng
8148,230,3442,108.618398,16.508111,1,50,1,Đà Nẵng
8149,230,3442,108.273631,16.717491,1,50,1,Đà Nẵng
8150,230,3443,105.201263,20.058889,4,0,1,Hòa Bình
8151,230,3443,105.035968,20.30511,4,0,1,Hòa Bình
8152,230,3444,105.486843,20.399833,4,0,1,Hòa Bình
8153,230,3444,105.495167,20.421761,4,0,1,Hòa Bình
8154,230,3445,105.685097,20.764447,4,0,1,Hải Phòng
8155,230,3445,106.959637,20.836001,4,0,1,Hải Phòng
8156,230,3446,107.216861,20.987876,1,50,1,Hòa Bình
8157,230,3446,105.41527,21.006082,1,50,1,Hòa Bình
8158,231,3447,106.74491,9.302587,4,0,1,Kiên Giang
8159,231,3447,105.117743,9.75153,4,0,1,Kiên Giang
8160,231,3448,106.076109,9.825834,4,0,1,Trà Vinh
8161,231,3448,106.163421,9.89526,4,0,1,Trà Vinh
8162,231,3448,106.304876,9.899002,4,0,1,Trà Vinh
8163,231,3449,105.285084,10.01016,10,0,1,Bến Tre
8164,231,3449,106.824569,10.044533,10,0,1,Bến Tre
8165,231,3450,107.190473,10.615471,4,0,1,Vinh Long
8166,231,3450,106.015929,10.532595,4,0,1,Vinh Long
8167,231,3450,106.034801,10.545751,4,0,1,Vinh Long
8168,231,3451,106.12481,10.595857,11,0,1,Long An
8169,231,3451,106.127062,10.598548,11,0,1,Long An
8170,231,3452,106.130204,10.701146,11,0,1,Long An
8171,231,3452,106.117421,10.708725,11,0,1,Long An
8172,231,3453,105.566535,10.719701,4,0,1,An Giang
8173,231,3453,105.363182,10.731386,4,0,1,An Giang
8174,231,3453,105.374119,10.747814,4,0,1,An Giang
8175,231,3453,107.092506,10.841122,4,0,1,An Giang
8176,231,3453,107.094394,10.842622,4,0,1,An Giang
8177,231,3454,105.772834,10.886986,4,0,1,Đồng Nai
8178,231,3454,107.166031,10.906548,4,0,1,Đồng Nai
8179,231,3455,107.611899,11.311604,4,0,1,An Giang
8180,231,3455,105.094165,11.316318,4,0,1,An Giang
8181,231,3455,107.577989,11.420628,4,0,1,An Giang
8182,231,3456,107.712586,11.442113,4,0,1,Đắk Nông
8183,231,3456,107.862631,11.632873,4,0,1,Đắk Nông
8184,231,3457,105.591811,11.884477,4,0,1,Đắk Nông
8185,231,3457,107.615431,11.995848,4,0,1,Đắk Nông
8186,231,3458,109.116235,12.672026,4,0,1,Phú Yên
8187,231,3458,109.292295,12.78395,4,0,1,Phú Yên
8188,231,3459,107.891727,13.823358,1,80,1,Gia Lai
8189,231,3459,107.904143,13.832991,1,80,1,Gia Lai
8190,231,3460,106.415762,18.618331,1,80,1,Thanh Hóa
8191,231,3460,106.399186,19.514046,1,80,1,Thanh Hóa
8192,231,3461,105.199749,20.762123,4,0,1,Hà Nam
8193,231,3461,105.687733,20.766813,4,0,1,Hà Nam
8194,231,3461,105.24565,20.776682,4,0,1,Hà Nam
8195,231,3462,105.869565,20.931156,4,0,1,Hải Phòng
8196,231,3462,106.770568,20.955942,4,0,1,Hải Phòng
8197,231,3463,107.433592,21.078543,4,0,1,Hải Phòng
8198,231,3463,106.937458,21.104605,4,0,1,Hải Phòng
8199,231,3464,105.754104,21.221145,2,0,1,Hải Phòng
8200,231,3464,106.624408,21.228734,2,0,1,Hải Phòng
8201,231,3464,107.300581,21.274275,2,0,1,Hải Phòng
8202,231,3465,107.685297,21.378767,4,0,1,Lạng Sơn
8203,231,3465,107.098296,21.645655,4,0,1,Lạng Sơn
8204,231,3465,104.576003,21.878009,4,0,1,Lạng Sơn
8205,231,3466,104.002286,22.03773,1,80,1,Lạng Sơn
8206,231,3466,106.927265,22.382381,1,80,1,Lạng Sơn
8207,232,3467,106.819661,9.827932,1,60,1,Trà Vinh
8208,232,3467,106.825178,9.832985,1,60,1,Trà Vinh
8209,232,3468,105.322984,9.92036,4,0,1,Trà Vinh
8210,232,3468,106.794939,10.020598,4,0,1,Trà Vinh
8211,232,3469,106.501442,10.250518,2,0,1,Bến Tre
8212,232,3469,106.75104,10.305629,2,0,1,Bến Tre
8213,232,3470,106.326093,10.621515,2,0,1,Bà Rịa - Vũng Tàu
8214,232,3470,107.241562,10.637027,2,0,1,Bà Rịa - Vũng Tàu
8215,232,3471,105.460757,10.53402,4,0,1,Long An
8216,232,3471,106.06462,10.552097,4,0,1,Long An
8217,232,3471,106.085576,10.586384,4,0,1,Long An
8218,232,3471,106.089388,10.587476,4,0,1,Long An
8219,232,3471,106.091302,10.588965,4,0,1,Long An
8220,232,3471,106.093981,10.591035,4,0,1,Long An
8221,232,3471,106.096745,10.592403,4,0,1,Long An
8222,232,3471,106.097826,10.594006,4,0,1,Long An
8223,232,3471,106.099957,10.596562,4,0,1,Long An
8224,232,3471,106.102773,10.59782,4,0,1,Long An
8225,232,3471,106.103994,10.598762,4,0,1,Long An
8226,232,3471,106.10523,10.70043,4,0,1,Long An
8227,232,3472,108.202004,11.155072,4,0,1,Đồng Nai
8228,232,3472,108.284504,11.237685,4,0,1,Đồng Nai
8229,232,3472,107.487307,11.284667,4,0,1,Đồng Nai
8230,232,3472,107.488571,11.286505,4,0,1,Đồng Nai
8231,232,3473,107.754534,11.623569,4,0,1,Đắk Nông
8232,232,3473,107.432477,11.636422,4,0,1,Đắk Nông
8233,232,3474,107.784224,12.639343,1,80,1,Đắk Lắk
8234,232,3474,107.924143,12.512064,1,80,1,Đắk Lắk
8235,232,3475,106.948741,20.176976,4,0,1,Thái Bình
8236,232,3475,106.862054,20.239445,4,0,1,Thái Bình
8237,232,3475,105.04285,20.310797,4,0,1,Thái Bình
8238,232,3476,105.377826,20.738693,2,0,1,Hải Phòng
8239,232,3476,106.939655,20.774864,2,0,1,Hải Phòng
8240,232,3477,106.532506,21.206144,2,0,1,Phú Thọ
8241,232,3477,105.224408,21.301084,2,0,1,Phú Thọ
8242,232,3478,107.640721,21.344207,4,0,1,Quảng Ninh
8243,232,3478,107.522192,21.401839,4,0,1,Quảng Ninh
8244,233,3479,106.511997,9.658373,4,0,1,Trà Vinh
8245,233,3479,106.114257,9.860641,4,0,1,Trà Vinh
8246,233,3480,106.163412,9.966203,4,0,1,Trà Vinh
8247,233,3480,106.168791,9.969151,4,0,1,Trà Vinh
8248,233,3481,106.1689,9.969208,1,80,1,Trà Vinh
8249,233,3481,106.715544,9.98246,1,80,1,Trà Vinh
8250,233,3482,105.191523,10.459902,1,60,1,Đồng Tháp
8251,233,3482,105.501116,10.499898,1,60,1,Đồng Tháp
8252,233,3483,104.953549,10.500819,4,0,1,An Giang
8253,233,3483,104.956215,10.502031,4,0,1,An Giang
8254,233,3483,104.957195,10.503448,4,0,1,An Giang
8255,233,3484,105.313866,10.599595,4,0,1,Long An
8256,233,3484,106.111973,10.704799,4,0,1,Long An
8257,233,3484,105.764417,10.749996,4,0,1,Long An
8258,233,3485,105.976462,10.839848,1,60,1,Tây Ninh
8259,233,3485,105.983352,10.846582,1,60,1,Tây Ninh
8260,233,3486,107.4902,11.285748,11,0,1,Đồng Nai
8261,233,3486,107.498327,11.292918,11,0,1,Đồng Nai
8262,233,3487,105.677527,11.696138,2,0,1,Tây Ninh
8263,233,3487,105.520967,11.698205,2,0,1,Tây Ninh
8264,233,3488,108.586818,13.992597,1,80,1,Gia Lai
8265,233,3488,108.199291,14.006021,1,80,1,Gia Lai
8266,233,3489,107.83244,14.582845,4,0,1,Thừa Thiên Huế
8267,233,3489,107.825397,16.739216,4,0,1,Thừa Thiên Huế
8268,233,3489,108.32992,16.891708,4,0,1,Thừa Thiên Huế
8269,233,3490,106.822511,19.820262,4,0,1,Thái Bình
8270,233,3490,106.62783,19.927198,4,0,1,Thái Bình
8271,233,3490,106.77078,20.343133,4,0,1,Thái Bình
8272,233,3491,106.777307,20.347909,4,0,1,Hòa Bình
8273,233,3491,105.341357,20.466799,4,0,1,Hòa Bình
8274,233,3492,106.089839,20.578896,1,60,1,Hòa Bình
8275,233,3492,105.371453,20.733737,1,60,1,Hòa Bình
8276,233,3493,105.045797,20.891425,4,0,1,Hải Phòng
8277,233,3493,106.802648,20.991271,4,0,1,Hải Phòng
8278,233,3493,105.066303,20.99605,4,0,1,Hải Phòng
8279,233,3494,106.797654,20.99997,10,0,1,Hải Phòng
8280,233,3494,106.825376,21.029019,10,0,1,Hải Phòng
8281,233,3495,106.131886,21.138394,2,0,1,Phú Thọ
8282,233,3495,105.029843,21.160733,2,0,1,Phú Thọ
8283,233,3496,105.220664,21.298124,4,0,1,Bắc Giang
8284,233,3496,106.437525,21.301868,4,0,1,Bắc Giang
8285,233,3496,105.231098,21.305258,4,0,1,Bắc Giang
8286,233,3497,107.701259,21.464008,1,80,1,Quảng Ninh
8287,233,3497,108.009832,21.482784,1,80,1,Quảng Ninh
8288,233,3497,103.048116,21.527989,1,80,1,Quảng Ninh
8289,233,3498,103.955672,22.601789,4,0,1,Cao Bằng
8290,233,3498,105.618446,22.826021,4,0,1,Cao Bằng
8291,234,3499,106.65189,9.57817,1,50,1,Kiên Giang
8292,234,3499,105.016112,9.805639,1,50,1,Kiên Giang
8293,234,3500,104.971272,10.505429,4,0,1,Long An
8294,234,3500,106.086802,10.584723,4,0,1,Long An
8295,234,3501,105.712359,10.817613,1,50,1,Đồng Tháp
8296,234,3501,105.794076,10.822654,1,50,1,Đồng Tháp
8297,234,3502,105.818273,11.147262,1,50,1,Ninh Thuận
8298,234,3502,108.723483,11.217297,1,50,1,Ninh Thuận
8299,234,3503,107.870841,11.632249,4,0,1,Lâm Đồng
8300,234,3503,108.073515,11.676472,4,0,1,Lâm Đồng
8301,234,3504,107.674008,15.46721,1,60,1,Hà Tĩnh
8302,234,3504,106.972033,17.878416,1,60,1,Hà Tĩnh
8303,234,3504,106.716393,18.558908,1,60,1,Hà Tĩnh
8304,234,3504,106.336783,19.034797,1,60,1,Hà Tĩnh
8305,234,3504,106.294906,19.053439,1,60,1,Hà Tĩnh
8306,234,3505,106.584852,19.258817,4,0,1,Thái Bình
8307,234,3505,106.81176,19.812308,4,0,1,Thái Bình
8308,234,3505,106.777562,19.827932,4,0,1,Thái Bình
8309,234,3506,106.364555,20.827505,11,0,1,Hải Dương
8310,234,3506,106.364937,20.827809,11,0,1,Hải Dương
8311,234,3507,105.132494,21.046192,2,0,1,Phú Thọ
8312,234,3507,105.261979,21.079137,2,0,1,Phú Thọ
8313,234,3507,106.317006,21.203094,2,0,1,Phú Thọ
8314,234,3508,106.779417,21.218725,1,90,1,Bắc Giang
8315,234,3508,106.333595,21.302819,1,90,1,Bắc Giang
8316,234,3509,106.335018,21.304465,1,50,1,Vĩnh Phúc
8317,234,3509,105.472531,21.332247,1,50,1,Vĩnh Phúc
8318,234,3510,107.523359,21.399908,1,60,1,Lạng Sơn
8319,234,3510,106.673519,21.407895,1,60,1,Lạng Sơn
8320,234,3511,105.478306,21.651996,4,0,1,Tuyên Quang
8321,234,3511,105.481139,21.654029,4,0,1,Tuyên Quang
8322,234,3512,104.874873,21.714096,1,60,1,Điện Biên
8323,234,3512,103.114907,21.816908,1,60,1,Điện Biên
8324,235,3513,106.150898,9.201412,4,0,1,Trà Vinh
8325,235,3513,106.814587,9.923234,4,0,1,Trà Vinh
8326,235,3514,107.416485,11.267172,4,0,1,Đắk Nông
8327,235,3514,107.736679,11.473835,4,0,1,Đắk Nông
8328,235,3514,107.738341,11.477988,4,0,1,Đắk Nông
8329,235,3515,107.774953,12.631309,1,80,1,Đắk Lắk
8330,235,3515,108.650029,12.808116,1,80,1,Đắk Lắk
8331,235,3516,109.069507,13.735898,1,60,1,Bình Định
8332,235,3516,109.057893,13.742381,1,60,1,Bình Định
8333,235,3517,105.756608,15.53956,4,0,1,Quảng Bình
8334,235,3517,106.879279,18.404754,4,0,1,Quảng Bình
8335,235,3518,106.459801,19.295845,1,80,1,Thanh Hóa
8336,235,3518,106.210262,19.327573,1,80,1,Thanh Hóa
8337,235,3519,106.784138,19.832408,1,50,1,Thanh Hóa
8338,235,3519,105.313046,20.133686,1,50,1,Thanh Hóa
8339,235,3520,105.181107,21.262,1,100,1,Phú Thọ
8340,235,3520,105.196004,21.251219,1,100,1,Phú Thọ
8341,235,3521,105.202003,21.256902,4,0,1,Phú Thọ
8342,235,3521,105.2068,21.258439,4,0,1,Phú Thọ
8343,235,3522,105.211541,21.278021,11,0,1,Phú Thọ
8344,235,3522,105.211801,21.2915,11,0,1,Phú Thọ
8345,235,3523,104.951692,21.952295,2,0,1,Lao Cai
8346,235,3523,104.189527,22.490871,2,0,1,Lao Cai
8347,236,3524,106.506551,9.751093,4,0,1,Trà Vinh
8348,236,3524,106.5075,9.752443,4,0,1,Trà Vinh
8349,236,3525,106.512639,9.756882,1,50,1,Trà Vinh
8350,236,3525,106.136569,9.842349,1,50,1,Trà Vinh
8351,236,3526,106.734903,10.278816,4,0,1,An Giang
8352,236,3526,104.543503,10.285774,4,0,1,An Giang
8353,236,3526,104.467236,10.403989,4,0,1,An Giang
8354,236,3526,105.636659,10.630465,4,0,1,An Giang
8355,236,3527,107.078048,11.060564,2,0,1,Bình Thuận
8356,236,3527,107.726574,11.144789,2,0,1,Bình Thuận
8357,236,3528,109.252639,12.739738,4,0,1,Phú Yên
8358,236,3528,109.235434,13.035233,4,0,1,Phú Yên
8359,236,3528,109.249431,13.049601,4,0,1,Phú Yên
8360,236,3529,107.915777,13.770673,1,80,1,Gia Lai
8361,236,3529,107.576886,13.795918,1,80,1,Gia Lai
8362,236,3530,108.889337,16.208629,1,60,1,Đà Nẵng
8363,236,3530,108.527564,16.437946,1,60,1,Đà Nẵng
8364,236,3531,106.979892,20.841271,4,0,1,Hòa Bình
8365,236,3531,105.028655,20.85162,4,0,1,Hòa Bình
8366,236,3532,107.129027,20.944047,1,60,1,Quảng Ninh
8367,236,3532,107.13482,20.949566,1,60,1,Quảng Ninh
8368,236,3533,106.977231,20.987157,2,0,1,Hải Phòng
8369,236,3533,106.955584,21.020484,2,0,1,Hải Phòng
8370,236,3534,107.395219,21.044011,1,60,1,Quảng Ninh
8371,236,3534,107.399002,21.046897,1,60,1,Quảng Ninh
8372,236,3535,105.13829,21.082633,2,0,1,Quảng Ninh
8373,236,3535,107.484218,21.10849,2,0,1,Quảng Ninh
8374,236,3536,104.117229,22.341617,1,80,1,Lao Cai
8375,236,3536,104.177925,22.787386,1,80,1,Lao Cai
8376,237,3537,107.333716,10.466379,2,0,1,Đồng Tháp
8377,237,3537,105.414933,10.511769,2,0,1,Đồng Tháp
8378,237,3538,105.507144,10.728209,1,70,1,Đồng Tháp
8379,237,3538,105.533701,10.763639,1,70,1,Đồng Tháp
8380,237,3539,105.67893,10.813445,1,60,1,Đồng Tháp
8381,237,3539,105.799813,10.856788,1,60,1,Đồng Tháp
8382,237,3539,105.604754,10.876867,1,60,1,Đồng Tháp
8383,237,3540,107.01153,10.883339,1,50,1,Đồng Tháp
8384,237,3540,105.827245,10.897085,1,50,1,Đồng Tháp
8385,237,3541,108.187962,11.165758,4,0,1,Bình Thuận
8386,237,3541,108.196051,11.151344,4,0,1,Bình Thuận
8387,237,3542,105.173649,11.416239,11,0,1,Đắk Nông
8388,237,3542,107.783832,11.634722,11,0,1,Đắk Nông
8389,237,3543,107.767829,16.401123,1,80,1,Thừa Thiên Huế
8390,237,3543,107.813701,16.617311,1,80,1,Thừa Thiên Huế
8391,237,3544,108.118032,16.682916,4,0,1,Quảng Nam
8392,237,3544,108.118788,16.683416,4,0,1,Quảng Nam
8393,237,3544,108.106557,15.131547,4,0,1,Quảng Nam
8394,237,3544,107.05053,15.811061,4,0,1,Quảng Nam
8395,237,3545,106.487877,20.217119,2,0,1,Nam Định
8396,237,3545,106.138474,20.281066,2,0,1,Nam Định
8397,237,3545,105.057583,20.359718,2,0,1,Nam Định
8398,237,3546,105.338037,20.444449,11,0,1,Hòa Bình
8399,237,3546,105.34825,20.46131,11,0,1,Hòa Bình
8400,237,3547,106.995473,21.115467,1,90,1,Phú Thọ
8401,237,3547,105.062586,21.162776,1,90,1,Phú Thọ
8402,237,3547,105.052852,21.169301,1,90,1,Phú Thọ
8403,237,3548,104.125083,22.345811,1,60,1,Lao Cai
8404,237,3548,103.883828,22.391087,1,60,1,Lao Cai
8405,238,3549,106.001482,8.753052,1,60,1,Sóc Trăng
8406,238,3549,106.517159,9.188947,1,60,1,Sóc Trăng
8407,238,3550,106.768843,9.311794,4,0,1,Trà Vinh
8408,238,3550,106.756478,9.701606,4,0,1,Trà Vinh
8409,238,3551,105.200614,10.479103,2,0,1,Bà Rịa - Vũng Tàu
8410,238,3551,107.691921,10.699818,2,0,1,Bà Rịa - Vũng Tàu
8411,238,3552,105.659977,10.807789,1,60,1,Đồng Tháp
8412,238,3552,105.777441,10.862443,1,60,1,Đồng Tháp
8413,238,3552,105.780067,10.863065,1,60,1,Đồng Tháp
8414,238,3552,105.781685,10.863973,1,60,1,Đồng Tháp
8415,238,3552,105.791419,10.850782,1,60,1,Đồng Tháp
8416,238,3553,107.934745,10.906689,4,0,1,Đồng Nai
8417,238,3553,107.960813,10.916487,4,0,1,Đồng Nai
8418,238,3553,107.150851,10.997587,4,0,1,Đồng Nai
8419,238,3553,105.476962,11.069425,4,0,1,Đồng Nai
8420,238,3554,105.915374,11.415179,1,60,1,Tây Ninh
8421,238,3554,105.921752,11.470234,1,60,1,Tây Ninh
8422,238,3555,105.924187,11.646552,4,0,1,Tây Ninh
8423,238,3555,105.924965,11.645145,4,0,1,Tây Ninh
8424,238,3556,108.258037,11.529712,4,0,1,Tây Ninh
8425,238,3556,105.963435,11.812502,4,0,1,Tây Ninh
8426,238,3557,108.015873,14.038678,1,50,1,Đà Nẵng
8427,238,3557,108.411544,14.547784,1,50,1,Đà Nẵng
8428,238,3557,108.846006,16.134252,1,50,1,Đà Nẵng
8429,238,3557,108.834663,16.142666,1,50,1,Đà Nẵng
8430,238,3558,108.420092,16.623652,4,0,1,Đà Nẵng
8431,238,3558,108.436799,16.633769,4,0,1,Đà Nẵng
8432,238,3559,107.511696,15.437599,4,0,1,Thái Bình
8433,238,3559,106.7345,19.796174,4,0,1,Thái Bình
8434,238,3559,106.79897,19.837096,4,0,1,Thái Bình
8435,238,3560,106.579338,21.127801,1,50,1,Bắc Giang
8436,238,3560,106.507073,21.227166,1,50,1,Bắc Giang
8437,238,3561,105.479253,21.335883,4,0,1,Quảng Ninh
8438,238,3561,107.64898,21.34944,4,0,1,Quảng Ninh
8439,239,3562,105.592716,10.768978,4,0,1,Đồng Tháp
8440,239,3562,105.59905,10.754589,4,0,1,Đồng Tháp
8441,239,3563,106.474483,10.816715,1,80,1,Đồng Tháp
8442,239,3563,105.787519,10.867971,1,80,1,Đồng Tháp
8443,239,3564,105.858163,10.940084,4,0,1,Đồng Tháp
8444,239,3564,105.606921,10.979687,4,0,1,Đồng Tháp
8445,239,3565,109.099071,12.025498,4,0,1,Khánh Hòa
8446,239,3565,109.17956,12.079729,4,0,1,Khánh Hòa
8447,239,3566,109.324126,12.803605,4,0,1,Đắk Lắk
8448,239,3566,108.425977,12.804199,4,0,1,Đắk Lắk
8449,239,3566,109.035395,13.555655,4,0,1,Đắk Lắk
8450,239,3567,107.509695,13.775137,1,80,1,Gia Lai
8451,239,3567,108.064082,13.930985,1,80,1,Gia Lai
8452,239,3568,109.176781,14.177457,1,60,1,Bình Định
8453,239,3568,109.052591,14.476732,1,60,1,Bình Định
8454,239,3569,108.114318,15.029406,10,0,1,Quảng Nam
8455,239,3569,108.117582,15.03134,10,0,1,Quảng Nam
8456,239,3570,106.394819,19.318287,1,50,1,Thái Bình
8457,239,3570,106.72269,19.787813,1,50,1,Thái Bình
8458,239,3571,105.138985,21.334547,11,0,1,Bắc Giang
8459,239,3571,106.647108,21.340375,11,0,1,Bắc Giang
8460,239,3572,105.684693,21.560715,4,0,1,Thái Nguyên
8461,239,3572,105.686277,21.561107,4,0,1,Thái Nguyên
8462,240,3573,107.642125,10.650464,4,0,1,Đồng Tháp
8463,240,3573,105.665768,10.56594,4,0,1,Đồng Tháp
8464,240,3574,105.511248,10.889977,1,50,1,Đồng Tháp
8465,240,3574,105.531051,10.901393,1,50,1,Đồng Tháp
8466,240,3574,105.538535,10.906549,1,50,1,Đồng Tháp
8467,240,3575,105.604846,10.978982,4,0,1,Bình Thuận
8468,240,3575,108.010297,11.006049,4,0,1,Bình Thuận
8469,240,3576,105.843853,11.036459,1,60,1,Đồng Nai
8470,240,3576,107.007206,11.10779,1,60,1,Đồng Nai
8471,240,3577,107.792081,16.711902,1,80,1,Thừa Thiên Huế
8472,240,3577,108.084954,16.822207,1,80,1,Thừa Thiên Huế
8473,240,3578,108.21531,15.023862,4,0,1,Quảng Nam
8474,240,3578,108.217105,15.024308,4,0,1,Quảng Nam
8475,240,3579,106.702268,18.543033,4,0,1,Thanh Hóa
8476,240,3579,106.381973,19.321323,4,0,1,Thanh Hóa
8477,240,3580,105.016869,20.335665,4,0,1,Hòa Bình
8478,240,3580,105.111095,20.348937,4,0,1,Hòa Bình
8479,240,3581,105.630358,20.975217,4,0,1,Hải Phòng
8480,240,3581,106.793382,21.005327,4,0,1,Hải Phòng
8481,240,3582,106.51437,21.231802,4,0,1,Hải Phòng
8482,240,3582,106.717732,21.23427,4,0,1,Hải Phòng
8483,241,3583,106.896679,9.624901,4,0,1,Trà Vinh
8484,241,3583,106.910029,9.632854,4,0,1,Trà Vinh
8485,241,3584,106.592739,9.91039,4,0,1,Trà Vinh
8486,241,3584,105.512581,9.983281,4,0,1,Trà Vinh
8487,241,3584,106.75237,9.997828,4,0,1,Trà Vinh
8488,241,3584,104.006654,10.150364,4,0,1,Trà Vinh
8489,241,3585,106.950648,10.375643,4,0,1,An Giang
8490,241,3585,105.069077,10.409407,4,0,1,An Giang
8491,241,3586,105.743196,10.840975,1,80,1,Đồng Tháp
8492,241,3586,105.743334,10.841035,1,80,1,Đồng Tháp
8493,241,3587,105.546828,10.850147,4,0,1,TP. Hồ Chí Minh
8494,241,3587,106.449293,10.879102,4,0,1,TP. Hồ Chí Minh
8495,241,3588,105.628471,11.288663,1,60,1,Tây Ninh
8496,241,3588,105.638976,11.294218,1,60,1,Tây Ninh
8497,241,3589,108.342346,11.588884,4,0,1,Lâm Đồng
8498,241,3589,108.62059,11.943003,4,0,1,Lâm Đồng
8499,241,3589,109.141959,12.604958,4,0,1,Lâm Đồng
8500,241,3590,108.013551,14.035779,1,80,1,Kon Tum
8501,241,3590,108.428958,14.565073,1,80,1,Kon Tum
8502,241,3591,108.607924,16.668421,1,60,1,Đà Nẵng
8503,241,3591,108.407175,16.659937,1,60,1,Đà Nẵng
8504,241,3591,108.373522,16.726661,1,60,1,Đà Nẵng
8505,241,3592,108.069636,16.889712,1,50,1,Quảng Nam
8506,241,3592,108.08893,15.012687,1,50,1,Quảng Nam
8507,241,3593,106.809939,19.811242,1,60,1,Thái Bình
8508,241,3593,106.511808,19.942316,1,60,1,Thái Bình
8509,241,3594,106.984476,20.126817,4,0,1,Hòa Bình
8510,241,3594,105.2103,20.633188,4,0,1,Hòa Bình
8511,241,3595,106.367867,20.814316,2,0,1,Hà Nội
8512,241,3595,105.644748,20.82369,2,0,1,Hà Nội
8513,241,3596,106.731569,21.386149,1,80,1,Quảng Ninh
8514,241,3596,107.555168,21.438723,1,80,1,Quảng Ninh
8515,241,3597,104.178833,22.318141,4,0,1,Lai Châu
8516,241,3597,102.802189,22.384038,4,0,1,Lai Châu
8517,241,3597,104.489946,22.414198,4,0,1,Lai Châu
8518,242,3598,106.180059,9.194417,4,0,1,Sóc Trăng
8519,242,3598,106.185888,9.197986,4,0,1,Sóc Trăng
8520,242,3599,105.191785,9.863723,4,0,1,Trà Vinh
8521,242,3599,106.721973,9.922961,4,0,1,Trà Vinh
8522,242,3600,106.976936,10.384904,4,0,1,Vinh Long
8523,242,3600,105.968753,10.40372,4,0,1,Vinh Long
8524,242,3601,105.293552,10.62293,2,0,1,An Giang
8525,242,3601,105.349195,10.653504,2,0,1,An Giang
8526,242,3602,105.739878,10.782298,11,0,1,Đồng Tháp
8527,242,3602,105.746644,10.786216,11,0,1,Đồng Tháp
8528,242,3603,105.947863,10.91985,11,0,1,Bình Thuận
8529,242,3603,108.096036,10.922629,11,0,1,Bình Thuận
8530,242,3604,105.686122,11.086407,1,60,1,Tây Ninh
8531,242,3604,105.72366,11.127827,1,60,1,Tây Ninh
8532,242,3605,108.536861,11.260879,4,0,1,Đồng Nai
8533,242,3605,107.431303,11.257288,4,0,1,Đồng Nai
8534,242,3606,107.567823,11.951291,1,50,1,Đắk Lắk
8535,242,3606,107.935101,12.516582,1,50,1,Đắk Lắk
8536,242,3607,109.222613,13.023988,1,80,1,Gia Lai
8537,242,3607,108.271276,13.79829,1,80,1,Gia Lai
8538,242,3607,107.725412,14.954362,1,80,1,Gia Lai
8539,242,3608,107.747253,16.180158,1,60,1,Đà Nẵng
8540,242,3608,108.231952,16.36406,1,60,1,Đà Nẵng
8541,242,3609,105.59543,15.5109,4,0,1,Thừa Thiên Huế
8542,242,3609,107.001388,15.899218,4,0,1,Thừa Thiên Huế
8543,242,3610,107.001491,15.899256,1,80,1,Quảng Bình
8544,242,3610,106.893663,17.910339,1,80,1,Quảng Bình
8545,242,3611,106.726579,19.734925,4,0,1,Nghệ An
8546,242,3611,106.726832,19.736042,4,0,1,Nghệ An
8547,242,3611,105.056114,19.99312,4,0,1,Nghệ An
8548,242,3611,105.087429,20.091933,4,0,1,Nghệ An
8549,242,3611,105.005451,20.331285,4,0,1,Nghệ An
8550,242,3612,105.104562,20.385377,2,0,1,Hòa Bình
8551,242,3612,104.659031,20.476938,2,0,1,Hòa Bình
8552,242,3613,105.18674,21.274872,4,0,1,Hải Phòng
8553,242,3613,106.690617,21.31891,4,0,1,Hải Phòng
8554,242,3613,105.184884,21.367601,4,0,1,Hải Phòng
8555,243,3614,106.585828,9.299214,1,50,1,Cà Mau
8556,243,3614,104.840789,9.348664,1,50,1,Cà Mau
8557,243,3615,106.445577,9.747361,4,0,1,Hậu Giang
8558,243,3615,105.312495,9.913186,4,0,1,Hậu Giang
8559,243,3616,106.131322,9.950167,4,0,1,Trà Vinh
8560,243,3616,106.133524,9.951291,4,0,1,Trà Vinh
8561,243,3617,105.8965,10.416799,1,50,1,Bà Rịa - Vũng Tàu
8562,243,3617,107.344554,10.47048,1,50,1,Bà Rịa - Vũng Tàu
8563,243,3618,105.519993,10.725646,11,0,1,Đồng Tháp
8564,243,3618,105.520324,10.725702,11,0,1,Đồng Tháp
8565,243,3619,105.714344,10.85063,4,0,1,Đồng Tháp
8566,243,3619,105.768832,10.854999,4,0,1,Đồng Tháp
8567,243,3620,105.135481,11.347416,4,0,1,Ninh Thuận
8568,243,3620,108.87658,11.823788,4,0,1,Ninh Thuận
8569,243,3621,109.080942,13.192786,2,0,1,Bình Định
8570,243,3621,109.14029,13.889173,2,0,1,Bình Định
8571,243,3622,104.966684,19.028053,1,80,1,Thanh Hóa
8572,243,3622,106.205892,19.325203,1,80,1,Thanh Hóa
8573,243,3623,105.176964,20.060796,4,0,1,Nghệ An
8574,243,3623,105.088239,20.071802,4,0,1,Nghệ An
8575,243,3623,105.084986,20.090542,4,0,1,Nghệ An
8576,243,3624,105.545174,20.921939,1,60,1,Hòa Bình
8577,243,3624,105.583515,20.922304,1,60,1,Hòa Bình
8578,243,3625,105.864563,21.004215,4,0,1,Hà Nội
8579,243,3625,105.864563,21.004215,4,0,1,Hà Nội
8580,243,3626,105.269258,21.083931,2,0,1,Yên Bái
8581,243,3626,104.750134,21.305214,2,0,1,Yên Bái
8582,243,3627,106.719689,21.551266,2,0,1,Tuyên Quang
8583,243,3627,102.967469,21.787902,2,0,1,Tuyên Quang
8584,243,3627,105.297989,21.822712,2,0,1,Tuyên Quang
8585,243,3627,106.357538,21.86764,2,0,1,Tuyên Quang
8586,244,3628,107.086852,10.61872,11,0,1,An Giang
8587,244,3628,105.344484,10.651429,11,0,1,An Giang
8588,244,3629,105.53064,10.861857,4,0,1,TP. Hồ Chí Minh
8589,244,3629,106.399025,10.86931,4,0,1,TP. Hồ Chí Minh
8590,244,3629,105.721162,10.854182,4,0,1,TP. Hồ Chí Minh
8591,244,3630,108.651941,11.184323,4,0,1,Ninh Thuận
8592,244,3630,108.699786,11.194996,4,0,1,Ninh Thuận
8593,244,3631,109.069899,14.655515,1,60,1,Kon Tum
8594,244,3631,107.544437,14.588022,1,60,1,Kon Tum
8595,244,3632,108.495283,16.051388,4,0,1,Thừa Thiên Huế
8596,244,3632,107.737038,16.090523,4,0,1,Thừa Thiên Huế
8597,244,3633,107.763738,16.397089,1,60,1,Thừa Thiên Huế
8598,244,3633,107.939521,16.847684,1,60,1,Thừa Thiên Huế
8599,244,3634,106.701654,18.54257,4,0,1,Hà Tĩnh
8600,244,3634,106.717013,18.818433,4,0,1,Hà Tĩnh
8601,244,3635,106.845078,20.264704,1,50,1,Hải Phòng
8602,244,3635,105.126921,20.265251,1,50,1,Hải Phòng
8603,244,3635,106.940418,20.317886,1,50,1,Hải Phòng
8604,244,3635,106.940717,20.318029,1,50,1,Hải Phòng
8605,244,3636,106.711754,21.367987,1,80,1,Điện Biên
8606,244,3636,103.078126,21.594657,1,80,1,Điện Biên
8607,245,3637,107.720711,10.821247,4,0,1,Bình Thuận
8608,245,3637,107.725533,10.823749,4,0,1,Bình Thuận
8609,245,3638,107.218593,10.84874,4,0,1,Đồng Tháp
8610,245,3638,105.529329,10.861293,4,0,1,Đồng Tháp
8611,245,3639,107.220278,11.092906,2,0,1,An Giang
8612,245,3639,105.268809,11.152267,2,0,1,An Giang
8613,245,3640,105.109787,11.336111,11,0,1,Lâm Đồng
8614,245,3640,108.604333,11.752511,11,0,1,Lâm Đồng
8615,245,3641,108.428222,13.393821,4,0,1,Bình Định
8616,245,3641,109.144925,13.800666,4,0,1,Bình Định
8617,245,3642,108.154678,15.011211,10,0,1,Quảng Nam
8618,245,3642,108.206515,15.017367,10,0,1,Quảng Nam
8619,245,3643,106.353786,18.723531,1,80,1,Nghệ An
8620,245,3643,104.429206,19.286305,1,80,1,Nghệ An
8621,245,3643,104.142289,19.407037,1,80,1,Nghệ An
8622,245,3644,105.180756,20.062752,4,0,1,Thanh Hóa
8623,245,3644,105.276958,20.097578,4,0,1,Thanh Hóa
8624,245,3644,105.110765,20.102382,4,0,1,Thanh Hóa
8625,245,3645,105.624815,20.647644,4,0,1,Hòa Bình
8626,245,3645,105.034313,20.651059,4,0,1,Hòa Bình
8627,245,3645,105.204558,20.695499,4,0,1,Hòa Bình
8628,245,3646,105.867574,20.930305,4,0,1,Hòa Bình
8629,245,3646,105.117637,20.936917,4,0,1,Hòa Bình
8630,245,3646,107.014424,20.972421,4,0,1,Hòa Bình
8631,245,3647,105.707263,21.022017,2,0,1,Hà Nội
8632,245,3647,105.734755,21.033948,2,0,1,Hà Nội
8633,245,3648,107.468933,21.336992,1,60,1,Quảng Ninh
8634,245,3648,107.699438,21.361202,1,60,1,Quảng Ninh
8635,245,3649,105.701792,21.960893,2,0,1,Lạng Sơn
8636,245,3649,106.881903,22.276902,2,0,1,Lạng Sơn
8637,246,3650,106.444306,9.265906,1,60,1,Bạc Liêu
8638,246,3650,106.017446,9.314576,1,60,1,Bạc Liêu
8639,246,3650,106.816818,9.345908,1,60,1,Bạc Liêu
8640,246,3651,106.072314,10.045982,1,60,1,Bến Tre
8641,246,3651,106.685693,10.08968,1,60,1,Bến Tre
8642,246,3652,106.748628,10.281462,4,0,1,Tiền Giang
8643,246,3652,106.465726,10.391153,4,0,1,Tiền Giang
8644,246,3653,107.259288,10.489762,4,0,1,Bà Rịa - Vũng Tàu
8645,246,3653,107.291029,10.499348,4,0,1,Bà Rịa - Vũng Tàu
8646,246,3654,105.64401,10.575433,4,0,1,Đồng Nai
8647,246,3654,107.006994,10.776091,4,0,1,Đồng Nai
8648,246,3654,107.369194,10.882462,4,0,1,Đồng Nai
8649,246,3655,107.375161,10.89015,4,0,1,Đồng Nai
8650,246,3655,107.392626,10.910491,4,0,1,Đồng Nai
8651,246,3655,105.424161,11.003874,4,0,1,Đồng Nai
8652,246,3656,105.128486,11.343547,11,0,1,An Giang
8653,246,3656,105.161289,11.364329,11,0,1,An Giang
8654,246,3657,105.157492,11.351809,4,0,1,Đắk Nông
8655,246,3657,107.369595,11.684357,4,0,1,Đắk Nông
8656,246,3657,108.090948,11.50036,4,0,1,Đắk Nông
8657,246,3658,107.711669,13.813882,2,0,1,Gia Lai
8658,246,3658,108.068145,13.981776,2,0,1,Gia Lai
8659,246,3659,108.174546,16.924579,4,0,1,Quảng Nam
8660,246,3659,108.147947,15.070528,4,0,1,Quảng Nam
8661,246,3659,105.731693,15.526282,4,0,1,Quảng Nam
8662,246,3660,107.056681,15.837152,1,60,1,Quảng Bình
8663,246,3660,105.90421,17.023412,1,60,1,Quảng Bình
8664,246,3660,106.935304,18.300475,1,60,1,Quảng Bình
8665,246,3661,105.093684,20.074452,4,0,1,Thanh Hóa
8666,246,3661,105.099382,20.097318,4,0,1,Thanh Hóa
8667,246,3661,105.10213,20.098694,4,0,1,Thanh Hóa
8668,246,3661,105.10626,20.1,4,0,1,Thanh Hóa
8669,246,3661,105.114078,20.103893,4,0,1,Thanh Hóa
8670,246,3661,105.116474,20.104679,4,0,1,Thanh Hóa
8671,246,3662,105.094371,20.588591,4,0,1,Hòa Bình
8672,246,3662,105.097644,20.590131,4,0,1,Hòa Bình
8673,246,3662,105.09786,20.590281,4,0,1,Hòa Bình
8674,246,3663,105.11689,20.598403,4,0,1,Hòa Bình
8675,246,3663,105.138137,20.708288,4,0,1,Hòa Bình
8676,246,3663,105.725745,20.776627,4,0,1,Hòa Bình
8677,246,3664,105.867031,21.00672,2,0,1,Quảng Ninh
8678,246,3664,107.358426,21.026133,2,0,1,Quảng Ninh
8679,246,3665,106.675172,21.043503,1,60,1,Quảng Ninh
8680,246,3665,107.225574,21.054755,1,60,1,Quảng Ninh
8681,246,3665,105.040594,21.058196,1,60,1,Quảng Ninh
8682,246,3666,105.125957,21.247779,4,0,1,Phú Thọ
8683,246,3666,105.129329,21.249153,4,0,1,Phú Thọ
8684,246,3667,104.181491,22.083567,1,80,1,Lao Cai
8685,246,3667,104.446898,22.223172,1,80,1,Lao Cai
8686,246,3668,104.981072,22.815324,4,0,1,Cao Bằng
8687,246,3668,106.369638,23.277542,4,0,1,Cao Bằng
8688,247,3669,106.540485,9.200231,1,60,1,Trà Vinh
8689,247,3669,106.567681,9.208438,1,60,1,Trà Vinh
8690,247,3669,106.743202,9.209706,1,60,1,Trà Vinh
8691,247,3669,106.626835,9.514232,1,60,1,Trà Vinh
8692,247,3670,107.418549,10.641533,2,0,1,An Giang
8693,247,3670,105.06934,10.511748,2,0,1,An Giang
8694,247,3670,107.736102,10.56167,2,0,1,An Giang
8695,247,3671,106.274228,10.817784,4,0,1,Đồng Nai
8696,247,3671,107.248898,10.851655,4,0,1,Đồng Nai
8697,247,3672,107.399246,10.913595,11,0,1,An Giang
8698,247,3672,105.369826,11.030827,11,0,1,An Giang
8699,247,3673,107.362691,11.208227,1,60,1,An Giang
8700,247,3673,105.3046,11.250244,1,60,1,An Giang
8701,247,3674,109.058547,12.193858,1,50,1,Đắk Lắk
8702,247,3674,108.12539,12.528749,1,50,1,Đắk Lắk
8703,247,3675,107.724555,15.467951,1,60,1,Quảng Trị
8704,247,3675,105.567148,15.697972,1,60,1,Quảng Trị
8705,247,3675,105.873818,15.584167,1,60,1,Quảng Trị
8706,247,3676,106.751685,19.808601,4,0,1,Thanh Hóa
8707,247,3676,105.181233,20.062955,4,0,1,Thanh Hóa
8708,247,3676,105.068114,20.084685,4,0,1,Thanh Hóa
8709,247,3677,105.165817,20.715336,4,0,1,Hòa Bình
8710,247,3677,105.097555,20.742934,4,0,1,Hòa Bình
8711,247,3678,106.857675,20.998241,1,80,1,Vĩnh Phúc
8712,247,3678,105.522768,21.042458,1,80,1,Vĩnh Phúc
8713,247,3679,107.201784,21.06505,4,0,1,Phú Thọ
8714,247,3679,105.093529,21.074816,4,0,1,Phú Thọ
8715,247,3680,106.130666,21.443658,4,0,1,Quảng Ninh
8716,247,3680,107.58851,21.470182,4,0,1,Quảng Ninh
8717,247,3680,107.971198,21.612686,4,0,1,Quảng Ninh
8718,248,3681,106.559321,9.897858,4,0,1,Bến Tre
8719,248,3681,106.593228,9.987212,4,0,1,Bến Tre
8720,248,3681,106.841524,10.076401,4,0,1,Bến Tre
8721,248,3681,105.286526,10.201739,4,0,1,Bến Tre
8722,248,3682,105.065052,10.692797,4,0,1,An Giang
8723,248,3682,105.100814,10.528009,4,0,1,An Giang
8724,248,3683,107.406347,11.631283,4,0,1,Ninh Thuận
8725,248,3683,108.95878,11.593859,4,0,1,Ninh Thuận
8726,248,3684,107.344019,11.906017,1,50,1,Khánh Hòa
8727,248,3684,109.132042,11.912232,1,50,1,Khánh Hòa
8728,248,3685,109.28284,13.022801,1,60,1,Phú Yên
8729,248,3685,109.269528,13.198949,1,60,1,Phú Yên
8730,248,3686,108.810312,16.113875,4,0,1,Đà Nẵng
8731,248,3686,108.83242,16.141458,4,0,1,Đà Nẵng
8732,248,3686,108.620184,16.265064,4,0,1,Đà Nẵng
8733,248,3687,106.029924,19.086098,1,80,1,Thanh Hóa
8734,248,3687,106.467646,19.577205,1,80,1,Thanh Hóa
8735,248,3688,106.986242,20.321955,4,0,1,Hải Phòng
8736,248,3688,106.990859,20.324242,4,0,1,Hải Phòng
8737,248,3688,106.991223,20.324418,4,0,1,Hải Phòng
8738,248,3689,105.090037,20.585946,4,0,1,Hòa Bình
8739,248,3689,105.077208,20.843564,4,0,1,Hòa Bình
8740,248,3690,106.345469,21.356439,4,0,1,Vĩnh Phúc
8741,248,3690,105.683185,21.37853,4,0,1,Vĩnh Phúc
8742,249,3691,104.87467,8.875995,1,60,1,Bạc Liêu
8743,249,3691,104.976006,8.981094,1,60,1,Bạc Liêu
8744,249,3691,106.188374,8.985748,1,60,1,Bạc Liêu
8745,249,3691,106.192918,8.988397,1,60,1,Bạc Liêu
8746,249,3692,104.842386,9.187466,1,50,1,Trà Vinh
8747,249,3692,106.82182,9.252055,1,50,1,Trà Vinh
8748,249,3693,106.813527,10.058874,4,0,1,An Giang
8749,249,3693,105.154596,10.284587,4,0,1,An Giang
8750,249,3694,106.311582,10.828225,4,0,1,Bình Thuận
8751,249,3694,107.918559,10.895777,4,0,1,Bình Thuận
8752,249,3694,107.392517,10.897479,4,0,1,Bình Thuận
8753,249,3695,105.837295,11.232505,1,60,1,An Giang
8754,249,3695,105.299733,11.269021,1,60,1,An Giang
8755,249,3696,107.32335,11.892817,1,50,1,Đắk Nông
8756,249,3696,107.355011,12.257121,1,50,1,Đắk Nông
8757,249,3697,109.260305,13.081134,1,80,1,Gia Lai
8758,249,3697,107.834026,13.833963,1,80,1,Gia Lai
8759,249,3698,106.916382,19.932197,4,0,1,Thanh Hóa
8760,249,3698,105.170163,19.994341,4,0,1,Thanh Hóa
8761,249,3699,106.843009,20.263392,1,80,1,Hải Phòng
8762,249,3699,106.952308,20.308223,1,80,1,Hải Phòng
8763,249,3700,105.215593,20.501341,1,50,1,Nam Định
8764,249,3700,106.208052,20.538983,1,50,1,Nam Định
8765,249,3701,105.42874,20.77149,1,50,1,Hòa Bình
8766,249,3701,105.035113,20.829327,1,50,1,Hòa Bình
8767,249,3702,107.345641,21.086879,4,0,1,Hà Nội
8768,249,3702,105.684388,21.10745,4,0,1,Hà Nội
8769,249,3703,105.600239,21.347246,2,0,1,Quảng Ninh
8770,249,3703,106.967049,21.347384,2,0,1,Quảng Ninh
8771,249,3703,106.05185,21.362926,2,0,1,Quảng Ninh
8772,249,3704,105.686898,21.379757,4,0,1,Bắc Giang
8773,249,3704,105.15458,21.393485,4,0,1,Bắc Giang
8774,249,3704,106.122081,21.440227,4,0,1,Bắc Giang
8775,249,3704,107.790959,21.625701,4,0,1,Bắc Giang
8776,249,3705,104.724829,22.008963,1,80,1,Lao Cai
8777,249,3705,103.95437,22.043995,1,80,1,Lao Cai
8778,250,3706,105.411264,9.86872,4,0,1,Cần Thơ
8779,250,3706,106.108984,9.959975,4,0,1,Cần Thơ
8780,250,3706,105.692322,10.045191,4,0,1,Cần Thơ
8781,250,3706,106.693519,10.265927,4,0,1,Cần Thơ
8782,250,3706,105.28545,10.311052,4,0,1,Cần Thơ
8783,250,3707,106.296033,10.823992,2,0,1,Bình Thuận
8784,250,3707,107.738959,10.828567,2,0,1,Bình Thuận
8785,250,3708,108.565484,11.222041,4,0,1,Bình Thuận
8786,250,3708,108.587955,11.270861,4,0,1,Bình Thuận
8787,250,3709,108.015569,12.546845,4,0,1,Đắk Lắk
8788,250,3709,108.311002,12.710745,4,0,1,Đắk Lắk
8789,250,3710,108.25483,12.716323,1,80,1,Phú Yên
8790,250,3710,109.360218,12.80995,1,80,1,Phú Yên
8791,250,3710,108.218765,12.85118,1,80,1,Phú Yên
8792,250,3711,109.321746,12.999199,4,0,1,Phú Yên
8793,250,3711,109.324627,12.999572,4,0,1,Phú Yên
8794,250,3712,106.412995,18.912163,1,80,1,Thanh Hóa
8795,250,3712,106.164094,19.320533,1,80,1,Thanh Hóa
8796,250,3713,105.094795,21.038606,2,0,1,Phú Thọ
8797,250,3713,105.160796,21.061769,2,0,1,Phú Thọ
8798,250,3714,105.254251,21.191558,2,0,1,Quảng Ninh
8799,250,3714,106.94087,21.231071,2,0,1,Quảng Ninh
8800,250,3714,105.260876,21.289209,2,0,1,Quảng Ninh
8801,250,3715,106.368318,21.349654,11,0,1,Phú Thọ
8802,250,3715,105.258904,21.362718,11,0,1,Phú Thọ
8803,250,3716,106.828477,21.69489,4,0,1,Tuyên Quang
8804,250,3716,106.82965,21.696029,4,0,1,Tuyên Quang
8805,250,3716,105.319433,21.901018,4,0,1,Tuyên Quang
8806,250,3716,106.002159,22.844852,4,0,1,Tuyên Quang
8807,251,3717,106.150519,9.172671,4,0,1,Bạc Liêu
8808,251,3717,106.153843,9.174575,4,0,1,Bạc Liêu
8809,251,3718,105.551269,10.350469,11,0,1,An Giang
8810,251,3718,105.015855,10.356586,11,0,1,An Giang
8811,251,3719,105.261624,10.437152,4,0,1,Bà Rịa - Vũng Tàu
8812,251,3719,107.442091,10.649096,4,0,1,Bà Rịa - Vũng Tàu
8813,251,3720,107.568682,11.410805,4,0,1,Đắk Nông
8814,251,3720,107.837096,11.629542,4,0,1,Đắk Nông
8815,251,3721,108.025346,12.70038,1,50,1,Đắk Lắk
8816,251,3721,108.127594,12.734395,1,50,1,Đắk Lắk
8817,251,3721,108.128085,12.73445,1,50,1,Đắk Lắk
8818,251,3722,109.209689,13.392291,1,80,1,Gia Lai
8819,251,3722,107.69336,13.776528,1,80,1,Gia Lai
8820,251,3722,107.74753,13.81857,1,80,1,Gia Lai
8821,251,3723,108.829071,16.336166,1,60,1,Thừa Thiên Huế
8822,251,3723,108.12004,16.83836,1,60,1,Thừa Thiên Huế
8823,251,3724,108.183845,15.05666,4,0,1,Quảng Nam
8824,251,3724,108.112177,15.127459,4,0,1,Quảng Nam
8825,251,3725,106.571211,18.786799,2,0,1,Hà Tĩnh
8826,251,3725,106.180782,18.814081,2,0,1,Hà Tĩnh
8827,251,3726,105.218226,20.200465,4,0,1,Hòa Bình
8828,251,3726,105.187241,20.291661,4,0,1,Hòa Bình
8829,251,3727,106.871845,20.954479,1,80,1,Quảng Ninh
8830,251,3727,107.243583,20.995985,1,80,1,Quảng Ninh
8831,251,3728,105.269555,21.290507,11,0,1,Bắc Giang
8832,251,3728,106.432079,21.306768,11,0,1,Bắc Giang
8833,251,3728,106.500435,21.313715,11,0,1,Bắc Giang
8834,251,3728,106.506139,21.314458,11,0,1,Bắc Giang
8835,251,3729,105.249794,21.428211,1,60,1,Phú Thọ
8836,251,3729,105.191004,21.44598,1,60,1,Phú Thọ
8837,251,3730,104.975546,21.632678,1,80,1,Điện Biên
8838,251,3730,103.474949,21.542806,1,80,1,Điện Biên
8839,251,3731,104.843918,22.393461,2,0,1,Cao Bằng
8840,251,3731,106.180397,22.775928,2,0,1,Cao Bằng
8841,252,3732,106.097206,9.210342,4,0,1,Bạc Liêu
8842,252,3732,106.116272,9.212729,4,0,1,Bạc Liêu
8843,252,3733,105.244843,10.306893,4,0,1,An Giang
8844,252,3733,105.271267,10.308744,4,0,1,An Giang
8845,252,3734,106.346592,10.803855,4,0,1,TP. Hồ Chí Minh
8846,252,3734,106.349085,10.804244,4,0,1,TP. Hồ Chí Minh
8847,252,3734,106.349321,10.804267,4,0,1,TP. Hồ Chí Minh
8848,252,3734,106.361085,10.804455,4,0,1,TP. Hồ Chí Minh
8849,252,3734,106.352694,10.806578,4,0,1,TP. Hồ Chí Minh
8850,252,3734,107.712752,10.819431,4,0,1,TP. Hồ Chí Minh
8851,252,3735,106.494519,10.81946,1,50,1,TP. Hồ Chí Minh
8852,252,3735,106.673769,10.827853,1,50,1,TP. Hồ Chí Minh
8853,252,3736,108.345722,11.261196,4,0,1,Bình Thuận
8854,252,3736,108.350862,11.263028,4,0,1,Bình Thuận
8855,252,3736,108.373453,11.264504,4,0,1,Bình Thuận
8856,252,3736,108.445828,11.252683,4,0,1,Bình Thuận
8857,252,3737,109.192515,11.987615,11,0,1,Khánh Hòa
8858,252,3737,109.167393,12.073584,11,0,1,Khánh Hòa
8859,252,3738,109.185552,12.633896,4,0,1,Đắk Lắk
8860,252,3738,108.110261,12.590079,4,0,1,Đắk Lắk
8861,252,3738,108.66292,12.806707,4,0,1,Đắk Lắk
8862,252,3738,109.341567,12.807265,4,0,1,Đắk Lắk
8863,252,3739,108.214478,15.050479,4,0,1,Quảng Nam
8864,252,3739,107.517351,15.494163,4,0,1,Quảng Nam
8865,252,3739,105.818284,15.568655,4,0,1,Quảng Nam
8866,252,3740,106.562509,20.468602,4,0,1,Hòa Bình
8867,252,3740,105.349647,20.665238,4,0,1,Hòa Bình
8868,252,3741,105.367143,20.50908,1,80,1,Nam Định
8869,252,3741,106.199259,20.535759,1,80,1,Nam Định
8870,252,3742,105.196926,20.55383,1,50,1,Hà Nội
8871,252,3742,105.768023,20.802947,1,50,1,Hà Nội
8872,252,3743,105.057404,20.847165,4,0,1,Hòa Bình
8873,252,3743,105.220944,20.850538,4,0,1,Hòa Bình
8874,252,3743,105.010864,20.896659,4,0,1,Hòa Bình
8875,252,3744,106.717385,21.250071,2,0,1,Vĩnh Phúc
8876,252,3744,105.467898,21.271373,2,0,1,Vĩnh Phúc
8877,252,3745,105.097206,21.329453,1,80,1,Quảng Ninh
8878,252,3745,107.618233,21.337215,1,80,1,Quảng Ninh
8879,252,3746,105.690561,21.565807,4,0,1,Thái Nguyên
8880,252,3746,105.684377,21.551864,4,0,1,Thái Nguyên
8881,252,3747,104.67945,22.409523,4,0,1,Lao Cai
8882,252,3747,103.974011,22.473011,4,0,1,Lao Cai
8883,252,3747,104.981691,22.800866,4,0,1,Lao Cai
8884,253,3748,106.548277,10.072911,1,80,1,Bến Tre
8885,253,3748,106.565457,10.073954,1,80,1,Bến Tre
8886,253,3749,105.375269,10.228891,4,0,1,An Giang
8887,253,3749,105.034668,10.413941,4,0,1,An Giang
8888,253,3750,107.481809,10.662116,1,80,1,Bà Rịa - Vũng Tàu
8889,253,3750,107.242423,10.580162,1,80,1,Bà Rịa - Vũng Tàu
8890,253,3751,107.246635,10.580499,1,60,1,Bà Rịa - Vũng Tàu
8891,253,3751,107.245863,10.580545,1,60,1,Bà Rịa - Vũng Tàu
8892,253,3751,105.725059,10.754881,1,60,1,Bà Rịa - Vũng Tàu
8893,253,3752,105.954768,10.756726,4,0,1,Đồng Tháp
8894,253,3752,105.975158,10.798082,4,0,1,Đồng Tháp
8895,253,3753,106.376499,10.807076,1,80,1,TP. Hồ Chí Minh
8896,253,3753,106.385054,10.808183,1,80,1,TP. Hồ Chí Minh
8897,253,3753,106.405969,10.810366,1,80,1,TP. Hồ Chí Minh
8898,253,3754,107.183703,10.839126,4,0,1,Bà Rịa - Vũng Tàu
8899,253,3754,107.513966,10.846352,4,0,1,Bà Rịa - Vũng Tàu
8900,253,3754,107.861875,10.871638,4,0,1,Bà Rịa - Vũng Tàu
8901,253,3755,106.610826,10.898718,1,50,1,TP. Hồ Chí Minh
8902,253,3755,106.420319,10.932628,1,50,1,TP. Hồ Chí Minh
8903,253,3756,108.319486,11.248021,4,0,1,Bình Thuận
8904,253,3756,108.332916,11.249666,4,0,1,Bình Thuận
8905,253,3756,108.428617,11.250322,4,0,1,Bình Thuận
8906,253,3756,108.454502,11.254809,4,0,1,Bình Thuận
8907,253,3757,107.832431,11.60254,4,0,1,Đắk Nông
8908,253,3757,107.967077,11.638436,4,0,1,Đắk Nông
8909,253,3758,105.713159,11.5986,1,80,1,Tây Ninh
8910,253,3758,105.169654,11.726588,1,80,1,Tây Ninh
8911,253,3759,107.928684,14.378076,4,0,1,Quảng Ngãi
8912,253,3759,108.727487,14.769875,4,0,1,Quảng Ngãi
8913,253,3760,107.509671,15.493267,4,0,1,Quảng Trị
8914,253,3760,107.51425,15.493812,4,0,1,Quảng Trị
8915,253,3760,105.710192,15.51962,4,0,1,Quảng Trị
8916,253,3760,106.66684,18.613313,4,0,1,Quảng Trị
8917,253,3761,106.557836,18.635612,1,60,1,Hà Tĩnh
8918,253,3761,106.630004,18.639461,1,60,1,Hà Tĩnh
8919,253,3762,106.396364,19.512715,4,0,1,Thanh Hóa
8920,253,3762,106.681177,19.532354,4,0,1,Thanh Hóa
8921,253,3762,106.718874,19.732964,4,0,1,Thanh Hóa
8922,253,3763,105.104906,20.84888,4,0,1,Quảng Ninh
8923,253,3763,107.094737,20.949387,4,0,1,Quảng Ninh
8924,253,3763,105.998461,20.971416,4,0,1,Quảng Ninh
8925,253,3764,106.524074,21.086195,11,0,1,Hải Dương
8926,253,3764,106.524351,21.086235,11,0,1,Hải Dương
8927,253,3765,106.902055,21.088666,1,50,1,Hải Phòng
8928,253,3765,106.685225,21.16132,1,50,1,Hải Phòng
8929,253,3766,105.719374,21.394017,2,0,1,Phú Thọ
8930,253,3766,105.172675,21.445849,2,0,1,Phú Thọ
8931,253,3767,107.912244,21.642747,1,60,1,Quảng Ninh
8932,253,3767,107.916281,21.643106,1,60,1,Quảng Ninh
8933,253,3767,103.027272,21.504706,1,60,1,Quảng Ninh
8934,254,3768,105.439529,9.507032,4,0,1,Bà Rịa - Vũng Tàu
8935,254,3768,107.210043,10.416124,4,0,1,Bà Rịa - Vũng Tàu
8936,254,3768,106.000104,10.421143,4,0,1,Bà Rịa - Vũng Tàu
8937,254,3769,105.104767,10.423982,4,0,1,An Giang
8938,254,3769,105.185539,10.424322,4,0,1,An Giang
8939,254,3769,105.199025,10.426667,4,0,1,An Giang
8940,254,3770,105.195597,10.535362,4,0,1,Long An
8941,254,3770,106.331737,10.721026,4,0,1,Long An
8942,254,3770,106.332199,10.721101,4,0,1,Long An
8943,254,3771,105.593512,10.728686,1,50,1,TP. Hồ Chí Minh
8944,254,3771,106.378747,10.807422,1,50,1,TP. Hồ Chí Minh
8945,254,3771,106.391073,10.808748,1,50,1,TP. Hồ Chí Minh
8946,254,3772,105.887384,10.89811,2,0,1,Đồng Nai
8947,254,3772,107.314465,10.904035,2,0,1,Đồng Nai
8948,254,3773,107.213626,10.930742,1,60,1,Đồng Nai
8949,254,3773,107.230663,10.932688,1,60,1,Đồng Nai
8950,254,3773,107.235263,10.933173,1,60,1,Đồng Nai
8951,254,3774,108.39221,11.265723,4,0,1,Bình Thuận
8952,254,3774,108.41064,11.268477,4,0,1,Bình Thuận
8953,254,3775,107.526899,11.410663,4,0,1,Đồng Nai
8954,254,3775,107.586543,11.424851,4,0,1,Đồng Nai
8955,254,3776,109.170604,13.89885,4,0,1,Bình Định
8956,254,3776,108.963709,13.899528,4,0,1,Bình Định
8957,254,3776,108.999445,13.90325,4,0,1,Bình Định
8958,254,3777,108.824118,14.985024,4,0,1,Đà Nẵng
8959,254,3777,108.776671,16.045394,4,0,1,Đà Nẵng
8960,254,3778,108.507209,16.249891,4,0,1,Thừa Thiên Huế
8961,254,3778,108.270629,16.830036,4,0,1,Thừa Thiên Huế
8962,254,3778,108.175965,16.888943,4,0,1,Thừa Thiên Huế
8963,254,3778,107.192927,15.740231,4,0,1,Thừa Thiên Huế
8964,254,3779,105.111956,18.21134,4,0,1,Hà Tĩnh
8965,254,3779,106.301051,18.468162,4,0,1,Hà Tĩnh
8966,254,3780,106.486877,19.000122,2,0,1,Thanh Hóa
8967,254,3780,106.689514,19.534055,2,0,1,Thanh Hóa
8968,254,3781,106.733296,19.922786,1,50,1,Thái Bình
8969,254,3781,106.742402,19.923507,1,50,1,Thái Bình
8970,254,3782,106.877253,20.158059,4,0,1,Thanh Hóa
8971,254,3782,105.326558,20.195819,4,0,1,Thanh Hóa
8972,254,3783,105.230117,21.099779,1,60,1,Sơn La
8973,254,3783,103.980722,21.251775,1,60,1,Sơn La
8974,254,3784,105.476561,21.276775,2,0,1,Bắc Giang
8975,254,3784,106.349656,21.297788,2,0,1,Bắc Giang
8976,254,3785,106.853148,21.469633,2,0,1,Lạng Sơn
8977,254,3785,106.914329,21.471422,2,0,1,Lạng Sơn
8978,254,3786,106.791629,21.522887,4,0,1,Thái Nguyên
8979,254,3786,106.204007,21.824689,4,0,1,Thái Nguyên
8980,255,3787,107.249333,10.485212,4,0,1,Bà Rịa - Vũng Tàu
8981,255,3787,107.265927,10.487222,4,0,1,Bà Rịa - Vũng Tàu
8982,255,3788,107.280856,10.694042,1,50,1,Đồng Tháp
8983,255,3788,105.523553,10.506009,1,50,1,Đồng Tháp
8984,255,3789,107.073668,10.506242,2,0,1,Long An
8985,255,3789,106.513635,10.571201,2,0,1,Long An
8986,255,3789,107.281783,10.597085,2,0,1,Long An
8987,255,3790,105.055375,11.314771,11,0,1,An Giang
8988,255,3790,105.075805,11.316402,11,0,1,An Giang
8989,255,3791,105.080684,11.316555,4,0,1,An Giang
8990,255,3791,105.085655,11.315084,4,0,1,An Giang
8991,255,3791,105.090553,11.315305,4,0,1,An Giang
8992,255,3792,108.636846,13.338934,1,50,1,Bình Định
8993,255,3792,109.050055,13.945944,1,50,1,Bình Định
8994,255,3792,107.852268,14.515627,1,50,1,Bình Định
8995,255,3793,108.178794,15.052524,4,0,1,Quảng Nam
8996,255,3793,108.2001,15.056804,4,0,1,Quảng Nam
8997,255,3794,107.368455,15.68647,4,0,1,Quảng Bình
8998,255,3794,106.914529,18.293021,4,0,1,Quảng Bình
8999,255,3794,106.666123,18.61327,4,0,1,Quảng Bình
9000,255,3795,106.70898,18.844266,2,0,1,Hà Tĩnh
9001,255,3795,106.46346,18.923204,2,0,1,Hà Tĩnh
9002,255,3796,104.090657,19.458932,1,80,1,Thái Bình
9003,255,3796,106.473632,19.87406,1,80,1,Thái Bình
9004,255,3797,105.240432,20.852019,4,0,1,Hòa Bình
9005,255,3797,105.269513,20.853318,4,0,1,Hòa Bình
9006,255,3797,105.288803,20.856826,4,0,1,Hòa Bình
9007,255,3798,107.247621,20.997239,1,80,1,Quảng Ninh
9008,255,3798,107.247739,20.997256,1,80,1,Quảng Ninh
9009,255,3799,107.248862,20.997333,1,60,1,Quảng Ninh
9010,255,3799,107.118657,21.020543,1,60,1,Quảng Ninh
9011,255,3800,107.054414,21.0629,4,0,1,Hải Phòng
9012,255,3800,106.554205,21.085615,4,0,1,Hải Phòng
9013,255,3800,105.159097,21.24796,4,0,1,Hải Phòng
9014,255,3801,106.499004,21.27757,1,80,1,Phú Thọ
9015,255,3801,105.308364,21.296283,1,80,1,Phú Thọ
9016,255,3802,105.32068,21.295078,4,0,1,Phú Thọ
9017,255,3802,105.331811,21.295783,4,0,1,Phú Thọ
9018,255,3803,105.347413,21.297808,2,0,1,Phú Thọ
9019,255,3803,105.354164,21.298915,2,0,1,Phú Thọ
9020,255,3804,105.143983,21.440338,2,0,1,Phú Thọ
9021,255,3804,105.101247,21.443122,2,0,1,Phú Thọ
9022,255,3805,104.21847,22.19901,2,0,1,Hà Giang
9023,255,3805,104.698557,22.416407,2,0,1,Hà Giang
9024,256,3806,105.293434,10.436335,1,90,1,An Giang
9025,256,3806,105.293744,10.436364,1,90,1,An Giang
9026,256,3807,105.943809,10.565237,1,50,1,Bà Rịa - Vũng Tàu
9027,256,3807,107.101308,10.784665,1,50,1,Bà Rịa - Vũng Tàu
9028,256,3808,106.699233,10.830249,4,0,1,TP. Hồ Chí Minh
9029,256,3808,106.52521,10.832466,4,0,1,TP. Hồ Chí Minh
9030,256,3809,107.589216,10.86941,4,0,1,Đồng Nai
9031,256,3809,107.27793,10.901222,4,0,1,Đồng Nai
9032,256,3809,107.282654,10.901522,4,0,1,Đồng Nai
9033,256,3809,107.285875,10.901891,4,0,1,Đồng Nai
9034,256,3809,107.28824,10.902009,4,0,1,Đồng Nai
9035,256,3809,107.289982,10.902135,4,0,1,Đồng Nai
9036,256,3810,107.312223,10.903865,4,0,1,Đồng Nai
9037,256,3810,107.340419,10.905012,4,0,1,Đồng Nai
9038,256,3811,107.238766,10.933366,1,60,1,Tây Ninh
9039,256,3811,105.743245,11.130337,1,60,1,Tây Ninh
9040,256,3812,108.4849,11.750448,11,0,1,Lâm Đồng
9041,256,3812,108.490212,11.750872,11,0,1,Lâm Đồng
9042,256,3813,108.218134,15.050886,4,0,1,Quảng Nam
9043,256,3813,108.204436,15.055048,4,0,1,Quảng Nam
9044,256,3813,108.088172,15.220644,4,0,1,Quảng Nam
9045,256,3814,107.545762,15.405958,4,0,1,Quảng Trị
9046,256,3814,105.764865,15.533783,4,0,1,Quảng Trị
9047,256,3815,105.027552,20.674665,1,50,1,Hòa Bình
9048,256,3815,105.234192,20.505433,1,50,1,Hòa Bình
9049,256,3816,105.116326,20.849901,4,0,1,Hòa Bình
9050,256,3816,105.126675,20.860534,4,0,1,Hòa Bình
9051,256,3817,105.567403,21.06215,4,0,1,Vĩnh Phúc
9052,256,3817,105.568252,21.062191,4,0,1,Vĩnh Phúc
9053,256,3818,106.710527,21.23139,4,0,1,Phú Thọ
9054,256,3818,105.294417,21.256738,4,0,1,Phú Thọ
9055,256,3818,106.604676,21.277974,4,0,1,Phú Thọ
9056,256,3819,107.01613,21.808494,1,80,1,Lao Cai
9057,256,3819,103.968824,22.045163,1,80,1,Lao Cai
9058,257,3820,105.694639,8.54668,1,60,1,Cà Mau
9059,257,3820,104.980315,8.877909,1,60,1,Cà Mau
9060,257,3821,105.348709,10.311258,4,0,1,Bà Rịa - Vũng Tàu
9061,257,3821,105.3685,10.362905,4,0,1,Bà Rịa - Vũng Tàu
9062,257,3821,105.576425,10.36932,4,0,1,Bà Rịa - Vũng Tàu
9063,257,3821,105.943936,10.40209,4,0,1,Bà Rịa - Vũng Tàu
9064,257,3821,107.315572,10.462035,4,0,1,Bà Rịa - Vũng Tàu
9065,257,3821,107.303335,10.601007,4,0,1,Bà Rịa - Vũng Tàu
9066,257,3821,107.327493,10.601817,4,0,1,Bà Rịa - Vũng Tàu
9067,257,3821,106.422831,10.649431,4,0,1,Bà Rịa - Vũng Tàu
9068,257,3821,105.355818,10.663732,4,0,1,Bà Rịa - Vũng Tàu
9069,257,3822,105.041795,10.689214,1,80,1,Bà Rịa - Vũng Tàu
9070,257,3822,107.27032,10.693655,1,80,1,Bà Rịa - Vũng Tàu
9071,257,3823,107.274358,10.693717,1,50,1,Bà Rịa - Vũng Tàu
9072,257,3823,107.275864,10.69381,1,50,1,Bà Rịa - Vũng Tàu
9073,257,3824,105.269571,10.595456,4,0,1,An Giang
9074,257,3824,105.259216,10.595934,4,0,1,An Giang
9075,257,3825,105.310344,10.59896,1,80,1,Bà Rịa - Vũng Tàu
9076,257,3825,107.043365,10.72034,1,80,1,Bà Rịa - Vũng Tàu
9077,257,3826,106.680163,10.828738,1,80,1,Bà Rịa - Vũng Tàu
9078,257,3826,107.551695,10.834115,1,80,1,Bà Rịa - Vũng Tàu
9079,257,3827,105.873183,10.972138,11,0,1,Đồng Tháp
9080,257,3827,105.539515,10.973423,11,0,1,Đồng Tháp
9081,257,3828,105.806395,11.075646,1,60,1,Tây Ninh
9082,257,3828,105.585787,11.087391,1,60,1,Tây Ninh
9083,257,3829,105.444759,11.150845,2,0,1,Tây Ninh
9084,257,3829,105.584614,11.179416,2,0,1,Tây Ninh
9085,257,3830,107.321465,11.666302,4,0,1,Bình Phước
9086,257,3830,107.247569,11.812991,4,0,1,Bình Phước
9087,257,3831,107.535935,12.466792,2,0,1,Đắk Lắk
9088,257,3831,108.64642,12.804983,2,0,1,Đắk Lắk
9089,257,3831,108.075755,12.81005,2,0,1,Đắk Lắk
9090,257,3831,108.926842,12.996497,2,0,1,Đắk Lắk
9091,257,3832,108.150455,13.275123,1,50,1,Bình Định
9092,257,3832,109.150822,13.79417,1,50,1,Bình Định
9093,257,3833,109.021125,13.908558,4,0,1,Bình Định
9094,257,3833,109.033002,13.963931,4,0,1,Bình Định
9095,257,3834,109.028602,14.607618,4,0,1,Đà Nẵng
9096,257,3834,108.769231,16.115281,4,0,1,Đà Nẵng
9097,257,3835,106.969087,17.873112,1,80,1,Hà Tĩnh
9098,257,3835,105.385608,18.07589,1,80,1,Hà Tĩnh
9099,257,3836,106.782356,18.390733,1,60,1,Hòa Bình
9100,257,3836,105.266357,20.204486,1,60,1,Hòa Bình
9101,257,3837,106.900227,20.628725,11,0,1,Hải Phòng
9102,257,3837,106.906292,20.628959,11,0,1,Hải Phòng
9103,257,3837,105.00835,20.665868,11,0,1,Hải Phòng
9104,257,3838,107.34178,21.077538,2,0,1,Vĩnh Phúc
9105,257,3838,105.433825,21.13275,2,0,1,Vĩnh Phúc
9106,257,3838,106.606207,21.147016,2,0,1,Vĩnh Phúc
9107,257,3839,107.850885,21.619328,4,0,1,Quảng Ninh
9108,257,3839,107.876367,21.619846,4,0,1,Quảng Ninh
9109,257,3839,107.90438,21.620809,4,0,1,Quảng Ninh
9110,257,3840,103.806654,22.65413,1,60,1,Hà Giang
9111,257,3840,105.197085,22.598809,1,60,1,Hà Giang
9112,258,3841,105.129345,10.404787,4,0,1,An Giang
9113,258,3841,105.085666,10.423567,4,0,1,An Giang
9114,258,3842,105.875559,10.78581,4,0,1,Đồng Tháp
9115,258,3842,105.882443,10.785871,4,0,1,Đồng Tháp
9116,258,3842,105.765074,10.794066,4,0,1,Đồng Tháp
9117,258,3843,105.578095,10.851594,4,0,1,Đồng Nai
9118,258,3843,105.553346,10.851705,4,0,1,Đồng Nai
9119,258,3843,107.816543,10.854367,4,0,1,Đồng Nai
9120,258,3843,107.270608,10.856109,4,0,1,Đồng Nai
9121,258,3843,107.797677,10.856157,4,0,1,Đồng Nai
9122,258,3843,107.288952,10.85649,4,0,1,Đồng Nai
9123,258,3844,105.892539,10.970609,2,0,1,Tây Ninh
9124,258,3844,105.46307,11.1533,2,0,1,Tây Ninh
9125,258,3845,107.432808,11.211885,1,60,1,An Giang
9126,258,3845,105.058154,11.288291,1,60,1,An Giang
9127,258,3846,105.464625,11.305871,4,0,1,An Giang
9128,258,3846,105.177494,11.351935,4,0,1,An Giang
9129,258,3847,109.0279,14.607483,1,60,1,Bình Định
9130,258,3847,109.031179,14.607503,1,60,1,Bình Định
9131,258,3848,108.247875,16.861756,1,80,1,Thừa Thiên Huế
9132,258,3848,108.171986,16.889174,1,80,1,Thừa Thiên Huế
9133,258,3849,107.522139,15.494249,4,0,1,Quảng Nam
9134,258,3849,107.604447,15.697482,4,0,1,Quảng Nam
9135,258,3850,106.942338,18.379268,4,0,1,Thanh Hóa
9136,258,3850,106.706395,19.507074,4,0,1,Thanh Hóa
9137,258,3851,105.014499,20.823321,4,0,1,Hòa Bình
9138,258,3851,105.192042,20.864589,4,0,1,Hòa Bình
9139,258,3852,106.574319,21.337287,4,0,1,Phú Thọ
9140,258,3852,105.132702,21.387286,4,0,1,Phú Thọ
9141,259,3853,106.229689,9.027119,1,50,1,Bạc Liêu
9142,259,3853,106.306412,9.027179,1,50,1,Bạc Liêu
9143,259,3853,106.129028,9.029105,1,50,1,Bạc Liêu
9144,259,3854,106.080908,9.203893,1,60,1,Kiên Giang
9145,259,3854,105.075223,9.852711,1,60,1,Kiên Giang
9146,259,3854,106.57276,9.998564,1,60,1,Kiên Giang
9147,259,3855,105.653345,10.229197,4,0,1,Bến Tre
9148,259,3855,106.763023,10.290368,4,0,1,Bến Tre
9149,259,3856,107.446351,10.540372,1,80,1,TP. Hồ Chí Minh
9150,259,3856,106.697961,10.57062,1,80,1,TP. Hồ Chí Minh
9151,259,3856,105.577316,10.728266,1,80,1,TP. Hồ Chí Minh
9152,259,3857,105.991593,10.796842,4,0,1,Đồng Tháp
9153,259,3857,105.776556,10.795321,4,0,1,Đồng Tháp
9154,259,3858,109.182642,12.249515,4,0,1,Khánh Hòa
9155,259,3858,109.113488,12.267202,4,0,1,Khánh Hòa
9156,259,3859,109.134746,12.267449,4,0,1,Khánh Hòa
9157,259,3859,109.103127,12.250319,4,0,1,Khánh Hòa
9158,259,3860,108.036276,12.582613,4,0,1,Phú Yên
9159,259,3860,109.255677,12.99573,4,0,1,Phú Yên
9160,259,3860,109.333159,13.054118,4,0,1,Phú Yên
9161,259,3861,109.041664,13.865729,4,0,1,Bình Định
9162,259,3861,109.041518,13.897365,4,0,1,Bình Định
9163,259,3862,107.969338,14.061685,2,0,1,Đà Nẵng
9164,259,3862,108.804247,16.160701,2,0,1,Đà Nẵng
9165,259,3863,105.334287,18.04847,1,60,1,Hà Tĩnh
9166,259,3863,106.84135,18.481855,1,60,1,Hà Tĩnh
9167,259,3864,106.593177,18.571937,10,0,1,Hà Tĩnh
9168,259,3864,106.593673,18.581993,10,0,1,Hà Tĩnh
9169,259,3865,106.734374,18.774991,1,80,1,Thanh Hóa
9170,259,3865,106.26514,19.322363,1,80,1,Thanh Hóa
9171,259,3865,106.07795,19.376509,1,80,1,Thanh Hóa
9172,259,3866,107.117834,20.941694,4,0,1,Hải Phòng
9173,259,3866,106.926535,20.947121,4,0,1,Hải Phòng
9174,259,3867,107.159142,20.962238,1,80,1,Hải Phòng
9175,259,3867,106.853799,20.954017,1,80,1,Hải Phòng
9176,259,3868,107.033677,20.980388,1,50,1,Quảng Ninh
9177,259,3868,107.023628,20.98468,1,50,1,Quảng Ninh
9178,259,3868,106.630675,20.990453,1,50,1,Quảng Ninh
9179,259,3869,107.228567,21.053801,4,0,1,Quảng Ninh
9180,259,3869,107.242432,21.054198,4,0,1,Quảng Ninh
9181,259,3870,106.830865,21.124799,1,50,1,Hải Phòng
9182,259,3870,106.688877,21.161532,1,50,1,Hải Phòng
9183,259,3871,105.161297,21.185724,2,0,1,Vĩnh Phúc
9184,259,3871,105.773526,21.210818,2,0,1,Vĩnh Phúc
9185,259,3872,106.311166,21.247892,1,60,1,Vĩnh Phúc
9186,259,3872,105.648357,21.284135,1,60,1,Vĩnh Phúc
9187,259,3873,106.429472,21.299552,4,0,1,Sơn La
9188,259,3873,103.912383,21.325917,4,0,1,Sơn La
9189,259,3873,105.454967,21.33053,4,0,1,Sơn La
9190,259,3874,106.31798,21.351623,1,60,1,Bắc Giang
9191,259,3874,106.244754,21.406861,1,60,1,Bắc Giang
9192,260,3875,106.814439,9.805942,1,60,1,Kiên Giang
9193,260,3875,104.505132,10.191555,1,60,1,Kiên Giang
9194,260,3876,105.58962,10.819414,1,80,1,Đồng Tháp
9195,260,3876,105.589559,10.819458,1,80,1,Đồng Tháp
9196,260,3877,105.844457,10.903641,4,0,1,Bình Thuận
9197,260,3877,108.104719,10.932169,4,0,1,Bình Thuận
9198,260,3878,105.765911,11.93526,1,50,1,Đắk Nông
9199,260,3878,107.561215,11.975787,1,50,1,Đắk Nông
9200,260,3879,108.437829,12.809345,4,0,1,Phú Yên
9201,260,3879,109.057103,12.976905,4,0,1,Phú Yên
9202,260,3880,108.628401,13.976381,1,80,1,Bình Định
9203,260,3880,108.692944,14.168758,1,80,1,Bình Định
9204,260,3880,107.731681,16.015361,1,80,1,Bình Định
9205,260,3881,108.386798,16.635655,1,80,1,Thừa Thiên Huế
9206,260,3881,108.061168,16.88337,1,80,1,Thừa Thiên Huế
9207,260,3882,108.249439,16.889059,4,0,1,Thừa Thiên Huế
9208,260,3882,108.249484,16.889085,4,0,1,Thừa Thiên Huế
9209,260,3883,105.815218,15.568256,1,60,1,Hà Tĩnh
9210,260,3883,105.15824,18.001937,1,60,1,Hà Tĩnh
9211,260,3884,105.251545,18.045875,4,0,1,Nghệ An
9212,260,3884,106.719444,18.543705,4,0,1,Nghệ An
9213,260,3884,105.157158,19.993308,4,0,1,Nghệ An
9214,260,3884,105.157645,19.993413,4,0,1,Nghệ An
9215,260,3884,105.083474,20.090015,4,0,1,Nghệ An
9216,260,3884,106.902335,20.160771,4,0,1,Nghệ An
9217,260,3884,106.910931,20.163859,4,0,1,Nghệ An
9218,260,3884,106.92634,20.15134,4,0,1,Nghệ An
9219,260,3885,106.974375,20.253398,11,0,1,Hòa Bình
9220,260,3885,105.44326,20.390186,11,0,1,Hòa Bình
9221,260,3886,107.267082,21.058428,4,0,1,Quảng Ninh
9222,260,3886,107.320751,21.091034,4,0,1,Quảng Ninh
9223,260,3886,106.76779,21.161273,4,0,1,Quảng Ninh
9224,260,3887,106.679218,21.28037,4,0,1,Phú Thọ
9225,260,3887,105.258471,21.290431,4,0,1,Phú Thọ
9226,260,3888,103.826156,22.346479,1,60,1,Hà Giang
9227,260,3888,105.273796,22.544479,1,60,1,Hà Giang
9228,261,3889,107.413925,10.639798,4,0,1,Bà Rịa - Vũng Tàu
9229,261,3889,107.247097,10.640602,4,0,1,Bà Rịa - Vũng Tàu
9230,261,3890,105.553821,10.760279,11,0,1,Đồng Tháp
9231,261,3890,105.577461,10.762122,11,0,1,Đồng Tháp
9232,261,3891,107.828459,11.531468,4,0,1,Bình Phước
9233,261,3891,106.983678,11.555014,4,0,1,Bình Phước
9234,261,3891,105.886487,11.754926,4,0,1,Bình Phước
9235,261,3892,108.498333,12.812941,4,0,1,Phú Yên
9236,261,3892,109.025949,12.977724,4,0,1,Phú Yên
9237,261,3893,108.294482,16.90017,4,0,1,Quảng Nam
9238,261,3893,108.205617,15.068962,4,0,1,Quảng Nam
9239,261,3893,107.510108,15.437181,4,0,1,Quảng Nam
9240,261,3894,107.378286,15.65062,1,60,1,Quảng Trị
9241,261,3894,105.998269,15.811329,1,60,1,Quảng Trị
9242,261,3895,105.315214,20.407809,1,50,1,Hòa Bình
9243,261,3895,105.360787,20.480436,1,50,1,Hòa Bình
9244,261,3896,105.190274,20.8084,1,80,1,Hải Phòng
9245,261,3896,106.825175,20.870181,1,80,1,Hải Phòng
9246,261,3897,106.273589,21.16327,1,80,1,Bắc Giang
9247,261,3897,106.533986,21.238944,1,80,1,Bắc Giang
9248,261,3898,105.129721,21.272659,4,0,1,Phú Thọ
9249,261,3898,105.129982,21.272514,4,0,1,Phú Thọ
9250,261,3899,106.435032,21.301112,4,0,1,Vĩnh Phúc
9251,261,3899,105.6544,21.37181,4,0,1,Vĩnh Phúc
9252,261,3900,105.531694,21.589134,1,60,1,Lao Cai
9253,261,3900,103.967076,22.46704,1,60,1,Lao Cai
9254,261,3900,104.277075,22.593714,1,60,1,Lao Cai
9255,262,3901,104.853791,9.060605,2,0,1,Cà Mau
9256,262,3901,104.976322,9.077873,2,0,1,Cà Mau
9257,262,3902,105.302573,9.908923,4,0,1,Trà Vinh
9258,262,3902,106.76615,10.012816,4,0,1,Trà Vinh
9259,262,3902,106.766469,10.012935,4,0,1,Trà Vinh
9260,262,3903,107.224119,10.457306,4,0,1,An Giang
9261,262,3903,107.351787,10.622177,4,0,1,An Giang
9262,262,3903,104.54543,10.628121,4,0,1,An Giang
9263,262,3903,107.398851,10.636037,4,0,1,An Giang
9264,262,3904,105.711298,10.869028,4,0,1,Đồng Tháp
9265,262,3904,105.745898,10.874126,4,0,1,Đồng Tháp
9266,262,3905,105.865934,10.908314,1,60,1,Đồng Nai
9267,262,3905,107.201085,10.929377,1,60,1,Đồng Nai
9268,262,3906,105.368044,10.9413,4,0,1,An Giang
9269,262,3906,105.354186,10.943256,4,0,1,An Giang
9270,262,3907,107.292133,11.15444,2,0,1,Bình Thuận
9271,262,3907,108.382993,11.192493,2,0,1,Bình Thuận
9272,262,3908,107.641674,11.388464,4,0,1,Đắk Nông
9273,262,3908,107.765815,11.614457,4,0,1,Đắk Nông
9274,262,3908,105.887522,11.633506,4,0,1,Đắk Nông
9275,262,3909,108.445211,11.939955,4,0,1,Đắk Nông
9276,262,3909,107.583087,12.002368,4,0,1,Đắk Nông
9277,262,3909,107.518795,12.448295,4,0,1,Đắk Nông
9278,262,3909,107.519828,12.448518,4,0,1,Đắk Nông
9279,262,3910,108.21821,16.515034,4,0,1,Quảng Nam
9280,262,3910,108.169504,15.064298,4,0,1,Quảng Nam
9281,262,3910,108.170679,15.065489,4,0,1,Quảng Nam
9282,262,3910,107.915013,15.292011,4,0,1,Quảng Nam
9283,262,3910,105.815409,15.568313,4,0,1,Quảng Nam
9284,262,3911,106.990486,20.661741,1,50,1,Hòa Bình
9285,262,3911,105.640271,20.59306,1,50,1,Hòa Bình
9286,262,3911,105.434858,20.773375,1,50,1,Hòa Bình
9287,262,3911,105.437861,20.774342,1,50,1,Hòa Bình
9288,262,3911,105.442959,20.776962,1,50,1,Hòa Bình
9289,262,3912,106.336272,20.781791,1,60,1,Hà Nội
9290,262,3912,105.687859,20.880715,1,60,1,Hà Nội
9291,262,3913,106.360415,20.885503,4,0,1,Quảng Ninh
9292,262,3913,106.968192,20.888812,4,0,1,Quảng Ninh
9293,262,3913,107.168235,20.954276,4,0,1,Quảng Ninh
9294,262,3913,106.845207,20.955088,4,0,1,Quảng Ninh
9295,262,3913,107.212643,21.051779,4,0,1,Quảng Ninh
9296,262,3914,105.244006,22.577694,4,0,1,Hà Giang
9297,262,3914,104.97215,23.025874,4,0,1,Hà Giang
9298,263,3915,105.296817,10.203718,4,0,1,An Giang
9299,263,3915,105.243971,10.326712,4,0,1,An Giang
9300,263,3916,105.312084,10.341603,1,60,1,An Giang
9301,263,3916,105.328433,10.345252,1,60,1,An Giang
9302,263,3917,104.993944,10.41944,4,0,1,Bà Rịa - Vũng Tàu
9303,263,3917,107.198676,10.620096,4,0,1,Bà Rịa - Vũng Tàu
9304,263,3917,107.392838,10.633237,4,0,1,Bà Rịa - Vũng Tàu
9305,263,3917,107.399529,10.636271,4,0,1,Bà Rịa - Vũng Tàu
9306,263,3918,105.828466,10.651044,1,60,1,Bà Rịa - Vũng Tàu
9307,263,3918,107.040205,10.688715,1,60,1,Bà Rịa - Vũng Tàu
9308,263,3919,107.179976,10.566024,1,50,1,Đồng Tháp
9309,263,3919,105.923011,10.767353,1,50,1,Đồng Tháp
9310,263,3920,107.119149,10.794554,4,0,1,Bình Thuận
9311,263,3920,107.202089,10.841922,4,0,1,Bình Thuận
9312,263,3920,107.781139,10.851208,4,0,1,Bình Thuận
9313,263,3920,107.833387,10.858058,4,0,1,Bình Thuận
9314,263,3921,107.883951,11.694644,1,60,1,Bình Phước
9315,263,3921,107.238662,11.712012,1,60,1,Bình Phước
9316,263,3922,105.809228,11.966826,2,0,1,Đắk Nông
9317,263,3922,107.694631,11.983071,2,0,1,Đắk Nông
9318,263,3923,109.246369,12.733514,4,0,1,Phú Yên
9319,263,3923,109.293399,12.994998,4,0,1,Phú Yên
9320,263,3924,108.024148,13.970437,4,0,1,Gia Lai
9321,263,3924,108.296219,14.066367,4,0,1,Gia Lai
9322,263,3924,108.175711,14.4564,4,0,1,Gia Lai
9323,263,3925,108.206291,15.017211,4,0,1,Thừa Thiên Huế
9324,263,3925,107.696086,15.493672,4,0,1,Thừa Thiên Huế
9325,263,3925,107.073143,15.839568,4,0,1,Thừa Thiên Huế
9326,263,3925,106.73033,18.431522,4,0,1,Thừa Thiên Huế
9327,263,3926,106.459966,18.71206,1,80,1,Hòa Bình
9328,263,3926,105.150257,20.227393,1,80,1,Hòa Bình
9329,263,3926,106.635859,20.405095,1,80,1,Hòa Bình
9330,263,3927,106.805806,20.483673,4,0,1,Hòa Bình
9331,263,3927,105.667128,20.665186,4,0,1,Hòa Bình
9332,263,3927,105.009372,20.543016,4,0,1,Hòa Bình
9333,263,3927,105.30024,20.569939,4,0,1,Hòa Bình
9334,263,3928,105.706263,20.842931,1,50,1,Hòa Bình
9335,263,3928,105.290817,20.935921,1,50,1,Hòa Bình
9336,263,3929,104.121981,21.823484,1,80,1,Lao Cai
9337,263,3929,104.102776,22.041124,1,80,1,Lao Cai
9338,264,3930,106.81739,9.315219,4,0,1,Bến Tre
9339,264,3930,106.691485,10.088459,4,0,1,Bến Tre
9340,264,3931,105.913459,10.394581,1,60,1,An Giang
9341,264,3931,105.964645,10.410425,1,60,1,An Giang
9342,264,3931,104.037858,10.412593,1,60,1,An Giang
9343,264,3931,105.95281,10.412712,1,60,1,An Giang
9344,264,3932,105.741372,10.872359,4,0,1,Đồng Nai
9345,264,3932,107.342374,10.87661,4,0,1,Đồng Nai
9346,264,3933,105.413122,10.900013,2,0,1,Đồng Tháp
9347,264,3933,105.761676,10.911711,2,0,1,Đồng Tháp
9348,264,3934,105.951647,11.09813,4,0,1,Đồng Nai
9349,264,3934,107.307459,11.158758,4,0,1,Đồng Nai
9350,264,3934,105.265331,11.240444,4,0,1,Đồng Nai
9351,264,3935,105.847266,11.410127,4,0,1,Đắk Nông
9352,264,3935,107.79003,11.637479,4,0,1,Đắk Nông
9353,264,3935,108.046988,11.673211,4,0,1,Đắk Nông
9354,264,3936,107.265265,11.816652,2,0,1,Đắk Nông
9355,264,3936,107.716679,12.00434,2,0,1,Đắk Nông
9356,264,3937,107.651653,13.768466,1,80,1,Bình Định
9357,264,3937,108.521212,13.920807,1,80,1,Bình Định
9358,264,3937,108.073209,14.05083,1,80,1,Bình Định
9359,264,3938,108.784075,16.352091,1,60,1,Đà Nẵng
9360,264,3938,108.357457,16.654186,1,60,1,Đà Nẵng
9361,264,3939,108.224126,16.94801,4,0,1,Thừa Thiên Huế
9362,264,3939,105.718057,15.520612,4,0,1,Thừa Thiên Huế
9363,264,3939,107.073609,15.839779,4,0,1,Thừa Thiên Huế
9364,264,3939,106.428694,18.608955,4,0,1,Thừa Thiên Huế
9365,264,3939,106.599067,18.5415,4,0,1,Thừa Thiên Huế
9366,264,3940,105.086784,20.823861,11,0,1,Hòa Bình
9367,264,3940,105.594498,20.840976,11,0,1,Hòa Bình
9368,264,3941,105.219522,21.050426,2,0,1,Phú Thọ
9369,264,3941,105.102581,21.058838,2,0,1,Phú Thọ
9370,264,3942,105.404665,21.649059,4,0,1,Yên Bái
9371,264,3942,104.850331,21.595982,4,0,1,Yên Bái
9372,264,3943,105.767875,21.862393,4,0,1,Thái Nguyên
9373,264,3943,105.769463,21.862916,4,0,1,Thái Nguyên
9374,265,3944,106.434153,9.232281,4,0,1,Sóc Trăng
9375,265,3944,106.61331,9.2617,4,0,1,Sóc Trăng
9376,265,3945,105.215349,10.428254,4,0,1,Long An
9377,265,3945,106.066849,10.437046,4,0,1,Long An
9378,265,3945,106.174431,10.553506,4,0,1,Long An
9379,265,3945,105.655823,10.58448,4,0,1,Long An
9380,265,3946,105.914535,10.707138,1,60,1,Đồng Tháp
9381,265,3946,105.932579,10.711305,1,60,1,Đồng Tháp
9382,265,3947,105.852053,10.718916,1,70,1,Đồng Tháp
9383,265,3947,105.875838,10.722317,1,70,1,Đồng Tháp
9384,265,3948,107.32475,10.871142,4,0,1,Bình Thuận
9385,265,3948,108.054544,10.925565,4,0,1,Bình Thuận
9386,265,3949,105.84629,10.954863,4,0,1,Tây Ninh
9387,265,3949,105.863596,10.955846,4,0,1,Tây Ninh
9388,265,3950,105.86793,10.957863,4,0,1,Đồng Tháp
9389,265,3950,105.485436,10.958749,4,0,1,Đồng Tháp
9390,265,3951,105.379414,11.283456,1,60,1,Tây Ninh
9391,265,3951,105.375796,11.292159,1,60,1,Tây Ninh
9392,265,3952,105.431101,11.365573,1,60,1,Tây Ninh
9393,265,3952,105.437015,11.372079,1,60,1,Tây Ninh
9394,265,3953,107.985532,11.576096,4,0,1,Lâm Đồng
9395,265,3953,108.314916,11.766465,4,0,1,Lâm Đồng
9396,265,3954,107.918466,13.740598,1,80,1,Gia Lai
9397,265,3954,107.910588,13.744099,1,80,1,Gia Lai
9398,265,3955,108.776766,16.271021,4,0,1,Đà Nẵng
9399,265,3955,108.33796,16.47965,4,0,1,Đà Nẵng
9400,265,3956,107.391229,15.309123,1,80,1,Quảng Nam
9401,265,3956,107.418701,15.331698,1,80,1,Quảng Nam
9402,265,3957,106.791476,19.836241,4,0,1,Hòa Bình
9403,265,3957,106.913714,20.164618,4,0,1,Hòa Bình
9404,265,3957,105.100347,20.219936,4,0,1,Hòa Bình
9405,265,3957,106.979104,20.254937,4,0,1,Hòa Bình
9406,265,3957,106.655853,20.406302,4,0,1,Hòa Bình
9407,265,3958,105.490959,20.599414,1,60,1,Hưng Yên
9408,265,3958,105.974003,20.834533,1,60,1,Hưng Yên
9409,265,3958,105.148112,20.922137,1,60,1,Hưng Yên
9410,265,3959,106.329133,21.390269,4,0,1,Phú Thọ
9411,265,3959,105.007338,21.423174,4,0,1,Phú Thọ
9412,265,3959,105.037348,21.430131,4,0,1,Phú Thọ
9413,265,3960,104.028195,22.41299,4,0,1,Hà Giang
9414,265,3960,104.693154,22.414609,4,0,1,Hà Giang
9415,265,3961,104.974566,22.825013,4,0,1,Hà Giang
9416,265,3961,104.992555,23.056101,4,0,1,Hà Giang
9417,266,3962,106.098972,8.963839,1,60,1,Bạc Liêu
9418,266,3962,106.013577,8.987365,1,60,1,Bạc Liêu
9419,266,3963,106.667857,9.252473,4,0,1,Trà Vinh
9420,266,3963,106.685962,9.25984,4,0,1,Trà Vinh
9421,266,3964,106.916846,9.440719,4,0,1,Hậu Giang
9422,266,3964,105.440613,9.507177,4,0,1,Hậu Giang
9423,266,3965,105.234205,10.432893,4,0,1,Long An
9424,266,3965,106.591768,10.445462,4,0,1,Long An
9425,266,3966,105.652192,10.583275,4,0,1,An Giang
9426,266,3966,105.213916,10.591165,4,0,1,An Giang
9427,266,3967,105.717003,10.771421,11,0,1,TP. Hồ Chí Minh
9428,266,3967,106.937582,10.774474,11,0,1,TP. Hồ Chí Minh
9429,266,3967,106.9384,10.774564,11,0,1,TP. Hồ Chí Minh
9430,266,3968,105.701431,10.822515,4,0,1,Đồng Tháp
9431,266,3968,105.70281,10.822971,4,0,1,Đồng Tháp
9432,266,3969,105.702975,10.823016,1,80,1,Đồng Tháp
9433,266,3969,105.703022,10.823025,1,80,1,Đồng Tháp
9434,266,3970,106.739443,10.833773,2,0,1,Bình Thuận
9435,266,3970,107.895974,10.864726,2,0,1,Bình Thuận
9436,266,3971,105.836044,10.968781,4,0,1,An Giang
9437,266,3971,105.267741,11.080241,4,0,1,An Giang
9438,266,3972,105.834065,11.201087,1,80,1,Tây Ninh
9439,266,3972,105.355727,11.251677,1,80,1,Tây Ninh
9440,266,3973,109.253305,13.343356,1,60,1,Phú Yên
9441,266,3973,109.239353,13.387674,1,60,1,Phú Yên
9442,266,3974,107.654106,13.769164,1,50,1,Gia Lai
9443,266,3974,108.060136,13.972922,1,50,1,Gia Lai
9444,266,3974,108.598777,13.977519,1,50,1,Gia Lai
9445,266,3975,105.715252,15.519737,4,0,1,Hà Tĩnh
9446,266,3975,105.524353,17.471599,4,0,1,Hà Tĩnh
9447,266,3976,106.531997,18.704539,4,0,1,Nghệ An
9448,266,3976,106.53445,18.706272,4,0,1,Nghệ An
9449,266,3976,105.069543,20.086136,4,0,1,Nghệ An
9450,266,3976,105.079511,20.088891,4,0,1,Nghệ An
9451,266,3977,105.545899,20.922211,1,70,1,Hòa Bình
9452,266,3977,105.148951,20.922349,1,70,1,Hòa Bình
9453,266,3978,105.563879,20.923235,1,90,1,Hòa Bình
9454,266,3978,105.180893,20.930737,1,90,1,Hòa Bình
9455,266,3979,105.184595,20.931751,1,60,1,Hòa Bình
9456,266,3979,105.188841,20.932863,1,60,1,Hòa Bình
9457,266,3980,107.339246,21.056938,2,0,1,Phú Thọ
9458,266,3980,105.094882,21.055596,2,0,1,Phú Thọ
9459,266,3981,105.848348,21.090668,1,80,1,Bắc Giang
9460,266,3981,106.32484,21.195217,1,80,1,Bắc Giang
9461,266,3982,103.099004,21.254646,1,60,1,Hải Phòng
9462,266,3982,106.694778,21.300146,1,60,1,Hải Phòng
9463,266,3983,104.925113,21.727418,4,0,1,Tuyên Quang
9464,266,3983,105.472619,22.266826,4,0,1,Tuyên Quang
9465,267,3984,105.160091,10.394708,4,0,1,Vinh Long
9466,267,3984,105.93308,10.397305,4,0,1,Vinh Long
9467,267,3984,107.201362,10.414076,4,0,1,Vinh Long
9468,267,3985,105.680873,10.593129,1,60,1,Đồng Tháp
9469,267,3985,105.935205,10.595786,1,60,1,Đồng Tháp
9470,267,3986,107.178422,10.811467,4,0,1,Long An
9471,267,3986,106.344154,10.811801,4,0,1,Long An
9472,267,3987,107.578758,10.83009,4,0,1,Đồng Tháp
9473,267,3987,105.549845,10.852051,4,0,1,Đồng Tháp
9474,267,3988,105.519573,11.112207,1,50,1,Tây Ninh
9475,267,3988,105.524155,11.113197,1,50,1,Tây Ninh
9476,267,3988,105.529133,11.114345,1,50,1,Tây Ninh
9477,267,3989,105.410045,11.263488,1,60,1,Tây Ninh
9478,267,3989,105.382085,11.293483,1,60,1,Tây Ninh
9479,267,3990,108.780195,11.317883,4,0,1,An Giang
9480,267,3990,105.163818,11.411703,4,0,1,An Giang
9481,267,3991,105.202035,20.866858,4,0,1,Quảng Ninh
9482,267,3991,107.140759,20.962439,4,0,1,Quảng Ninh
9483,267,3991,107.089281,20.968764,4,0,1,Quảng Ninh
9484,267,3991,107.279265,21.004268,4,0,1,Quảng Ninh
9485,267,3992,107.459668,21.30582,4,0,1,Phú Thọ
9486,267,3992,105.129614,21.38586,4,0,1,Phú Thọ
9487,267,3993,106.756042,21.878885,1,80,1,Yên Bái
9488,267,3993,104.571207,22.090855,1,80,1,Yên Bái
9489,267,3993,104.472343,22.404816,1,80,1,Yên Bái
9490,268,3994,104.943738,8.918615,2,0,1,Cà Mau
9491,268,3994,104.945885,9.068467,2,0,1,Cà Mau
9492,268,3995,106.760713,10.009938,1,60,1,An Giang
9493,268,3995,105.174877,10.315376,1,60,1,An Giang
9494,268,3995,105.175296,10.315545,1,60,1,An Giang
9495,268,3995,105.824664,10.675358,1,60,1,An Giang
9496,268,3996,105.617436,10.533839,4,0,1,Bà Rịa - Vũng Tàu
9497,268,3996,107.75493,10.58426,4,0,1,Bà Rịa - Vũng Tàu
9498,268,3997,105.804343,10.943051,4,0,1,Đồng Tháp
9499,268,3997,105.660394,10.984198,4,0,1,Đồng Tháp
9500,268,3997,105.722945,11.041075,4,0,1,Đồng Tháp
9501,268,3998,105.456196,11.158615,1,60,1,Tây Ninh
9502,268,3998,105.503479,11.247752,1,60,1,Tây Ninh
9503,268,3999,107.78418,13.936411,1,80,1,Gia Lai
9504,268,3999,108.05549,14.067924,1,80,1,Gia Lai
9505,268,4000,106.569312,18.712338,4,0,1,Hà Tĩnh
9506,268,4000,106.70141,18.814892,4,0,1,Hà Tĩnh
9507,268,4001,106.647442,18.95203,2,0,1,Thanh Hóa
9508,268,4001,106.567014,19.523706,2,0,1,Thanh Hóa
9509,268,4002,105.341637,20.478365,1,50,1,Hà Nam
9510,268,4002,105.609915,20.640364,1,50,1,Hà Nam
9511,268,4003,105.487032,20.598448,2,0,1,Hải Phòng
9512,268,4003,106.998181,20.773038,2,0,1,Hải Phòng
9513,268,4004,105.955292,20.779237,1,60,1,Hải Dương
9514,268,4004,106.331654,20.783738,1,60,1,Hải Dương
9515,268,4005,106.597575,21.092951,1,50,1,Phú Thọ
9516,268,4005,105.280202,21.11586,1,50,1,Phú Thọ
9517,268,4006,106.82981,21.310586,1,60,1,Hải Phòng
9518,268,4006,106.845067,21.314124,1,60,1,Hải Phòng
9519,268,4007,103.937494,21.329965,2,0,1,Thái Nguyên
9520,268,4007,105.8567,21.344088,2,0,1,Thái Nguyên
9521,268,4008,105.070756,21.437387,2,0,1,Phú Thọ
9522,268,4008,105.075298,21.438631,2,0,1,Phú Thọ
9523,268,4008,105.084808,21.440301,2,0,1,Phú Thọ
9524,268,4009,108.067962,21.490424,2,0,1,Yên Bái
9525,268,4009,104.938023,21.726876,2,0,1,Yên Bái
9526,268,4010,103.756797,22.362924,4,0,1,Cao Bằng
9527,268,4010,106.367299,23.277015,4,0,1,Cao Bằng
9528,269,4011,104.727519,8.504892,1,50,1,Sóc Trăng
9529,269,4011,106.416407,9.049787,1,50,1,Sóc Trăng
9530,269,4011,106.605244,9.459541,1,50,1,Sóc Trăng
9531,269,4012,105.076915,10.324771,1,80,1,An Giang
9532,269,4012,105.023435,10.328323,1,80,1,An Giang
9533,269,4013,105.29411,10.375288,1,80,1,An Giang
9534,269,4013,105.141412,10.39296,1,80,1,An Giang
9535,269,4014,105.692903,10.58952,1,50,1,Bình Thuận
9536,269,4014,107.964977,10.720406,1,50,1,Bình Thuận
9537,269,4014,107.950506,10.721462,1,50,1,Bình Thuận
9538,269,4015,105.852797,11.627376,11,0,1,Tây Ninh
9539,269,4015,105.855792,11.628137,11,0,1,Tây Ninh
9540,269,4016,107.873729,11.632993,4,0,1,Khánh Hòa
9541,269,4016,108.289993,11.527532,4,0,1,Khánh Hòa
9542,269,4016,109.217781,12.141151,4,0,1,Khánh Hòa
9543,269,4016,108.08293,12.583947,4,0,1,Khánh Hòa
9544,269,4017,107.995558,13.981429,1,60,1,Bình Định
9545,269,4017,109.084165,14.1583,1,60,1,Bình Định
9546,269,4018,108.752997,16.367236,1,60,1,Đà Nẵng
9547,269,4018,108.75979,16.368632,1,60,1,Đà Nẵng
9548,269,4019,105.059628,20.088075,4,0,1,Hòa Bình
9549,269,4019,105.215879,20.200217,4,0,1,Hòa Bình
9550,269,4020,105.152391,20.506464,1,80,1,Hòa Bình
9551,269,4020,105.246828,20.508103,1,80,1,Hòa Bình
9552,269,4021,105.298261,20.723257,2,0,1,Hải Phòng
9553,269,4021,106.939599,20.749589,2,0,1,Hải Phòng
9554,269,4022,107.162385,20.963828,1,90,1,Hòa Bình
9555,269,4022,105.470949,20.971784,1,90,1,Hòa Bình
9556,269,4023,106.422422,21.106193,2,0,1,Quảng Ninh
9557,269,4023,105.040834,21.11828,2,0,1,Quảng Ninh
9558,269,4023,106.995047,21.132702,2,0,1,Quảng Ninh
9559,269,4023,107.31628,21.258667,2,0,1,Quảng Ninh
9560,269,4024,105.245367,21.288485,11,0,1,Hải Phòng
9561,269,4024,106.683504,21.307631,11,0,1,Hải Phòng
9562,269,4024,106.503904,21.323315,11,0,1,Hải Phòng
9563,269,4025,107.954923,21.610243,4,0,1,Quảng Ninh
9564,269,4025,107.879768,21.641853,4,0,1,Quảng Ninh
9565,269,4026,106.317621,21.839932,2,0,1,Yên Bái
9566,269,4026,104.71359,21.857828,2,0,1,Yên Bái
9567,269,4027,104.978146,22.827224,4,0,1,Cao Bằng
9568,269,4027,106.007094,22.838026,4,0,1,Cao Bằng
9569,270,4028,106.036189,8.775726,1,50,1,Bạc Liêu
9570,270,4028,106.159801,9.027759,1,50,1,Bạc Liêu
9571,270,4029,105.341323,9.923508,11,0,1,Đồng Tháp
9572,270,4029,105.678953,10.367389,11,0,1,Đồng Tháp
9573,270,4029,105.327188,10.368559,11,0,1,Đồng Tháp
9574,270,4030,107.047178,10.688561,1,60,1,Bà Rịa - Vũng Tàu
9575,270,4030,107.080632,10.505165,1,60,1,Bà Rịa - Vũng Tàu
9576,270,4031,106.518706,10.571319,1,50,1,Đồng Tháp
9577,270,4031,105.884188,10.575447,1,50,1,Đồng Tháp
9578,270,4032,105.703176,10.72885,1,50,1,Bà Rịa - Vũng Tàu
9579,270,4032,107.284557,10.751528,1,50,1,Bà Rịa - Vũng Tàu
9580,270,4032,107.355019,10.752587,1,50,1,Bà Rịa - Vũng Tàu
9581,270,4033,107.238553,10.924553,1,60,1,Đồng Tháp
9582,270,4033,105.721499,10.924734,1,60,1,Đồng Tháp
9583,270,4033,105.733816,10.92618,1,60,1,Đồng Tháp
9584,270,4033,105.736169,10.927807,1,60,1,Đồng Tháp
9585,270,4033,105.732542,10.929966,1,60,1,Đồng Tháp
9586,270,4033,105.732834,10.93263,1,60,1,Đồng Tháp
9587,270,4033,105.738543,10.936112,1,60,1,Đồng Tháp
9588,270,4033,105.723263,10.936168,1,60,1,Đồng Tháp
9589,270,4033,105.73296,10.937666,1,60,1,Đồng Tháp
9590,270,4033,105.741761,10.937961,1,60,1,Đồng Tháp
9591,270,4034,105.812967,10.965227,4,0,1,Tây Ninh
9592,270,4034,105.882191,10.972501,4,0,1,Tây Ninh
9593,270,4035,105.528332,11.08649,1,60,1,Tây Ninh
9594,270,4035,105.540961,11.086963,1,60,1,Tây Ninh
9595,270,4035,105.541225,11.097245,1,60,1,Tây Ninh
9596,270,4035,105.533285,11.097329,1,60,1,Tây Ninh
9597,270,4036,105.565455,11.114199,1,50,1,Tây Ninh
9598,270,4036,105.541395,11.114397,1,50,1,Tây Ninh
9599,270,4036,105.534645,11.114626,1,50,1,Tây Ninh
9600,270,4037,105.025043,11.45031,4,0,1,Tây Ninh
9601,270,4037,105.113785,11.663764,4,0,1,Tây Ninh
9602,270,4038,107.929959,12.5133,4,0,1,Đắk Lắk
9603,270,4038,108.044946,12.582628,4,0,1,Đắk Lắk
9604,270,4038,108.032656,12.582634,4,0,1,Đắk Lắk
9605,270,4039,107.885312,13.768275,1,60,1,Gia Lai
9606,270,4039,107.559133,13.794241,1,60,1,Gia Lai
9607,270,4040,108.304028,14.502667,1,50,1,Đà Nẵng
9608,270,4040,108.831698,16.071555,1,50,1,Đà Nẵng
9609,270,4041,108.515122,16.249998,4,0,1,Đà Nẵng
9610,270,4041,108.490822,16.256172,4,0,1,Đà Nẵng
9611,270,4042,107.55835,15.484625,4,0,1,Quảng Trị
9612,270,4042,107.368765,15.686489,4,0,1,Quảng Trị
9613,270,4042,105.585934,15.509638,4,0,1,Quảng Trị
9614,270,4042,105.716243,15.519588,4,0,1,Quảng Trị
9615,270,4042,105.08085,18.186794,4,0,1,Quảng Trị
9616,270,4043,106.537122,18.588655,1,50,1,Hà Tĩnh
9617,270,4043,106.528905,18.588509,1,50,1,Hà Tĩnh
9618,270,4044,106.413052,19.853179,1,60,1,Thái Bình
9619,270,4044,106.488715,19.873918,1,60,1,Thái Bình
9620,270,4045,105.024042,20.04011,4,0,1,Nghệ An
9621,270,4045,105.073624,20.088654,4,0,1,Nghệ An
9622,270,4045,106.647309,20.116359,4,0,1,Nghệ An
9623,270,4046,105.276198,20.436571,1,60,1,Hải Phòng
9624,270,4046,106.90937,20.498052,1,60,1,Hải Phòng
9625,270,4047,105.052073,20.653434,2,0,1,Hải Phòng
9626,270,4047,105.083609,20.657082,2,0,1,Hải Phòng
9627,270,4047,106.910665,20.67302,2,0,1,Hải Phòng
9628,270,4047,106.953503,20.682475,2,0,1,Hải Phòng
9629,270,4048,105.096458,20.691641,4,0,1,Hải Phòng
9630,270,4048,106.91796,20.542231,4,0,1,Hải Phòng
9631,270,4049,105.558406,20.756505,4,0,1,Hà Nam
9632,270,4049,105.512519,20.770772,4,0,1,Hà Nam
9633,270,4049,105.693404,20.770923,4,0,1,Hà Nam
9634,270,4049,105.154009,20.866607,4,0,1,Hà Nam
9635,270,4050,105.705423,20.904451,1,50,1,Hòa Bình
9636,270,4050,105.595753,20.904605,1,50,1,Hòa Bình
9637,270,4051,105.542909,20.922361,1,60,1,Hà Nội
9638,270,4051,105.743939,20.946506,1,60,1,Hà Nội
9639,270,4052,106.779151,21.03572,4,0,1,Quảng Ninh
9640,270,4052,107.295103,21.07631,4,0,1,Quảng Ninh
9641,270,4053,105.22475,21.266591,4,0,1,Phú Thọ
9642,270,4053,105.138952,21.273948,4,0,1,Phú Thọ
9643,270,4054,105.312539,21.361152,2,0,1,Phú Thọ
9644,270,4054,105.284607,21.361909,2,0,1,Phú Thọ
9645,270,4054,105.23053,21.355195,2,0,1,Phú Thọ
9646,271,4055,106.704096,9.99071,4,0,1,Kiên Giang
9647,271,4055,105.636101,10.233025,4,0,1,Kiên Giang
9648,271,4055,104.771166,10.283162,4,0,1,Kiên Giang
9649,271,4055,104.735964,10.284243,4,0,1,Kiên Giang
9650,271,4055,104.715748,10.284853,4,0,1,Kiên Giang
9651,271,4055,104.702685,10.286278,4,0,1,Kiên Giang
9652,271,4055,104.562239,10.285777,4,0,1,Kiên Giang
9653,271,4056,107.074468,10.563772,1,80,1,Bà Rịa - Vũng Tàu
9654,271,4056,107.074169,10.563775,1,80,1,Bà Rịa - Vũng Tàu
9655,271,4057,108.111194,10.932527,4,0,1,Đồng Nai
9656,271,4057,107.236322,10.941637,4,0,1,Đồng Nai
9657,271,4058,105.891491,10.944377,1,60,1,Đồng Nai
9658,271,4058,107.021378,10.944758,1,60,1,Đồng Nai
9659,271,4059,105.902003,10.957622,2,0,1,Đồng Tháp
9660,271,4059,105.595812,10.989478,2,0,1,Đồng Tháp
9661,271,4059,105.363384,11.032933,2,0,1,Đồng Tháp
9662,271,4060,108.443244,11.935515,4,0,1,Khánh Hòa
9663,271,4060,109.118556,12.495648,4,0,1,Khánh Hòa
9664,271,4060,109.190254,12.657318,4,0,1,Khánh Hòa
9665,271,4061,108.281818,12.929383,4,0,1,Phú Yên
9666,271,4061,109.198423,13.393653,4,0,1,Phú Yên
9667,271,4062,108.731142,16.358244,1,60,1,Đà Nẵng
9668,271,4062,108.448089,16.690893,1,60,1,Đà Nẵng
9669,271,4063,107.968579,15.272201,4,0,1,Quảng Nam
9670,271,4063,107.938497,15.272712,4,0,1,Quảng Nam
9671,271,4064,105.502818,17.455652,4,0,1,Hà Tĩnh
9672,271,4064,106.797782,18.468306,4,0,1,Hà Tĩnh
9673,271,4065,106.660173,19.00897,1,80,1,Thái Bình
9674,271,4065,106.701182,19.712512,1,80,1,Thái Bình
9675,271,4066,105.096219,20.277548,1,80,1,Hòa Bình
9676,271,4066,105.083666,20.277909,1,80,1,Hòa Bình
9677,271,4067,106.867017,20.346819,2,0,1,Ninh Bình
9678,271,4067,106.03756,20.376066,2,0,1,Ninh Bình
9679,271,4068,105.275766,20.436565,1,90,1,Hòa Bình
9680,271,4068,105.270844,20.436819,1,90,1,Hòa Bình
9681,271,4069,106.912566,20.672939,1,60,1,Hải Phòng
9682,271,4069,106.87999,20.677009,1,60,1,Hải Phòng
9683,271,4070,105.986282,20.76307,1,60,1,Hải Dương
9684,271,4070,106.332525,20.781331,1,60,1,Hải Dương
9685,271,4071,106.332577,20.781333,2,0,1,Hòa Bình
9686,271,4071,105.566051,20.791109,2,0,1,Hòa Bình
9687,271,4072,105.084014,20.847337,4,0,1,Hòa Bình
9688,271,4072,105.184836,20.864898,4,0,1,Hòa Bình
9689,271,4073,106.615989,20.990294,2,0,1,Hà Nội
9690,271,4073,105.873261,21.005948,2,0,1,Hà Nội
9691,271,4074,103.952528,21.251383,4,0,1,Bắc Giang
9692,271,4074,106.389499,21.308564,4,0,1,Bắc Giang
9693,271,4075,106.393736,21.357169,4,0,1,Bắc Giang
9694,271,4075,106.381523,21.357291,4,0,1,Bắc Giang
9695,271,4076,104.827044,22.394655,4,0,1,Hà Giang
9696,271,4076,105.265705,22.556741,4,0,1,Hà Giang
9697,272,4077,104.972463,8.767002,1,60,1,Sóc Trăng
9698,272,4077,106.426935,9.025469,1,60,1,Sóc Trăng
9699,272,4078,106.234703,9.152812,10,0,1,Sóc Trăng
9700,272,4078,106.591729,9.297249,10,0,1,Sóc Trăng
9701,272,4079,105.151145,10.403657,2,0,1,An Giang
9702,272,4079,105.130721,10.404752,2,0,1,An Giang
9703,272,4080,105.169446,10.422675,4,0,1,An Giang
9704,272,4080,105.146744,10.423135,4,0,1,An Giang
9705,272,4080,107.232115,10.692542,4,0,1,An Giang
9706,272,4081,106.673327,10.55987,1,50,1,TP. Hồ Chí Minh
9707,272,4081,106.6905,10.570713,1,50,1,TP. Hồ Chí Minh
9708,272,4082,107.44987,11.276103,4,0,1,Đồng Nai
9709,272,4082,107.459209,11.278,4,0,1,Đồng Nai
9710,272,4083,107.600589,11.358648,4,0,1,Đắk Nông
9711,272,4083,107.844048,11.629824,4,0,1,Đắk Nông
9712,272,4083,107.808221,11.643434,4,0,1,Đắk Nông
9713,272,4083,107.827249,11.64662,4,0,1,Đắk Nông
9714,272,4084,108.240505,12.715359,1,80,1,Đắk Lắk
9715,272,4084,108.442849,12.899331,1,80,1,Đắk Lắk
9716,272,4084,109.151449,13.008934,1,80,1,Đắk Lắk
9717,272,4085,109.094849,13.892537,4,0,1,Bình Định
9718,272,4085,109.096113,13.892587,4,0,1,Bình Định
9719,272,4086,108.048577,16.864644,1,80,1,Thừa Thiên Huế
9720,272,4086,108.244059,16.910491,1,80,1,Thừa Thiên Huế
9721,272,4087,108.193514,15.016201,4,0,1,Quảng Nam
9722,272,4087,108.159214,15.065304,4,0,1,Quảng Nam
9723,272,4088,106.488729,18.614448,4,0,1,Hà Tĩnh
9724,272,4088,106.591323,18.538989,4,0,1,Hà Tĩnh
9725,272,4089,106.362838,18.896356,1,80,1,Hà Tĩnh
9726,272,4089,106.640024,19.009388,1,80,1,Hà Tĩnh
9727,272,4090,105.094027,20.277593,1,50,1,Hòa Bình
9728,272,4090,105.052586,20.278961,1,50,1,Hòa Bình
9729,272,4091,105.628174,21.07383,2,0,1,Hải Phòng
9730,272,4091,106.859044,21.102831,2,0,1,Hải Phòng
9731,272,4091,105.154936,21.112806,2,0,1,Hải Phòng
9732,272,4092,106.205696,21.320793,1,50,1,Quảng Ninh
9733,272,4092,107.459704,21.341762,1,50,1,Quảng Ninh
9734,272,4093,106.473668,21.365809,4,0,1,Bắc Giang
9735,272,4093,106.471933,21.365865,4,0,1,Bắc Giang
9736,272,4093,106.455047,21.36711,4,0,1,Bắc Giang
9737,273,4094,104.555336,10.285372,4,0,1,Đồng Tháp
9738,273,4094,105.400014,10.360992,4,0,1,Đồng Tháp
9739,273,4095,106.807537,10.622675,4,0,1,An Giang
9740,273,4095,104.553012,10.627636,4,0,1,An Giang
9741,273,4096,107.195945,10.693627,1,50,1,Bà Rịa - Vũng Tàu
9742,273,4096,107.069123,10.5066,1,50,1,Bà Rịa - Vũng Tàu
9743,273,4097,106.688295,10.570798,1,80,1,TP. Hồ Chí Minh
9744,273,4097,106.681117,10.571104,1,80,1,TP. Hồ Chí Minh
9745,273,4098,107.139014,10.726107,1,60,1,Đồng Tháp
9746,273,4098,105.951413,10.810908,1,60,1,Đồng Tháp
9747,273,4099,105.592307,10.850739,11,0,1,Đồng Tháp
9748,273,4099,105.591579,10.850792,11,0,1,Đồng Tháp
9749,273,4100,107.744282,10.8508,4,0,1,Đồng Tháp
9750,273,4100,105.586657,10.851171,4,0,1,Đồng Tháp
9751,273,4100,105.582526,10.851382,4,0,1,Đồng Tháp
9752,273,4101,105.694977,10.982651,4,0,1,Tây Ninh
9753,273,4101,105.694618,10.982681,4,0,1,Tây Ninh
9754,273,4101,105.686301,10.983208,4,0,1,Tây Ninh
9755,273,4101,105.684904,10.983232,4,0,1,Tây Ninh
9756,273,4102,107.942684,11.639219,4,0,1,Lâm Đồng
9757,273,4102,108.39718,11.774363,4,0,1,Lâm Đồng
9758,273,4103,109.261114,12.995572,2,0,1,Phú Yên
9759,273,4103,109.27187,13.082185,2,0,1,Phú Yên
9760,273,4104,108.171641,13.23995,4,0,1,Bình Định
9761,273,4104,109.094818,13.862428,4,0,1,Bình Định
9762,273,4104,109.084908,13.863058,4,0,1,Bình Định
9763,273,4105,109.178781,14.121488,1,80,1,Bình Định
9764,273,4105,109.082701,14.158238,1,80,1,Bình Định
9765,273,4106,105.094178,18.273735,4,0,1,Hà Tĩnh
9766,273,4106,106.636443,18.499178,4,0,1,Hà Tĩnh
9767,273,4107,106.664973,19.008832,1,50,1,Thanh Hóa
9768,273,4107,106.710618,19.258712,1,50,1,Thanh Hóa
9769,273,4108,106.826784,19.818101,2,0,1,Thái Bình
9770,273,4108,106.586235,20.137827,2,0,1,Thái Bình
9771,273,4109,105.290587,20.508427,1,50,1,Hải Phòng
9772,273,4109,106.88474,20.538792,1,50,1,Hải Phòng
9773,273,4110,105.084253,20.57372,1,50,1,Hòa Bình
9774,273,4110,105.078243,20.574135,1,50,1,Hòa Bình
9775,273,4111,107.120986,20.941475,1,50,1,Quảng Ninh
9776,273,4111,107.178273,20.960467,1,50,1,Quảng Ninh
9777,273,4112,105.863534,21.004013,4,0,1,Hải Phòng
9778,273,4112,106.72981,21.010561,4,0,1,Hải Phòng
9779,273,4113,106.669489,21.299304,4,0,1,Bắc Giang
9780,273,4113,106.391917,21.309153,4,0,1,Bắc Giang
9781,273,4114,105.231938,21.432743,1,60,1,Lạng Sơn
9782,273,4114,106.65356,21.447437,1,60,1,Lạng Sơn
9783,273,4115,103.235785,21.626122,2,0,1,Yên Bái
9784,273,4115,104.821729,21.633716,2,0,1,Yên Bái
9785,273,4116,106.357413,21.59835,1,80,1,Yên Bái
9786,273,4116,104.958972,21.704876,1,80,1,Yên Bái
9787,273,4117,104.216041,21.747479,1,80,1,Tuyên Quang
9788,273,4117,104.969191,22.178639,1,80,1,Tuyên Quang
9789,273,4118,103.535183,22.319935,2,0,1,Lao Cai
9790,273,4118,103.994896,22.482596,2,0,1,Lao Cai
9791,274,4119,105.351332,10.364477,11,0,1,Đồng Tháp
9792,274,4119,105.682405,10.367177,11,0,1,Đồng Tháp
9793,274,4120,107.243236,10.485563,4,0,1,Bà Rịa - Vũng Tàu
9794,274,4120,107.136073,10.600179,4,0,1,Bà Rịa - Vũng Tàu
9795,274,4121,107.277242,10.645372,2,0,1,Long An
9796,274,4121,106.415662,10.648988,2,0,1,Long An
9797,274,4122,107.382531,10.54059,2,0,1,Bà Rịa - Vũng Tàu
9798,274,4122,106.964014,10.563731,2,0,1,Bà Rịa - Vũng Tàu
9799,274,4123,105.612723,10.875292,1,50,1,Đồng Tháp
9800,274,4123,105.605371,10.875879,1,50,1,Đồng Tháp
9801,274,4124,105.74605,10.977892,4,0,1,An Giang
9802,274,4124,105.74605,10.977896,4,0,1,An Giang
9803,274,4124,105.406569,10.991204,4,0,1,An Giang
9804,274,4124,105.406896,10.991247,4,0,1,An Giang
9805,274,4125,105.165567,11.112166,2,0,1,Bình Thuận
9806,274,4125,108.43874,11.215529,2,0,1,Bình Thuận
9807,274,4126,108.230173,11.520959,1,50,1,Bình Phước
9808,274,4126,107.062123,11.547969,1,50,1,Bình Phước
9809,274,4127,107.927908,11.874175,1,50,1,Đắk Nông
9810,274,4127,107.385298,11.912378,1,50,1,Đắk Nông
9811,274,4128,107.095345,15.924862,2,0,1,Hà Tĩnh
9812,274,4128,105.441528,17.761773,2,0,1,Hà Tĩnh
9813,274,4129,106.561055,19.524019,4,0,1,Thái Bình
9814,274,4129,106.882359,20.288714,4,0,1,Thái Bình
9815,274,4130,105.306469,20.473208,4,0,1,Thái Bình
9816,274,4130,106.263946,20.517062,4,0,1,Thái Bình
9817,274,4131,106.57156,20.586248,2,0,1,Hòa Bình
9818,274,4131,105.237977,20.773662,2,0,1,Hòa Bình
9819,274,4132,106.83278,20.85962,2,0,1,Hải Dương
9820,274,4132,106.366337,20.885702,2,0,1,Hải Dương
9821,274,4133,106.995309,20.975539,4,0,1,Quảng Ninh
9822,274,4133,106.994299,20.975843,4,0,1,Quảng Ninh
9823,274,4133,106.989671,20.977195,4,0,1,Quảng Ninh
9824,274,4134,105.78878,21.86659,4,0,1,Lạng Sơn
9825,274,4134,106.801092,21.931009,4,0,1,Lạng Sơn
9826,274,4135,104.656419,21.970142,1,80,1,Lao Cai
9827,274,4135,103.965786,22.044714,1,80,1,Lao Cai
9828,274,4136,105.268635,22.55658,4,0,1,Hà Giang
9829,274,4136,105.23743,22.557765,4,0,1,Hà Giang
9830,274,4136,105.557129,22.587235,4,0,1,Hà Giang
9831,275,4137,105.194425,10.097684,2,0,1,Cần Thơ
9832,275,4137,105.68242,10.115628,2,0,1,Cần Thơ
9833,275,4138,106.337826,10.449329,11,0,1,Bà Rịa - Vũng Tàu
9834,275,4138,107.219158,10.475773,11,0,1,Bà Rịa - Vũng Tàu
9835,275,4139,105.923992,10.553868,1,50,1,Long An
9836,275,4139,106.572499,10.555361,1,50,1,Long An
9837,275,4140,106.570529,10.555629,1,80,1,Long An
9838,275,4140,106.550413,10.557887,1,80,1,Long An
9839,275,4140,106.563715,10.558536,1,80,1,Long An
9840,275,4141,105.127165,10.593874,4,0,1,Đồng Tháp
9841,275,4141,105.573842,10.749212,4,0,1,Đồng Tháp
9842,275,4142,105.558865,10.76041,4,0,1,Đồng Tháp
9843,275,4142,105.965176,10.756544,4,0,1,Đồng Tháp
9844,275,4143,108.499847,11.252784,4,0,1,Bình Thuận
9845,275,4143,108.482776,11.25474,4,0,1,Bình Thuận
9846,275,4143,108.821272,11.322549,4,0,1,Bình Thuận
9847,275,4144,106.390871,19.317006,4,0,1,Thái Bình
9848,275,4144,106.784423,19.805917,4,0,1,Thái Bình
9849,275,4144,106.780346,19.807345,4,0,1,Thái Bình
9850,275,4145,106.77961,19.80744,11,0,1,Thái Bình
9851,275,4145,106.779269,19.807472,11,0,1,Thái Bình
9852,275,4146,106.77315,19.808175,4,0,1,Thái Bình
9853,275,4146,106.770319,19.808483,4,0,1,Thái Bình
9854,275,4147,104.834812,20.274683,4,0,1,Hòa Bình
9855,275,4147,104.771604,20.277737,4,0,1,Hòa Bình
9856,275,4148,104.819162,20.431208,2,0,1,Hòa Bình
9857,275,4148,105.238325,20.437887,2,0,1,Hòa Bình
9858,275,4148,106.943556,20.639661,2,0,1,Hòa Bình
9859,275,4149,105.749184,20.842751,2,0,1,Hải Phòng
9860,275,4149,106.875851,20.870792,2,0,1,Hải Phòng
9861,275,4150,105.052455,21.03632,2,0,1,Phú Thọ
9862,275,4150,105.066971,21.036954,2,0,1,Phú Thọ
9863,275,4151,107.147048,21.045085,4,0,1,Quảng Ninh
9864,275,4151,107.060006,21.062905,4,0,1,Quảng Ninh
9865,275,4152,107.323438,21.091282,1,80,1,Phú Thọ
9866,275,4152,105.274356,21.115809,1,80,1,Phú Thọ
9867,275,4152,105.269632,21.118681,1,80,1,Phú Thọ
9868,275,4153,106.832413,21.124573,1,50,1,Hải Phòng
9869,275,4153,106.683226,21.161482,1,50,1,Hải Phòng
9870,275,4154,106.976395,21.221908,2,0,1,Quảng Ninh
9871,275,4154,106.952588,21.267632,2,0,1,Quảng Ninh
9872,275,4155,106.37298,21.314619,4,0,1,Bắc Giang
9873,275,4155,106.376434,21.314537,4,0,1,Bắc Giang
9874,275,4155,105.277912,21.362086,4,0,1,Bắc Giang
9875,275,4156,106.050741,21.577069,1,80,1,Yên Bái
9876,275,4156,104.88949,21.599052,1,80,1,Yên Bái
9877,276,4157,105.5109,10.365222,11,0,1,Bà Rịa - Vũng Tàu
9878,276,4157,107.075839,10.370254,11,0,1,Bà Rịa - Vũng Tàu
9879,276,4158,106.95069,10.611615,1,80,1,Đồng Tháp
9880,276,4158,105.720243,10.632342,1,80,1,Đồng Tháp
9881,276,4159,105.593069,10.636194,4,0,1,Đồng Tháp
9882,276,4159,105.420469,10.500662,4,0,1,Đồng Tháp
9883,276,4159,105.34514,10.517436,4,0,1,Đồng Tháp
9884,276,4160,107.658079,11.255358,2,0,1,Bình Phước
9885,276,4160,106.94564,11.396251,2,0,1,Bình Phước
9886,276,4161,108.731145,13.977078,1,80,1,Bình Định
9887,276,4161,109.040093,14.428382,1,80,1,Bình Định
9888,276,4162,108.846695,14.99269,4,0,1,Đà Nẵng
9889,276,4162,108.773973,16.045357,4,0,1,Đà Nẵng
9890,276,4163,108.49723,16.696912,1,50,1,Đà Nẵng
9891,276,4163,108.494135,16.695197,1,50,1,Đà Nẵng
9892,276,4164,108.488136,16.695769,1,50,1,Đà Nẵng
9893,276,4164,108.486295,16.697013,1,50,1,Đà Nẵng
9894,276,4164,108.481663,16.697364,1,50,1,Đà Nẵng
9895,276,4165,108.306609,16.841925,1,80,1,Thừa Thiên Huế
9896,276,4165,108.104874,16.845633,1,80,1,Thừa Thiên Huế
9897,276,4166,108.284365,16.889334,4,0,1,Thừa Thiên Huế
9898,276,4166,108.158914,16.889379,4,0,1,Thừa Thiên Huế
9899,276,4167,107.014757,15.804177,1,80,1,Hà Tĩnh
9900,276,4167,105.376722,18.046024,1,80,1,Hà Tĩnh
9901,276,4168,106.667226,18.586575,1,60,1,Hà Tĩnh
9902,276,4168,106.596035,18.815185,1,60,1,Hà Tĩnh
9903,276,4169,106.558047,18.86592,2,0,1,Hà Tĩnh
9904,276,4169,106.344541,18.896939,2,0,1,Hà Tĩnh
9905,276,4170,106.964636,20.638601,1,60,1,Hòa Bình
9906,276,4170,106.815377,20.501047,1,60,1,Hòa Bình
9907,276,4170,104.774383,20.775434,1,60,1,Hòa Bình
9908,276,4170,106.56044,20.809469,1,60,1,Hòa Bình
9909,276,4170,106.84991,20.857931,1,60,1,Hòa Bình
9910,276,4171,107.121888,20.937359,1,50,1,Hòa Bình
9911,276,4171,105.486179,20.97342,1,50,1,Hòa Bình
9912,276,4172,105.744591,21.036345,4,0,1,Vĩnh Phúc
9913,276,4172,105.497473,21.065765,4,0,1,Vĩnh Phúc
9914,276,4173,106.502059,21.087283,1,50,1,Hải Dương
9915,276,4173,106.501983,21.087293,1,50,1,Hải Dương
9916,276,4174,105.264734,21.18572,1,60,1,Phú Thọ
9917,276,4174,105.24583,21.187615,1,60,1,Phú Thọ
9918,276,4174,105.246785,21.187501,1,60,1,Phú Thọ
9919,276,4175,105.217249,21.190583,1,60,1,Phú Thọ
9920,276,4175,105.166037,21.234556,1,60,1,Phú Thọ
9921,276,4175,106.956408,21.267251,1,60,1,Phú Thọ
9922,276,4176,106.378804,21.357448,4,0,1,Bắc Giang
9923,276,4176,106.377495,21.357802,4,0,1,Bắc Giang
9924,277,4177,105.341936,9.937239,4,0,1,Hậu Giang
9925,277,4177,105.341499,9.937293,4,0,1,Hậu Giang
9926,277,4178,106.987063,10.231779,4,0,1,Bến Tre
9927,277,4178,106.957936,10.234407,4,0,1,Bến Tre
9928,277,4178,106.652179,10.286382,4,0,1,Bến Tre
9929,277,4178,107.24103,10.382629,4,0,1,Bến Tre
9930,277,4179,106.707648,10.554098,2,0,1,Bà Rịa - Vũng Tàu
9931,277,4179,107.149604,10.556281,2,0,1,Bà Rịa - Vũng Tàu
9932,277,4180,106.553241,10.557656,1,50,1,Bình Thuận
9933,277,4180,107.838857,10.708466,1,50,1,Bình Thuận
9934,277,4181,107.023023,10.791396,4,0,1,Đồng Tháp
9935,277,4181,107.023238,10.791424,4,0,1,Đồng Tháp
9936,277,4181,105.792497,10.795197,4,0,1,Đồng Tháp
9937,277,4181,105.709248,10.868831,4,0,1,Đồng Tháp
9938,277,4181,105.701087,10.869907,4,0,1,Đồng Tháp
9939,277,4181,105.599822,10.850015,4,0,1,Đồng Tháp
9940,277,4181,105.599079,10.850118,4,0,1,Đồng Tháp
9941,277,4181,107.485228,10.883669,4,0,1,Đồng Tháp
9942,277,4181,107.437185,10.899915,4,0,1,Đồng Tháp
9943,277,4181,105.771672,10.973952,4,0,1,Đồng Tháp
9944,277,4182,105.700858,11.008505,2,0,1,Đồng Nai
9945,277,4182,107.544515,11.142695,2,0,1,Đồng Nai
9946,277,4183,108.189588,11.528444,4,0,1,Tây Ninh
9947,277,4183,105.954024,11.803827,4,0,1,Tây Ninh
9948,277,4183,109.267191,12.600709,4,0,1,Tây Ninh
9949,277,4184,106.502217,20.401296,4,0,1,Hòa Bình
9950,277,4184,105.316102,20.472137,4,0,1,Hòa Bình
9951,277,4185,105.263873,20.783618,4,0,1,Hòa Bình
9952,277,4185,105.501271,20.815637,4,0,1,Hòa Bình
9953,277,4186,105.486985,21.094863,1,50,1,Vĩnh Phúc
9954,277,4186,105.486902,21.094871,1,50,1,Vĩnh Phúc
9955,277,4186,105.26887,21.118553,1,50,1,Vĩnh Phúc
9956,277,4187,105.24335,21.120661,1,50,1,Phú Thọ
9957,277,4187,105.239344,21.121043,1,50,1,Phú Thọ
9958,277,4187,105.237385,21.121296,1,50,1,Phú Thọ
9959,277,4187,105.225768,21.12257,1,50,1,Phú Thọ
9960,277,4187,105.221892,21.123339,1,50,1,Phú Thọ
9961,277,4187,105.216275,21.124169,1,50,1,Phú Thọ
9962,277,4188,105.209161,21.176884,2,0,1,Phú Thọ
9963,277,4188,105.015747,21.18897,2,0,1,Phú Thọ
9964,277,4189,105.187072,21.293715,4,0,1,Bắc Giang
9965,277,4189,106.324107,21.3676,4,0,1,Bắc Giang
9966,277,4189,106.489237,21.402673,4,0,1,Bắc Giang
9967,277,4189,107.845406,21.619081,4,0,1,Bắc Giang
9968,277,4190,104.793689,21.619354,1,80,1,Sơn La
9969,277,4190,103.526087,21.639181,1,80,1,Sơn La
9970,277,4191,106.062501,21.745096,1,60,1,Lao Cai
9971,277,4191,104.075886,22.377198,1,60,1,Lao Cai
9972,278,4192,106.643496,9.747741,2,0,1,Trà Vinh
9973,278,4192,106.99899,9.755961,2,0,1,Trà Vinh
9974,278,4193,106.911322,10.617056,2,0,1,Long An
9975,278,4193,106.513925,10.62956,2,0,1,Long An
9976,278,4194,106.415294,10.649028,4,0,1,Đồng Tháp
9977,278,4194,106.285312,10.668662,4,0,1,Đồng Tháp
9978,278,4194,106.284003,10.668921,4,0,1,Đồng Tháp
9979,278,4194,105.499702,10.53352,4,0,1,Đồng Tháp
9980,278,4194,106.468794,10.58733,4,0,1,Đồng Tháp
9981,278,4194,105.722599,10.733957,4,0,1,Đồng Tháp
9982,278,4195,105.854838,10.894607,4,0,1,Tây Ninh
9983,278,4195,105.807317,10.962846,4,0,1,Tây Ninh
9984,278,4196,108.152231,11.028936,2,0,1,Tây Ninh
9985,278,4196,105.559714,11.146605,2,0,1,Tây Ninh
9986,278,4197,108.613539,11.251092,4,0,1,Ninh Thuận
9987,278,4197,108.857999,11.333784,4,0,1,Ninh Thuận
9988,278,4198,107.510659,12.447273,4,0,1,Đắk Nông
9989,278,4198,107.520355,12.448961,4,0,1,Đắk Nông
9990,278,4199,107.844363,13.951947,11,0,1,Gia Lai
9991,278,4199,108.005355,13.975311,11,0,1,Gia Lai
9992,278,4200,108.001794,13.975968,4,0,1,Bình Định
9993,278,4200,109.056275,13.991645,4,0,1,Bình Định
9994,278,4201,109.076926,14.158873,1,60,1,Thừa Thiên Huế
9995,278,4201,107.998492,16.86418,1,60,1,Thừa Thiên Huế
9996,278,4202,105.63294,17.687742,4,0,1,Hà Tĩnh
9997,278,4202,105.603313,17.500806,4,0,1,Hà Tĩnh
9998,278,4202,105.052605,18.187882,4,0,1,Hà Tĩnh
9999,278,4202,106.570382,18.635423,4,0,1,Hà Tĩnh
10000,278,4203,106.529934,18.783657,2,0,1,Hà Tĩnh
10001,278,4203,106.103216,18.929479,2,0,1,Hà Tĩnh
10002,278,4204,106.753753,19.769812,4,0,1,Ninh Bình
10003,278,4204,106.245694,20.151308,4,0,1,Ninh Bình
10004,278,4205,105.596267,20.766006,2,0,1,Hà Nam
10005,278,4205,105.689291,20.758893,2,0,1,Hà Nam
10006,278,4206,105.162079,21.16329,11,0,1,Phú Thọ
10007,278,4206,105.161649,21.163329,11,0,1,Phú Thọ
10008,278,4207,105.146266,21.164332,2,0,1,Quảng Ninh
10009,278,4207,105.029882,21.187271,2,0,1,Quảng Ninh
10010,278,4207,106.930035,21.198339,2,0,1,Quảng Ninh
10011,278,4207,105.217246,21.334085,2,0,1,Quảng Ninh
10012,278,4207,106.587406,21.33611,2,0,1,Quảng Ninh
10013,278,4208,105.205447,21.442197,1,60,1,Quảng Ninh
10014,278,4208,107.593546,21.451373,1,60,1,Quảng Ninh
10015,279,4209,106.808996,9.562744,1,80,1,Trà Vinh
10016,279,4209,106.451589,9.557782,1,80,1,Trà Vinh
10017,279,4210,105.21342,9.927769,4,0,1,Hậu Giang
10018,279,4210,105.346394,9.935593,4,0,1,Hậu Giang
10019,279,4210,105.344912,9.935777,4,0,1,Hậu Giang
10020,279,4210,105.344084,9.935938,4,0,1,Hậu Giang
10021,279,4211,106.731388,9.996109,2,0,1,Vinh Long
10022,279,4211,106.073869,10.045896,2,0,1,Vinh Long
10023,279,4212,105.572352,10.369796,4,0,1,An Giang
10024,279,4212,105.916392,10.396353,4,0,1,An Giang
10025,279,4212,105.098923,10.412139,4,0,1,An Giang
10026,279,4212,105.647781,10.449836,4,0,1,An Giang
10027,279,4213,105.398873,10.64319,4,0,1,An Giang
10028,279,4213,105.396008,10.643861,4,0,1,An Giang
10029,279,4214,105.816664,10.792306,4,0,1,Đồng Tháp
10030,279,4214,105.81016,10.793227,4,0,1,Đồng Tháp
10031,279,4214,105.804996,10.79409,4,0,1,Đồng Tháp
10032,279,4214,105.802968,10.794439,4,0,1,Đồng Tháp
10033,279,4214,105.800547,10.794837,4,0,1,Đồng Tháp
10034,279,4215,107.110483,10.935568,4,0,1,Tây Ninh
10035,279,4215,105.912378,10.957204,4,0,1,Tây Ninh
10036,279,4215,105.390185,10.991598,4,0,1,Tây Ninh
10037,279,4216,107.939321,11.639685,4,0,1,Ninh Thuận
10038,279,4216,108.963259,11.692918,4,0,1,Ninh Thuận
10039,279,4217,107.563244,12.465171,1,80,1,Khánh Hòa
10040,279,4217,109.0779,12.603123,1,80,1,Khánh Hòa
10041,279,4218,107.540166,14.587336,1,80,1,Kon Tum
10042,279,4218,107.934528,14.796969,1,80,1,Kon Tum
10043,279,4219,107.501552,15.495958,1,80,1,Hà Tĩnh
10044,279,4219,105.211343,18.231981,1,80,1,Hà Tĩnh
10045,279,4220,106.262543,18.913166,1,80,1,Hà Tĩnh
10046,279,4220,106.488569,18.931265,1,80,1,Hà Tĩnh
10047,279,4220,106.159213,18.932948,1,80,1,Hà Tĩnh
10048,279,4221,106.597948,19.355637,1,60,1,Thanh Hóa
10049,279,4221,106.584182,19.536994,1,60,1,Thanh Hóa
10050,279,4222,106.890617,20.342248,4,0,1,Hòa Bình
10051,279,4222,105.322506,20.438697,4,0,1,Hòa Bình
10052,279,4223,106.897193,20.498376,1,60,1,Hải Phòng
10053,279,4223,106.881456,20.675867,1,60,1,Hải Phòng
10054,279,4224,105.141458,20.690874,1,50,1,Hòa Bình
10055,279,4224,105.100856,20.691675,1,50,1,Hòa Bình
10056,279,4224,105.283533,20.50934,1,50,1,Hòa Bình
10057,279,4225,106.850646,20.954188,4,0,1,Hải Phòng
10058,279,4225,106.864416,20.95621,4,0,1,Hải Phòng
10059,279,4226,107.115741,21.060136,4,0,1,Hòa Bình
10060,279,4226,105.351925,21.063159,4,0,1,Hòa Bình
10061,279,4227,103.872898,21.05101,2,0,1,Phú Thọ
10062,279,4227,105.172089,21.073907,2,0,1,Phú Thọ
10063,279,4228,106.503876,21.279889,1,60,1,Vĩnh Phúc
10064,279,4228,105.662393,21.283485,1,60,1,Vĩnh Phúc
10065,279,4229,105.26341,22.555146,10,0,1,Cao Bằng
10066,279,4229,105.438143,22.587284,10,0,1,Cao Bằng
10067,280,4230,105.324759,10.259941,4,0,1,Kiên Giang
10068,280,4230,104.779116,10.282592,4,0,1,Kiên Giang
10069,280,4231,105.423954,10.631864,4,0,1,An Giang
10070,280,4231,105.395085,10.643712,4,0,1,An Giang
10071,280,4232,105.636931,10.871763,4,0,1,Đồng Tháp
10072,280,4232,105.634647,10.87201,4,0,1,Đồng Tháp
10073,280,4232,105.624795,10.873918,4,0,1,Đồng Tháp
10074,280,4233,105.530137,10.973569,4,0,1,Đồng Tháp
10075,280,4233,105.504835,10.981469,4,0,1,Đồng Tháp
10076,280,4233,105.504344,10.981641,4,0,1,Đồng Tháp
10077,280,4234,108.65776,11.261543,4,0,1,An Giang
10078,280,4234,108.649793,11.266015,4,0,1,An Giang
10079,280,4234,105.122151,11.307173,4,0,1,An Giang
10080,280,4234,105.115768,11.308321,4,0,1,An Giang
10081,280,4235,107.612591,11.370434,4,0,1,Đắk Nông
10082,280,4235,107.681182,11.419004,4,0,1,Đắk Nông
10083,280,4235,107.853061,11.631428,4,0,1,Đắk Nông
10084,280,4235,107.915574,11.645094,4,0,1,Đắk Nông
10085,280,4236,108.51476,11.842582,2,0,1,Khánh Hòa
10086,280,4236,108.822008,12.258838,2,0,1,Khánh Hòa
10087,280,4237,109.230911,13.571569,1,50,1,Bình Định
10088,280,4237,108.91414,13.890744,1,50,1,Bình Định
10089,280,4238,107.791948,14.566313,1,60,1,Đà Nẵng
10090,280,4238,108.780066,16.113369,1,60,1,Đà Nẵng
10091,280,4239,106.590111,18.542751,4,0,1,Hà Tĩnh
10092,280,4239,106.58456,18.543762,4,0,1,Hà Tĩnh
10093,280,4240,106.478281,19.32982,2,0,1,Thái Bình
10094,280,4240,106.564054,19.833951,2,0,1,Thái Bình
10095,280,4241,105.299743,20.869034,4,0,1,Hòa Bình
10096,280,4241,105.291298,20.850535,4,0,1,Hòa Bình
10097,280,4242,106.955349,21.192275,2,0,1,Hải Dương
10098,280,4242,106.560273,21.192616,2,0,1,Hải Dương
10099,280,4242,105.936485,21.243242,2,0,1,Hải Dương
10100,280,4243,107.982229,21.618881,4,0,1,Quảng Ninh
10101,280,4243,107.928728,21.620108,4,0,1,Quảng Ninh
10102,280,4244,103.018231,21.79631,1,80,1,Lao Cai
10103,280,4244,104.475179,22.28126,1,80,1,Lao Cai
10104,280,4244,104.041482,22.613618,1,80,1,Lao Cai
10105,280,4245,104.452342,22.59294,2,0,1,Hà Giang
10106,280,4245,105.35279,22.826345,2,0,1,Hà Giang
10107,281,4246,106.463134,9.557053,1,50,1,Trà Vinh
10108,281,4246,106.618653,10.011521,1,50,1,Trà Vinh
10109,281,4247,105.828358,10.789946,4,0,1,Long An
10110,281,4247,105.990583,10.796979,4,0,1,Long An
10111,281,4248,107.534973,10.855121,4,0,1,Bà Rịa - Vũng Tàu
10112,281,4248,107.638591,10.85796,4,0,1,Bà Rịa - Vũng Tàu
10113,281,4248,105.628554,10.873153,4,0,1,Bà Rịa - Vũng Tàu
10114,281,4249,107.024281,10.964251,4,0,1,Tây Ninh
10115,281,4249,105.842951,10.967377,4,0,1,Tây Ninh
10116,281,4249,105.835274,10.968701,4,0,1,Tây Ninh
10117,281,4249,105.511635,10.980257,4,0,1,Tây Ninh
10118,281,4250,108.501321,11.244878,4,0,1,Ninh Thuận
10119,281,4250,108.686683,11.248188,4,0,1,Ninh Thuận
10120,281,4250,105.119298,11.307781,4,0,1,Ninh Thuận
10121,281,4251,107.632805,11.385458,4,0,1,Bình Thuận
10122,281,4251,108.164422,11.525342,4,0,1,Bình Thuận
10123,281,4251,107.205918,11.798971,4,0,1,Bình Thuận
10124,281,4252,109.136936,13.851213,1,80,1,Bình Định
10125,281,4252,108.904775,13.929328,1,80,1,Bình Định
10126,281,4253,105.798433,15.566773,1,60,1,Quảng Trị
10127,281,4253,105.797846,15.566891,1,60,1,Quảng Trị
10128,281,4254,106.734871,19.736516,4,0,1,Thái Bình
10129,281,4254,106.67285,19.886782,4,0,1,Thái Bình
10130,281,4255,106.962038,20.421406,4,0,1,Hải Phòng
10131,281,4255,106.961573,20.42148,4,0,1,Hải Phòng
10132,281,4255,105.149776,20.433625,4,0,1,Hải Phòng
10133,281,4256,106.838063,20.672815,1,80,1,Hòa Bình
10134,281,4256,105.146747,20.690116,1,80,1,Hòa Bình
10135,281,4257,105.086442,20.9269,4,0,1,Hà Nội
10136,281,4257,105.907346,20.983947,4,0,1,Hà Nội
10137,281,4258,106.778806,21.003194,1,100,1,Hải Phòng
10138,281,4258,106.774983,21.004015,1,100,1,Hải Phòng
10139,281,4258,106.765437,21.007857,1,100,1,Hải Phòng
10140,281,4259,106.668717,21.025265,1,60,1,Vĩnh Phúc
10141,281,4259,105.50035,21.048877,1,60,1,Vĩnh Phúc
10142,281,4260,105.546307,21.06357,2,0,1,Phú Thọ
10143,281,4260,105.282677,21.085859,2,0,1,Phú Thọ
10144,281,4260,105.3288,21.110528,2,0,1,Phú Thọ
10145,281,4261,105.392398,21.112958,4,0,1,Hải Dương
10146,281,4261,106.328665,21.113653,4,0,1,Hải Dương
10147,281,4262,105.195191,21.29216,4,0,1,Phú Thọ
10148,281,4262,105.192599,21.292811,4,0,1,Phú Thọ
10149,281,4262,106.412862,21.300863,4,0,1,Phú Thọ
10150,281,4263,104.950882,21.725653,2,0,1,Thái Nguyên
10151,281,4263,106.046754,21.752683,2,0,1,Thái Nguyên
10152,282,4264,106.816634,9.808857,1,60,1,Trà Vinh
10153,282,4264,106.551588,9.89674,1,60,1,Trà Vinh
10154,282,4264,106.015995,10.122247,1,60,1,Trà Vinh
10155,282,4265,105.284968,10.395554,4,0,1,An Giang
10156,282,4265,105.259478,10.436793,4,0,1,An Giang
10157,282,4266,106.631058,10.644932,4,0,1,Long An
10158,282,4266,106.404127,10.660776,4,0,1,Long An
10159,282,4266,106.278463,10.664873,4,0,1,Long An
10160,282,4267,107.628548,10.833376,4,0,1,Tây Ninh
10161,282,4267,107.751431,10.869575,4,0,1,Tây Ninh
10162,282,4267,105.840117,10.967988,4,0,1,Tây Ninh
10163,282,4267,105.933845,10.956466,4,0,1,Tây Ninh
10164,282,4268,107.066159,11.109365,1,50,1,Tây Ninh
10165,282,4268,107.06499,11.1094,1,50,1,Tây Ninh
10166,282,4268,105.427957,11.180386,1,50,1,Tây Ninh
10167,282,4268,105.860967,11.200446,1,50,1,Tây Ninh
10168,282,4269,107.629318,11.387218,4,0,1,Đồng Nai
10169,282,4269,107.627383,11.387525,4,0,1,Đồng Nai
10170,282,4269,107.545546,11.408543,4,0,1,Đồng Nai
10171,282,4269,107.879905,11.634688,4,0,1,Đồng Nai
10172,282,4270,105.819396,11.742976,2,0,1,Lâm Đồng
10173,282,4270,108.627567,11.94328,2,0,1,Lâm Đồng
10174,282,4270,107.626357,11.99993,2,0,1,Lâm Đồng
10175,282,4271,109.034909,12.25902,1,60,1,Phú Yên
10176,282,4271,108.997509,13.052756,1,60,1,Phú Yên
10177,282,4272,108.946177,13.934196,1,50,1,Kon Tum
10178,282,4272,108.194278,14.474506,1,50,1,Kon Tum
10179,282,4273,108.808344,16.011252,1,90,1,Đà Nẵng
10180,282,4273,108.769856,16.365689,1,90,1,Đà Nẵng
10181,282,4274,106.897882,19.733132,11,0,1,Thái Bình
10182,282,4274,106.779168,19.804058,11,0,1,Thái Bình
10183,282,4275,106.289105,20.12296,4,0,1,Thái Bình
10184,282,4275,106.812045,20.36223,4,0,1,Thái Bình
10185,282,4275,106.805069,20.363658,4,0,1,Thái Bình
10186,282,4276,106.982443,21.11167,2,0,1,Quảng Ninh
10187,282,4276,106.965377,21.225466,2,0,1,Quảng Ninh
10188,282,4277,106.42174,21.302185,4,0,1,Bắc Giang
10189,282,4277,106.394449,21.323153,4,0,1,Bắc Giang
10190,282,4277,106.372819,21.351643,4,0,1,Bắc Giang
10191,282,4278,105.351941,21.492429,2,0,1,Thái Nguyên
10192,282,4278,106.021065,21.642847,2,0,1,Thái Nguyên
10193,283,4279,106.977198,9.506701,1,60,1,Trà Vinh
10194,283,4279,106.485071,9.50946,1,60,1,Trà Vinh
10195,283,4280,105.491788,10.536332,4,0,1,Bà Rịa - Vũng Tàu
10196,283,4280,107.246692,10.547279,4,0,1,Bà Rịa - Vũng Tàu
10197,283,4281,105.515797,10.979261,11,0,1,An Giang
10198,283,4281,105.382553,11.025635,11,0,1,An Giang
10199,283,4282,108.399561,11.676798,2,0,1,Khánh Hòa
10200,283,4282,109.186615,12.171695,2,0,1,Khánh Hòa
10201,283,4283,107.901226,12.388816,1,80,1,Đắk Lắk
10202,283,4283,107.992984,12.531889,1,80,1,Đắk Lắk
10203,283,4284,108.505443,13.95066,1,80,1,Bình Định
10204,283,4284,109.052842,14.170178,1,80,1,Bình Định
10205,283,4285,105.492973,17.50827,4,0,1,Hà Tĩnh
10206,283,4285,105.256458,17.548502,4,0,1,Hà Tĩnh
10207,283,4286,105.368936,17.830644,1,80,1,Hà Tĩnh
10208,283,4286,105.46541,17.995779,1,80,1,Hà Tĩnh
10209,283,4287,106.899999,19.732523,4,0,1,Thái Bình
10210,283,4287,106.780068,19.803856,4,0,1,Thái Bình
10211,283,4288,105.169274,20.687159,1,50,1,Hòa Bình
10212,283,4288,105.16312,20.688545,1,50,1,Hòa Bình
10213,283,4289,105.962791,20.967569,1,60,1,Hà Nội
10214,283,4289,105.76992,20.974216,1,60,1,Hà Nội
10215,283,4290,106.52514,21.303304,4,0,1,Quảng Ninh
10216,283,4290,107.402377,21.333782,4,0,1,Quảng Ninh
10217,283,4290,106.335324,21.393405,4,0,1,Quảng Ninh
10218,283,4291,103.092159,21.752152,1,60,1,Lạng Sơn
10219,283,4291,106.804487,21.944988,1,60,1,Lạng Sơn
10220,283,4292,105.563626,21.998002,1,80,1,Lao Cai
10221,283,4292,103.891863,22.305147,1,80,1,Lao Cai
10222,284,4293,106.821387,9.532864,4,0,1,Hậu Giang
10223,284,4293,105.28361,9.807873,4,0,1,Hậu Giang
10224,284,4294,105.640121,10.071129,4,0,1,Bến Tre
10225,284,4294,106.716655,10.099726,4,0,1,Bến Tre
10226,284,4295,106.559275,10.105169,4,0,1,Bến Tre
10227,284,4295,106.550842,10.108432,4,0,1,Bến Tre
10228,284,4296,106.832309,10.25958,2,0,1,An Giang
10229,284,4296,105.111547,10.40998,2,0,1,An Giang
10230,284,4297,107.206006,10.497004,2,0,1,Bà Rịa - Vũng Tàu
10231,284,4297,107.176833,10.624985,2,0,1,Bà Rịa - Vũng Tàu
10232,284,4298,106.356924,10.657753,4,0,1,Bà Rịa - Vũng Tàu
10233,284,4298,107.655146,10.680488,4,0,1,Bà Rịa - Vũng Tàu
10234,284,4298,107.239937,10.54877,4,0,1,Bà Rịa - Vũng Tàu
10235,284,4299,107.018507,10.576895,1,100,1,Bà Rịa - Vũng Tàu
10236,284,4299,107.015306,10.575492,1,100,1,Bà Rịa - Vũng Tàu
10237,284,4300,107.954283,10.72158,1,50,1,Đồng Tháp
10238,284,4300,105.796052,10.863999,1,50,1,Đồng Tháp
10239,284,4301,105.658703,10.853343,4,0,1,Đồng Nai
10240,284,4301,107.095427,10.940131,4,0,1,Đồng Nai
10241,284,4302,108.903549,11.513771,2,0,1,Tây Ninh
10242,284,4302,105.500974,11.560712,2,0,1,Tây Ninh
10243,284,4303,109.107482,12.250792,4,0,1,Đắk Lắk
10244,284,4303,108.33276,12.713659,4,0,1,Đắk Lắk
10245,284,4304,107.88001,15.271056,4,0,1,Quảng Nam
10246,284,4304,107.597101,15.380082,4,0,1,Quảng Nam
10247,284,4304,105.723348,15.519946,4,0,1,Quảng Nam
10248,284,4305,105.357849,17.757615,1,80,1,Hà Tĩnh
10249,284,4305,105.36302,17.75985,1,80,1,Hà Tĩnh
10250,284,4306,106.554551,18.547921,1,80,1,Hà Tĩnh
10251,284,4306,106.554503,18.547944,1,80,1,Hà Tĩnh
10252,284,4307,106.411426,19.478209,4,0,1,Thái Bình
10253,284,4307,106.784701,19.802564,4,0,1,Thái Bình
10254,284,4307,106.526141,19.967881,4,0,1,Thái Bình
10255,284,4307,106.045427,20.304785,4,0,1,Thái Bình
10256,284,4308,105.107544,20.916527,4,0,1,Hải Phòng
10257,284,4308,106.591328,20.981188,4,0,1,Hải Phòng
10258,284,4309,105.322883,21.138517,4,0,1,Phú Thọ
10259,284,4309,105.318938,21.139526,4,0,1,Phú Thọ
10260,284,4309,105.316468,21.140635,4,0,1,Phú Thọ
10261,285,4310,106.87789,9.937067,1,80,1,Trà Vinh
10262,285,4310,106.613138,10.012878,1,80,1,Trà Vinh
10263,285,4311,107.183462,10.486581,4,0,1,Bà Rịa - Vũng Tàu
10264,285,4311,107.181615,10.485232,4,0,1,Bà Rịa - Vũng Tàu
10265,285,4311,107.17889,10.48701,4,0,1,Bà Rịa - Vũng Tàu
10266,285,4312,105.853592,10.940622,4,0,1,Tây Ninh
10267,285,4312,105.901063,10.957712,4,0,1,Tây Ninh
10268,285,4312,105.755192,10.976214,4,0,1,Tây Ninh
10269,285,4312,107.11063,11.02325,4,0,1,Tây Ninh
10270,285,4313,106.548764,18.562164,1,50,1,Hà Tĩnh
10271,285,4313,106.663781,18.818718,1,50,1,Hà Tĩnh
10272,285,4313,106.505634,18.914362,1,50,1,Hà Tĩnh
10273,285,4313,106.50403,18.916093,1,50,1,Hà Tĩnh
10274,285,4313,104.897177,19.043008,1,50,1,Hà Tĩnh
10275,285,4314,106.706209,20.337903,2,0,1,Hòa Bình
10276,285,4314,105.294263,20.47641,2,0,1,Hòa Bình
10277,285,4315,105.827845,21.091737,1,80,1,Hải Phòng
10278,285,4315,106.878929,21.102158,1,80,1,Hải Phòng
10279,285,4316,106.803415,21.212934,1,50,1,Hải Phòng
10280,285,4316,106.794903,21.216398,1,50,1,Hải Phòng
10281,286,4317,106.07278,9.033427,1,50,1,Sóc Trăng
10282,286,4317,106.477761,9.215232,1,50,1,Sóc Trăng
10283,286,4318,105.434601,10.005414,4,0,1,Bến Tre
10284,286,4318,105.429399,10.007829,4,0,1,Bến Tre
10285,286,4318,106.637283,10.070215,4,0,1,Bến Tre
10286,286,4318,106.478553,10.084204,4,0,1,Bến Tre
10287,286,4319,106.62899,10.352073,2,0,1,Long An
10288,286,4319,106.673784,10.415832,2,0,1,Long An
10289,286,4319,106.550247,10.462952,2,0,1,Long An
10290,286,4320,106.179835,10.555172,4,0,1,Đồng Tháp
10291,286,4320,105.94562,10.757775,4,0,1,Đồng Tháp
10292,286,4321,107.638996,11.891926,1,60,1,Khánh Hòa
10293,286,4321,109.026947,12.273006,1,60,1,Khánh Hòa
10294,286,4322,105.075648,18.220564,4,0,1,Hà Tĩnh
10295,286,4322,105.076491,18.220963,4,0,1,Hà Tĩnh
10296,286,4323,106.778111,18.33189,1,80,1,Hà Tĩnh
10297,286,4323,106.358581,18.606536,1,80,1,Hà Tĩnh
10298,286,4324,106.41188,18.61037,4,0,1,Hà Tĩnh
10299,286,4324,106.411536,18.610487,4,0,1,Hà Tĩnh
10300,286,4325,105.251125,20.206192,1,60,1,Hòa Bình
10301,286,4325,105.432944,20.462971,1,60,1,Hòa Bình
10302,286,4326,105.29179,20.475616,4,0,1,Hải Phòng
10303,286,4326,106.842767,20.673155,4,0,1,Hải Phòng
10304,286,4327,105.430073,20.799456,1,50,1,Hòa Bình
10305,286,4327,105.549217,20.945857,1,50,1,Hòa Bình
10306,286,4328,105.239533,21.197569,4,0,1,Hải Phòng
10307,286,4328,106.808282,21.211604,4,0,1,Hải Phòng
10308,286,4329,105.269685,21.364958,4,0,1,Phú Thọ
10309,286,4329,105.013636,21.372114,4,0,1,Phú Thọ
10310,286,4330,105.012837,21.443982,1,80,1,Yên Bái
10311,286,4330,105.09523,21.635246,1,80,1,Yên Bái
10312,287,4331,107.170196,10.563524,1,60,1,Bà Rịa - Vũng Tàu
10313,287,4331,107.065348,10.72423,1,60,1,Bà Rịa - Vũng Tàu
10314,287,4332,107.533597,10.842179,4,0,1,Bình Thuận
10315,287,4332,107.866299,10.84319,4,0,1,Bình Thuận
10316,287,4333,105.753993,11.610322,1,80,1,Đắk Nông
10317,287,4333,107.439438,11.622622,1,80,1,Đắk Nông
10318,287,4334,109.18475,12.248574,4,0,1,Khánh Hòa
10319,287,4334,109.180219,12.26012,4,0,1,Khánh Hòa
10320,287,4335,108.808674,16.074061,1,50,1,Đà Nẵng
10321,287,4335,108.87075,16.25494,1,50,1,Đà Nẵng
10322,287,4336,107.346365,15.299405,1,80,1,Quảng Nam
10323,287,4336,107.48707,15.362361,1,80,1,Quảng Nam
10324,287,4337,105.149176,20.232884,1,50,1,Thái Bình
10325,287,4337,106.82175,20.23477,1,50,1,Thái Bình
10326,287,4338,106.495189,20.427759,4,0,1,Hòa Bình
10327,287,4338,105.077745,20.545399,4,0,1,Hòa Bình
10328,287,4339,107.346071,21.104626,1,50,1,Hải Phòng
10329,287,4339,106.834334,21.124255,1,50,1,Hải Phòng
10330,287,4340,103.952706,21.289809,4,0,1,Bắc Giang
10331,287,4340,106.428699,21.307174,4,0,1,Bắc Giang
10332,288,4341,106.789244,9.927488,4,0,1,Kiên Giang
10333,288,4341,105.02993,9.961516,4,0,1,Kiên Giang
10334,288,4341,106.962155,9.970355,4,0,1,Kiên Giang
10335,288,4342,105.459386,10.606285,4,0,1,An Giang
10336,288,4342,104.732012,10.613035,4,0,1,An Giang
10337,288,4342,107.15817,10.564294,4,0,1,An Giang
10338,288,4343,107.825603,10.843827,4,0,1,Đồng Tháp
10339,288,4343,105.754965,10.873402,4,0,1,Đồng Tháp
10340,288,4343,105.752571,10.874191,4,0,1,Đồng Tháp
10341,288,4344,105.512059,11.138484,1,60,1,Tây Ninh
10342,288,4344,105.402511,11.195085,1,60,1,Tây Ninh
10343,288,4345,105.753348,11.610647,4,0,1,Đắk Nông
10344,288,4345,107.834373,11.629816,4,0,1,Đắk Nông
10345,288,4346,109.001652,11.666658,1,50,1,Khánh Hòa
10346,288,4346,109.047159,12.255203,1,50,1,Khánh Hòa
10347,288,4347,108.113793,14.007668,1,60,1,Gia Lai
10348,288,4347,108.10667,14.01037,1,60,1,Gia Lai
10349,288,4348,106.518922,19.167383,1,60,1,Thanh Hóa
10350,288,4348,106.093836,19.366092,1,60,1,Thanh Hóa
10351,288,4349,105.453867,20.826433,4,0,1,Hải Phòng
10352,288,4349,106.977954,20.840764,4,0,1,Hải Phòng
10353,288,4350,107.312927,21.357381,1,60,1,Phú Thọ
10354,288,4350,105.274319,21.394187,1,60,1,Phú Thọ
10355,288,4350,105.066026,21.650141,1,60,1,Phú Thọ
10356,288,4351,103.866857,22.688736,2,0,1,Cao Bằng
10357,288,4351,105.636956,22.832425,2,0,1,Cao Bằng
10358,289,4352,106.825337,10.271261,4,0,1,Bến Tre
10359,289,4352,106.789455,10.276598,4,0,1,Bến Tre
10360,289,4353,104.94374,10.50475,4,0,1,Long An
10361,289,4353,106.116889,10.599773,4,0,1,Long An
10362,289,4353,106.113157,10.700741,4,0,1,Long An
10363,289,4353,105.934591,10.771181,4,0,1,Long An
10364,289,4354,107.687214,13.955763,1,80,1,Đà Nẵng
10365,289,4354,108.776928,16.309904,1,80,1,Đà Nẵng
10366,289,4355,106.971721,18.246794,1,80,1,Hà Tĩnh
10367,289,4355,106.523543,18.60689,1,80,1,Hà Tĩnh
10368,289,4356,106.866018,19.964155,2,0,1,Thái Bình
10369,289,4356,106.522035,20.061384,2,0,1,Thái Bình
10370,289,4357,106.833402,20.225834,4,0,1,Thái Bình
10371,289,4357,106.727283,20.3295,4,0,1,Thái Bình
10372,289,4358,105.629224,20.801947,4,0,1,Hòa Bình
10373,289,4358,105.489748,20.815458,4,0,1,Hòa Bình
10374,289,4359,105.479991,20.819893,4,0,1,Hòa Bình
10375,289,4359,105.445315,20.831612,4,0,1,Hòa Bình
10376,289,4360,105.624104,20.890694,2,0,1,Hà Nội
10377,289,4360,105.826015,20.903548,2,0,1,Hà Nội
10378,289,4360,105.209424,20.997229,2,0,1,Hà Nội
10379,289,4361,105.764881,21.03378,1,50,1,Hà Nội
10380,289,4361,105.662952,21.071493,1,50,1,Hà Nội
10381,289,4362,104.05612,21.201654,4,0,1,Sơn La
10382,289,4362,103.994071,21.265129,4,0,1,Sơn La
10383,289,4363,107.980916,21.619268,4,0,1,Quảng Ninh
10384,289,4363,107.832838,21.623325,4,0,1,Quảng Ninh
10385,290,4364,107.449997,10.876233,4,0,1,Đồng Tháp
10386,290,4364,105.487314,10.958062,4,0,1,Đồng Tháp
10387,290,4365,105.894596,10.970165,11,0,1,Đồng Tháp
10388,290,4365,105.565124,10.992927,11,0,1,Đồng Tháp
10389,290,4366,107.286064,11.039438,4,0,1,An Giang
10390,290,4366,105.305727,11.054933,4,0,1,An Giang
10391,290,4366,105.123048,11.158861,4,0,1,An Giang
10392,290,4367,107.830526,11.63104,4,0,1,Lâm Đồng
10393,290,4367,108.068,11.690939,4,0,1,Lâm Đồng
10394,290,4368,108.207801,11.747369,2,0,1,Lâm Đồng
10395,290,4368,108.673997,11.862885,2,0,1,Lâm Đồng
10396,290,4369,107.95994,12.308922,1,80,1,Đắk Lắk
10397,290,4369,107.849579,12.681599,1,80,1,Đắk Lắk
10398,290,4370,109.0553,13.891661,4,0,1,Bình Định
10399,290,4370,108.958448,13.896034,4,0,1,Bình Định
10400,290,4371,108.958127,13.896124,1,50,1,Kon Tum
10401,290,4371,107.944791,14.377246,1,50,1,Kon Tum
10402,290,4372,106.713714,18.535643,1,50,1,Hà Tĩnh
10403,290,4372,106.415012,19.031893,1,50,1,Hà Tĩnh
10404,290,4373,105.180041,20.406456,2,0,1,Hải Phòng
10405,290,4373,106.943964,20.61986,2,0,1,Hải Phòng
10406,290,4374,106.493516,20.701996,4,0,1,Hòa Bình
10407,290,4374,105.370684,20.849793,4,0,1,Hòa Bình
10408,290,4375,105.002604,21.274253,4,0,1,Sơn La
10409,290,4375,103.914637,21.327002,4,0,1,Sơn La
10410,290,4376,107.39442,21.327548,2,0,1,Quảng Ninh
10411,290,4376,107.377119,21.337071,2,0,1,Quảng Ninh
10412,290,4377,107.696523,21.361496,1,60,1,Quảng Ninh
10413,290,4377,107.693062,21.36246,1,60,1,Quảng Ninh
10414,290,4377,107.691687,21.363013,1,60,1,Quảng Ninh
10415,290,4377,107.689837,21.363584,1,60,1,Quảng Ninh
10416,290,4378,105.2348,21.432098,1,50,1,Phú Thọ
10417,290,4378,105.011549,21.444359,1,50,1,Phú Thọ
10418,290,4378,105.00424,21.447669,1,50,1,Phú Thọ
10419,290,4379,102.940688,21.797882,1,80,1,Lao Cai
10420,290,4379,104.16107,22.069258,1,80,1,Lao Cai
10421,290,4379,103.944112,22.456158,1,80,1,Lao Cai
10422,290,4379,104.087086,22.602639,1,80,1,Lao Cai
10423,291,4380,106.46737,9.725405,1,60,1,Kiên Giang
10424,291,4380,105.070978,9.852974,1,60,1,Kiên Giang
10425,291,4381,106.588587,9.991272,4,0,1,Trà Vinh
10426,291,4381,106.588336,9.991427,4,0,1,Trà Vinh
10427,291,4382,106.251713,10.668,4,0,1,Long An
10428,291,4382,106.312969,10.669889,4,0,1,Long An
10429,291,4383,107.659721,10.815353,4,0,1,Bà Rịa - Vũng Tàu
10430,291,4383,107.658301,10.815934,4,0,1,Bà Rịa - Vũng Tàu
10431,291,4384,107.548611,10.836865,2,0,1,Đồng Nai
10432,291,4384,107.465917,10.872495,2,0,1,Đồng Nai
10433,291,4385,107.431487,10.882671,4,0,1,Tây Ninh
10434,291,4385,105.889988,10.972071,4,0,1,Tây Ninh
10435,291,4386,108.718331,11.228437,1,50,1,Ninh Thuận
10436,291,4386,108.720831,11.230097,1,50,1,Ninh Thuận
10437,291,4387,108.590181,13.996148,1,60,1,Kon Tum
10438,291,4387,107.972887,14.351091,1,60,1,Kon Tum
10439,291,4388,107.914649,14.689315,1,80,1,Đà Nẵng
10440,291,4388,108.760093,16.201362,1,80,1,Đà Nẵng
10441,291,4389,108.569309,16.429803,1,50,1,Quảng Nam
10442,291,4389,108.04297,15.132725,1,50,1,Quảng Nam
10443,291,4390,105.913249,17.17094,1,90,1,Quảng Bình
10444,291,4390,105.913002,17.171027,1,90,1,Quảng Bình
10445,291,4391,105.358057,17.757429,1,80,1,Hà Tĩnh
10446,291,4391,105.242511,17.808775,1,80,1,Hà Tĩnh
10447,291,4392,106.478555,18.712145,1,50,1,Hà Tĩnh
10448,291,4392,106.647098,18.820846,1,50,1,Hà Tĩnh
10449,291,4393,106.497803,20.427011,4,0,1,Hòa Bình
10450,291,4393,105.224563,20.605287,4,0,1,Hòa Bình
10451,291,4394,105.617507,20.805143,4,0,1,Hòa Bình
10452,291,4394,105.60305,20.811732,4,0,1,Hòa Bình
10453,291,4394,105.602402,20.811958,4,0,1,Hòa Bình
10454,291,4395,107.057813,20.969468,4,0,1,Quảng Ninh
10455,291,4395,107.051367,20.951946,4,0,1,Quảng Ninh
10456,291,4396,105.503405,21.048205,1,50,1,Hà Nội
10457,291,4396,105.671244,21.054922,1,50,1,Hà Nội
10458,291,4397,106.307346,21.356676,4,0,1,Phú Thọ
10459,291,4397,105.267808,21.419883,4,0,1,Phú Thọ
10460,291,4398,105.198706,21.447247,4,0,1,Quảng Ninh
10461,291,4398,107.764195,21.44912,4,0,1,Quảng Ninh
10462,292,4399,106.762125,10.072303,4,0,1,Kiên Giang
10463,292,4399,104.901027,10.20458,4,0,1,Kiên Giang
10464,292,4400,106.897205,10.292711,4,0,1,Bến Tre
10465,292,4400,106.734967,10.314477,4,0,1,Bến Tre
10466,292,4401,105.938965,10.577983,1,50,1,Bà Rịa - Vũng Tàu
10467,292,4401,107.369428,10.805768,1,50,1,Bà Rịa - Vũng Tàu
10468,292,4402,105.418012,11.180168,1,90,1,Bình Thuận
10469,292,4402,108.346588,11.196581,1,90,1,Bình Thuận
10470,292,4403,109.214034,13.394227,1,60,1,Gia Lai
10471,292,4403,108.297476,13.636157,1,60,1,Gia Lai
10472,292,4404,107.592044,14.707154,4,0,1,Đà Nẵng
10473,292,4404,108.566172,16.431444,4,0,1,Đà Nẵng
10474,292,4404,107.794483,16.44404,4,0,1,Đà Nẵng
10475,292,4405,107.769994,15.142558,1,50,1,Quảng Nam
10476,292,4405,107.723174,15.170849,1,50,1,Quảng Nam
10477,292,4406,106.415368,18.575366,1,80,1,Hà Tĩnh
10478,292,4406,106.304969,18.819092,1,80,1,Hà Tĩnh
10479,292,4407,105.608806,20.391894,2,0,1,Hải Phòng
10480,292,4407,106.797987,20.483298,2,0,1,Hải Phòng
10481,292,4408,105.231637,20.807415,4,0,1,Hà Nội
10482,292,4408,105.673302,20.820649,4,0,1,Hà Nội
10483,292,4409,105.684925,20.895792,1,90,1,Hà Nội
10484,292,4409,105.8241,20.941725,1,90,1,Hà Nội
10485,292,4410,107.099067,20.948841,4,0,1,Hà Nội
10486,292,4410,105.675167,21.053122,4,0,1,Hà Nội
10487,292,4411,106.50037,21.147059,1,50,1,Hải Phòng
10488,292,4411,106.698583,21.147766,1,50,1,Hải Phòng
10489,292,4411,106.691915,21.160471,1,50,1,Hải Phòng
10490,292,4412,106.955597,21.267024,4,0,1,Bắc Giang
10491,292,4412,106.588196,21.301387,4,0,1,Bắc Giang
10492,292,4412,106.3519,21.342524,4,0,1,Bắc Giang
10493,292,4413,105.39581,21.93953,2,0,1,Hà Giang
10494,292,4413,104.824766,22.396046,2,0,1,Hà Giang
10495,292,4413,106.574045,22.502878,2,0,1,Hà Giang
10496,293,4414,104.876063,8.584818,1,60,1,Kiên Giang
10497,293,4414,105.055225,9.854956,1,60,1,Kiên Giang
10498,293,4415,106.728839,9.920014,2,0,1,Trà Vinh
10499,293,4415,106.780612,10.013649,2,0,1,Trà Vinh
10500,293,4416,107.24528,10.545932,4,0,1,Đồng Tháp
10501,293,4416,105.989267,10.731283,4,0,1,Đồng Tháp
10502,293,4417,105.917705,10.778382,4,0,1,Long An
10503,293,4417,105.912529,10.780654,4,0,1,Long An
10504,293,4417,106.335632,10.812487,4,0,1,Long An
10505,293,4417,105.713534,10.859488,4,0,1,Long An
10506,293,4417,107.465247,10.892193,4,0,1,Long An
10507,293,4418,107.407557,10.957976,1,60,1,Tây Ninh
10508,293,4418,105.992776,11.013214,1,60,1,Tây Ninh
10509,293,4419,105.359639,11.299192,11,0,1,Lâm Đồng
10510,293,4419,108.446783,11.936994,11,0,1,Lâm Đồng
10511,293,4420,109.247622,13.618307,4,0,1,Đà Nẵng
10512,293,4420,108.529132,16.442206,4,0,1,Đà Nẵng
10513,293,4421,107.385528,15.49244,1,60,1,Quảng Nam
10514,293,4421,107.393068,15.591775,1,60,1,Quảng Nam
10515,293,4422,106.682575,18.581053,1,60,1,Hà Tĩnh
10516,293,4422,106.514278,18.807581,1,60,1,Hà Tĩnh
10517,293,4422,106.593252,18.815441,1,60,1,Hà Tĩnh
10518,293,4423,106.931066,21.024097,4,0,1,Hải Phòng
10519,293,4423,106.927606,21.02654,4,0,1,Hải Phòng
10520,293,4424,106.571623,21.0839,2,0,1,Phú Thọ
10521,293,4424,105.17799,21.13824,2,0,1,Phú Thọ
10522,293,4425,104.976416,21.632622,4,0,1,Yên Bái
10523,293,4425,104.974689,21.63283,4,0,1,Yên Bái
10524,293,4426,103.078338,21.599836,1,60,1,Yên Bái
10525,293,4426,104.907085,21.716815,1,60,1,Yên Bái
10526,294,4427,106.707738,10.147515,4,0,1,Kiên Giang
10527,294,4427,104.688304,10.260591,4,0,1,Kiên Giang
10528,294,4428,106.847785,10.626197,4,0,1,An Giang
10529,294,4428,105.305608,10.545432,4,0,1,An Giang
10530,294,4429,107.476264,10.858945,4,0,1,An Giang
10531,294,4429,105.40767,11.016917,4,0,1,An Giang
10532,294,4430,105.69624,11.160654,4,0,1,An Giang
10533,294,4430,105.104435,11.310197,4,0,1,An Giang
10534,294,4430,105.099656,11.312413,4,0,1,An Giang
10535,294,4430,105.093067,11.316324,4,0,1,An Giang
10536,294,4431,108.276835,11.774794,2,0,1,Lâm Đồng
10537,294,4431,108.165832,12.065748,2,0,1,Lâm Đồng
10538,294,4432,109.108966,12.120686,1,50,1,Khánh Hòa
10539,294,4432,108.996824,12.255789,1,50,1,Khánh Hòa
10540,294,4433,109.032979,12.259703,1,60,1,Khánh Hòa
10541,294,4433,109.124425,12.49488,1,60,1,Khánh Hòa
10542,294,4434,108.921448,13.905347,4,0,1,Bình Định
10543,294,4434,109.219252,13.946807,4,0,1,Bình Định
10544,294,4435,108.328106,14.066284,1,80,1,Kon Tum
10545,294,4435,107.917157,14.375095,1,80,1,Kon Tum
10546,294,4436,108.84893,16.107723,4,0,1,Đà Nẵng
10547,294,4436,108.484775,16.646835,4,0,1,Đà Nẵng
10548,294,4436,108.291486,16.821914,4,0,1,Đà Nẵng
10549,294,4437,106.590557,19.276904,1,80,1,Thái Bình
10550,294,4437,106.727053,19.812109,1,80,1,Thái Bình
10551,294,4438,105.041619,20.081354,1,80,1,Hòa Bình
10552,294,4438,105.143615,20.234913,1,80,1,Hòa Bình
10553,294,4439,104.791037,20.270706,2,0,1,Thái Bình
10554,294,4439,106.67785,20.405588,2,0,1,Thái Bình
10555,294,4440,105.120127,21.223775,4,0,1,Phú Thọ
10556,294,4440,105.113624,21.225802,4,0,1,Phú Thọ
10557,294,4440,106.382897,21.310438,4,0,1,Phú Thọ
10558,294,4441,106.351583,21.348807,1,60,1,Bắc Giang
10559,294,4441,106.321686,21.368289,1,60,1,Bắc Giang
10560,294,4442,106.202844,21.44132,10,0,1,Bắc Giang
10561,294,4442,106.201934,21.44173,10,0,1,Bắc Giang
10562,294,4443,106.728413,21.536712,2,0,1,Thái Nguyên
10563,294,4443,106.141655,21.759345,2,0,1,Thái Nguyên
10564,294,4443,104.717881,21.843169,2,0,1,Thái Nguyên
10565,294,4444,104.181823,22.263487,1,60,1,Lao Cai
10566,294,4444,104.007318,22.462994,1,60,1,Lao Cai
10567,295,4445,106.098144,9.338519,2,0,1,Trà Vinh
10568,295,4445,106.677165,9.45333,2,0,1,Trà Vinh
10569,295,4446,105.126894,10.257463,4,0,1,Vinh Long
10570,295,4446,105.914766,10.396453,4,0,1,Vinh Long
10571,295,4447,105.64723,10.740359,1,60,1,Đồng Tháp
10572,295,4447,105.637805,10.74617,1,60,1,Đồng Tháp
10573,295,4448,105.719607,10.765366,1,50,1,Bà Rịa - Vũng Tàu
10574,295,4448,107.363506,10.781282,1,50,1,Bà Rịa - Vũng Tàu
10575,295,4449,105.603864,10.794731,1,50,1,Đồng Tháp
10576,295,4449,105.60327,10.796026,1,50,1,Đồng Tháp
10577,295,4450,105.637242,10.940871,1,80,1,Đồng Tháp
10578,295,4450,105.625492,10.945053,1,80,1,Đồng Tháp
10579,295,4451,107.983753,12.255988,1,50,1,Đắk Nông
10580,295,4451,107.691556,12.293802,1,50,1,Đắk Nông
10581,295,4452,109.131573,12.488116,4,0,1,Bình Định
10582,295,4452,108.914129,13.910036,4,0,1,Bình Định
10583,295,4452,108.880533,13.928336,4,0,1,Bình Định
10584,295,4453,107.638055,15.424484,4,0,1,Quảng Nam
10585,295,4453,107.526029,15.439325,4,0,1,Quảng Nam
10586,295,4454,105.387155,20.228601,1,50,1,Hòa Bình
10587,295,4454,105.3509,20.240639,1,50,1,Hòa Bình
10588,295,4455,105.4344,20.976583,1,60,1,Hà Nội
10589,295,4455,105.80268,21.027062,1,60,1,Hà Nội
10590,295,4456,105.207099,21.164582,2,0,1,Hải Dương
10591,295,4456,106.466213,21.172269,2,0,1,Hải Dương
10592,295,4457,106.503944,21.308688,11,0,1,Hải Phòng
10593,295,4457,106.695414,21.312339,11,0,1,Hải Phòng
10594,295,4458,106.358563,21.346213,4,0,1,Bắc Giang
10595,295,4458,106.352478,21.348473,4,0,1,Bắc Giang
10596,295,4459,104.174042,21.75712,2,0,1,Yên Bái
10597,295,4459,104.53273,21.906936,2,0,1,Yên Bái
10598,296,4460,107.191087,10.418351,4,0,1,An Giang
10599,296,4460,105.320877,10.426763,4,0,1,An Giang
10600,296,4461,107.216083,10.494334,4,0,1,Long An
10601,296,4461,106.26665,10.651228,4,0,1,Long An
10602,296,4461,106.260926,10.653265,4,0,1,Long An
10603,296,4462,105.636132,10.94189,1,80,1,Đồng Tháp
10604,296,4462,105.630721,10.944026,1,80,1,Đồng Tháp
10605,296,4462,105.629336,10.944599,1,80,1,Đồng Tháp
10606,296,4462,105.628213,10.946232,1,80,1,Đồng Tháp
10607,296,4463,105.582847,10.955712,1,70,1,Đồng Tháp
10608,296,4463,105.576103,10.970928,1,70,1,Đồng Tháp
10609,296,4464,105.828426,11.055236,4,0,1,An Giang
10610,296,4464,105.147137,11.116252,4,0,1,An Giang
10611,296,4465,108.38313,11.764608,4,0,1,Lâm Đồng
10612,296,4465,108.510642,11.846317,4,0,1,Lâm Đồng
10613,296,4466,108.299295,16.890347,1,60,1,Quảng Nam
10614,296,4466,107.502055,15.387974,1,60,1,Quảng Nam
10615,296,4466,107.369931,15.606459,1,60,1,Quảng Nam
10616,296,4467,107.09682,15.82149,11,0,1,Hà Tĩnh
10617,296,4467,105.433018,17.766929,11,0,1,Hà Tĩnh
10618,296,4468,105.183969,18.132954,1,90,1,Hà Tĩnh
10619,296,4468,105.187957,18.188735,1,90,1,Hà Tĩnh
10620,296,4468,105.187231,18.189087,1,90,1,Hà Tĩnh
10621,296,4469,105.278953,20.73239,1,60,1,Hải Dương
10622,296,4469,106.334555,20.747966,1,60,1,Hải Dương
10623,296,4470,105.172589,20.779453,1,80,1,Hòa Bình
10624,296,4470,105.131782,20.795796,1,80,1,Hòa Bình
10625,296,4471,105.511527,20.858279,4,0,1,Hòa Bình
10626,296,4471,105.051688,20.938637,4,0,1,Hòa Bình
10627,296,4471,105.990723,20.94066,4,0,1,Hòa Bình
10628,296,4472,105.537462,20.961527,1,50,1,Hòa Bình
10629,296,4472,105.092023,20.974873,1,50,1,Hòa Bình
10630,296,4473,106.986022,20.978864,4,0,1,Quảng Ninh
10631,296,4473,107.079041,21.061535,4,0,1,Quảng Ninh
10632,296,4474,105.797967,21.056944,1,80,1,Hải Phòng
10633,296,4474,106.813585,21.110295,1,80,1,Hải Phòng
10634,296,4475,106.38096,21.226735,2,0,1,Hải Phòng
10635,296,4475,106.685731,21.23301,2,0,1,Hải Phòng
10636,296,4475,106.256978,21.273782,2,0,1,Hải Phòng
10637,296,4476,106.406737,21.305986,4,0,1,Bắc Giang
10638,296,4476,106.427278,21.30756,4,0,1,Bắc Giang
10639,296,4476,106.399703,21.31106,4,0,1,Bắc Giang
10640,296,4477,105.06982,21.66786,1,80,1,Điện Biên
10641,296,4477,103.457739,21.653693,1,80,1,Điện Biên
10642,297,4478,105.426673,9.903033,2,0,1,Cần Thơ
10643,297,4478,105.646452,9.915476,2,0,1,Cần Thơ
10644,297,4479,105.071792,9.943739,4,0,1,Bến Tre
10645,297,4479,106.726846,10.048718,4,0,1,Bến Tre
10646,297,4480,105.60625,10.794026,1,50,1,Đồng Tháp
10647,297,4480,105.426413,10.800106,1,50,1,Đồng Tháp
10648,297,4481,106.316651,10.82766,4,0,1,Long An
10649,297,4481,106.313706,10.828638,4,0,1,Long An
10650,297,4482,105.609227,10.967309,1,80,1,Đồng Tháp
10651,297,4482,105.607528,10.968132,1,80,1,Đồng Tháp
10652,297,4482,105.606094,10.969417,1,80,1,Đồng Tháp
10653,297,4483,107.140343,11.01692,4,0,1,An Giang
10654,297,4483,105.095062,11.313988,4,0,1,An Giang
10655,297,4483,107.712767,11.448596,4,0,1,An Giang
10656,297,4484,108.200281,13.22629,4,0,1,Phú Yên
10657,297,4484,108.981268,13.367124,4,0,1,Phú Yên
10658,297,4485,107.706729,13.950963,1,80,1,Thừa Thiên Huế
10659,297,4485,107.93019,16.842556,1,80,1,Thừa Thiên Huế
10660,297,4486,108.314008,16.890992,11,0,1,Đà Nẵng
10661,297,4486,108.363618,16.902726,11,0,1,Đà Nẵng
10662,297,4487,107.516415,15.444139,4,0,1,Quảng Nam
10663,297,4487,107.354101,15.606789,4,0,1,Quảng Nam
10664,297,4488,105.026226,18.196631,4,0,1,Hà Tĩnh
10665,297,4488,105.125265,18.206465,4,0,1,Hà Tĩnh
10666,297,4489,106.828477,20.076943,4,0,1,Thái Bình
10667,297,4489,106.90564,20.176852,4,0,1,Thái Bình
10668,297,4490,105.459733,20.632182,4,0,1,Hải Phòng
10669,297,4490,106.906515,20.642893,4,0,1,Hải Phòng
10670,297,4491,106.00401,20.719725,1,80,1,Hòa Bình
10671,297,4491,105.329016,20.771041,1,80,1,Hòa Bình
10672,297,4492,105.16431,20.972378,2,0,1,Hà Nội
10673,297,4492,105.814189,21.019764,2,0,1,Hà Nội
10674,297,4492,105.79972,21.028479,2,0,1,Hà Nội
10675,297,4493,103.935809,21.303624,4,0,1,Bắc Giang
10676,297,4493,106.381461,21.311101,4,0,1,Bắc Giang
10677,297,4494,106.633785,21.320696,11,0,1,Sơn La
10678,297,4494,103.920824,21.326038,11,0,1,Sơn La
10679,297,4495,106.373983,21.34248,4,0,1,Bắc Giang
10680,297,4495,106.371449,21.343799,4,0,1,Bắc Giang
10681,297,4495,105.213495,21.437695,4,0,1,Bắc Giang
10682,297,4496,107.455897,21.676452,1,50,1,Lạng Sơn
10683,297,4496,106.596345,21.688927,1,50,1,Lạng Sơn
10684,297,4496,106.596296,21.688951,1,50,1,Lạng Sơn
10685,297,4497,104.444172,22.085956,1,80,1,Yên Bái
10686,297,4497,104.671272,22.188371,1,80,1,Yên Bái
10687,297,4498,105.273641,22.548963,4,0,1,Lạng Sơn
10688,297,4498,106.946367,22.56472,4,0,1,Lạng Sơn
10689,298,4499,105.438732,10.26082,4,0,1,Đồng Tháp
10690,298,4499,105.437691,10.261457,4,0,1,Đồng Tháp
10691,298,4499,105.358139,10.266314,4,0,1,Đồng Tháp
10692,298,4500,105.353149,10.380781,1,80,1,Đồng Tháp
10693,298,4500,105.629763,10.487822,1,80,1,Đồng Tháp
10694,298,4501,105.289779,11.364871,4,0,1,Tây Ninh
10695,298,4501,105.257751,11.355838,4,0,1,Tây Ninh
10696,298,4501,107.633328,11.385257,4,0,1,Tây Ninh
10697,298,4502,108.909344,12.273904,1,80,1,Gia Lai
10698,298,4502,107.745706,13.943777,1,80,1,Gia Lai
10699,298,4503,107.712201,15.615882,2,0,1,Quảng Nam
10700,298,4503,107.485381,15.618027,2,0,1,Quảng Nam
10701,298,4504,105.859685,17.202179,4,0,1,Quảng Bình
10702,298,4504,105.51327,17.383906,4,0,1,Quảng Bình
10703,298,4504,106.932506,18.254,4,0,1,Quảng Bình
10704,298,4504,106.916924,18.272849,4,0,1,Quảng Bình
10705,298,4505,106.429429,18.861699,4,0,1,Hà Tĩnh
10706,298,4505,106.429042,18.861792,4,0,1,Hà Tĩnh
10707,298,4506,106.364015,19.325277,1,80,1,Thái Bình
10708,298,4506,106.7287,19.626962,1,80,1,Thái Bình
10709,298,4507,106.579021,19.855355,11,0,1,Thái Bình
10710,298,4507,106.376046,20.090888,11,0,1,Thái Bình
10711,298,4508,105.644082,20.796927,4,0,1,Hòa Bình
10712,298,4508,105.432777,20.798629,4,0,1,Hòa Bình
10713,298,4509,105.922136,20.979044,4,0,1,Hòa Bình
10714,298,4509,105.366567,20.981432,4,0,1,Hòa Bình
10715,298,4510,106.497648,21.145385,2,0,1,Quảng Ninh
10716,298,4510,106.992558,21.156627,2,0,1,Quảng Ninh
10717,298,4511,105.202592,21.290569,4,0,1,Bắc Giang
10718,298,4511,106.395027,21.305907,4,0,1,Bắc Giang
10719,298,4511,106.636854,21.319471,4,0,1,Bắc Giang
10720,298,4511,103.920513,21.326129,4,0,1,Bắc Giang
10721,298,4511,106.376118,21.34187,4,0,1,Bắc Giang
10722,298,4512,106.242562,21.397304,2,0,1,Phú Thọ
10723,298,4512,105.205732,21.44208,2,0,1,Phú Thọ
10724,298,4512,107.110967,21.63699,2,0,1,Phú Thọ
10725,298,4513,105.533151,22.025162,2,0,1,Lao Cai
10726,298,4513,103.847841,22.327338,2,0,1,Lao Cai
10727,298,4513,105.700775,22.870423,2,0,1,Lao Cai
10728,299,4514,106.571006,10.070159,4,0,1,Đồng Tháp
10729,299,4514,105.496744,10.262906,4,0,1,Đồng Tháp
10730,299,4515,105.352142,10.668215,4,0,1,An Giang
10731,299,4515,105.351125,10.668803,4,0,1,An Giang
10732,299,4515,105.338944,10.69637,4,0,1,An Giang
10733,299,4515,105.191468,10.570087,4,0,1,An Giang
10734,299,4515,105.820046,10.733402,4,0,1,An Giang
10735,299,4515,105.426567,10.799989,4,0,1,An Giang
10736,299,4516,105.899748,11.028131,1,60,1,Tây Ninh
10737,299,4516,105.828243,11.28451,1,60,1,Tây Ninh
10738,299,4517,107.378363,11.631982,4,0,1,Ninh Thuận
10739,299,4517,108.93424,11.505188,4,0,1,Ninh Thuận
10740,299,4518,109.131454,12.109512,1,90,1,Khánh Hòa
10741,299,4518,109.014323,12.269505,1,90,1,Khánh Hòa
10742,299,4519,107.205648,15.535379,1,60,1,Quảng Nam
10743,299,4519,107.15398,15.56407,1,60,1,Quảng Nam
10744,299,4520,106.738932,18.404438,4,0,1,Hà Tĩnh
10745,299,4520,106.736585,18.419891,4,0,1,Hà Tĩnh
10746,299,4521,106.273922,19.445907,1,80,1,Thanh Hóa
10747,299,4521,106.429092,19.722483,1,80,1,Thanh Hóa
10748,299,4522,106.561965,19.903943,2,0,1,Thái Bình
10749,299,4522,106.8451,19.969903,2,0,1,Thái Bình
10750,299,4523,106.923333,20.291275,4,0,1,Thái Bình
10751,299,4523,106.59918,20.339902,4,0,1,Thái Bình
10752,299,4524,105.243638,20.492593,4,0,1,Thái Bình
10753,299,4524,106.381796,20.603675,4,0,1,Thái Bình
10754,299,4525,106.219438,20.763584,2,0,1,Hòa Bình
10755,299,4525,105.476583,20.759868,2,0,1,Hòa Bình
10756,299,4525,106.873954,20.781667,2,0,1,Hòa Bình
10757,299,4526,106.800045,20.874652,1,60,1,Hà Nội
10758,299,4526,105.827372,20.901709,1,60,1,Hà Nội
10759,299,4527,106.714446,21.055327,4,0,1,Quảng Ninh
10760,299,4527,107.412215,21.086909,4,0,1,Quảng Ninh
10761,299,4528,106.998576,21.267972,2,0,1,Phú Thọ
10762,299,4528,105.065893,21.278725,2,0,1,Phú Thọ
10763,299,4529,104.710613,22.019969,1,80,1,Tuyên Quang
10764,299,4529,105.533724,22.026828,1,80,1,Tuyên Quang
10765,299,4530,104.278815,22.149334,2,0,1,Yên Bái
10766,299,4530,104.73739,22.169167,2,0,1,Yên Bái
10767,299,4530,104.603536,22.210814,2,0,1,Yên Bái
10768,299,4530,105.399784,22.482809,2,0,1,Yên Bái
10769,300,4531,106.020326,9.142596,2,0,1,Trà Vinh
10770,300,4531,106.513804,9.669637,2,0,1,Trà Vinh
10771,300,4532,105.139913,9.917693,4,0,1,Kiên Giang
10772,300,4532,106.836284,10.074978,4,0,1,Kiên Giang
10773,300,4532,105.27335,10.173301,4,0,1,Kiên Giang
10774,300,4532,105.513584,10.2107,4,0,1,Kiên Giang
10775,300,4532,106.956274,10.236045,4,0,1,Kiên Giang
10776,300,4533,107.083897,10.358494,11,0,1,Bà Rịa - Vũng Tàu
10777,300,4533,107.083713,10.358502,11,0,1,Bà Rịa - Vũng Tàu
10778,300,4534,106.596778,10.394462,4,0,1,Long An
10779,300,4534,106.55807,10.449814,4,0,1,Long An
10780,300,4534,106.557059,10.460388,4,0,1,Long An
10781,300,4535,106.383113,10.667404,4,0,1,Đồng Tháp
10782,300,4535,105.684871,10.566914,4,0,1,Đồng Tháp
10783,300,4536,107.115712,10.862873,4,0,1,TP. Hồ Chí Minh
10784,300,4536,106.789393,10.884862,4,0,1,TP. Hồ Chí Minh
10785,300,4537,108.963344,13.085154,4,0,1,Phú Yên
10786,300,4537,108.962984,13.08538,4,0,1,Phú Yên
10787,300,4538,109.04405,13.94713,1,80,1,Bình Định
10788,300,4538,108.766533,13.953913,1,80,1,Bình Định
10789,300,4539,107.72608,15.468735,1,80,1,Quảng Nam
10790,300,4539,107.348662,15.611681,1,80,1,Quảng Nam
10791,300,4540,107.323893,15.62691,1,60,1,Quảng Nam
10792,300,4540,107.322253,15.625785,1,60,1,Quảng Nam
10793,300,4541,107.070008,15.964096,4,0,1,Quảng Bình
10794,300,4541,105.968445,17.127643,4,0,1,Quảng Bình
10795,300,4542,106.575801,19.511661,4,0,1,Thái Bình
10796,300,4542,106.872699,19.913525,4,0,1,Thái Bình
10797,300,4543,106.495863,20.202125,2,0,1,Thái Bình
10798,300,4543,106.847039,20.220426,2,0,1,Thái Bình
10799,300,4543,106.196422,20.285596,2,0,1,Thái Bình
10800,300,4544,105.212718,20.599859,1,80,1,Hà Nam
10801,300,4544,105.694502,20.704791,1,80,1,Hà Nam
10802,300,4545,103.921262,21.320536,4,0,1,Bắc Giang
10803,300,4545,106.366977,21.364456,4,0,1,Bắc Giang
10804,300,4546,105.52169,22.044076,4,0,1,Lao Cai
10805,300,4546,104.465537,22.239288,4,0,1,Lao Cai
10806,300,4547,103.649636,22.330337,1,80,1,Lao Cai
10807,300,4547,104.072791,22.379926,1,80,1,Lao Cai
10808,301,4548,105.02383,9.642588,4,0,1,Kiên Giang
10809,301,4548,106.621071,9.750341,4,0,1,Kiên Giang
10810,301,4548,106.49667,9.776115,4,0,1,Kiên Giang
10811,301,4548,105.142665,9.828398,4,0,1,Kiên Giang
10812,301,4548,106.327869,9.905228,4,0,1,Kiên Giang
10813,301,4548,106.875387,9.999271,4,0,1,Kiên Giang
10814,301,4549,104.899977,10.148319,4,0,1,Cần Thơ
10815,301,4549,104.928223,10.185989,4,0,1,Cần Thơ
10816,301,4549,105.529012,10.200146,4,0,1,Cần Thơ
10817,301,4549,105.617672,10.237248,4,0,1,Cần Thơ
10818,301,4550,107.224497,10.481562,2,0,1,Đồng Tháp
10819,301,4550,108.962247,10.607086,2,0,1,Đồng Tháp
10820,301,4550,105.960329,10.725473,2,0,1,Đồng Tháp
10821,301,4550,106.255645,10.755609,2,0,1,Đồng Tháp
10822,301,4551,106.801579,10.87744,2,0,1,Đồng Tháp
10823,301,4551,105.594918,10.888685,2,0,1,Đồng Tháp
10824,301,4552,105.864043,10.900662,11,0,1,Đồng Tháp
10825,301,4552,105.610233,10.965779,11,0,1,Đồng Tháp
10826,301,4552,105.560095,10.995475,11,0,1,Đồng Tháp
10827,301,4553,108.141791,12.069925,1,60,1,Phú Yên
10828,301,4553,108.966448,12.989133,1,60,1,Phú Yên
10829,301,4554,107.828504,16.538428,1,80,1,Quảng Nam
10830,301,4554,108.140984,15.007389,1,80,1,Quảng Nam
10831,301,4554,108.140909,15.007461,1,80,1,Quảng Nam
10832,301,4555,105.280345,17.544162,4,0,1,Hà Tĩnh
10833,301,4555,105.279968,17.544324,4,0,1,Hà Tĩnh
10834,301,4556,105.485227,20.617464,4,0,1,Hòa Bình
10835,301,4556,105.250997,20.655231,4,0,1,Hòa Bình
10836,301,4557,106.060727,20.713724,1,80,1,Hòa Bình
10837,301,4557,105.483644,20.756201,1,80,1,Hòa Bình
10838,301,4558,105.674795,20.777478,4,0,1,Hà Nội
10839,301,4558,105.650383,20.785185,4,0,1,Hà Nội
10840,301,4559,105.560982,20.867607,2,0,1,Hải Phòng
10841,301,4559,106.683652,20.868613,2,0,1,Hải Phòng
10842,301,4560,106.966975,21.115142,4,0,1,Sơn La
10843,301,4560,104.168132,21.136494,4,0,1,Sơn La
10844,301,4561,106.299409,21.371256,11,0,1,Phú Thọ
10845,301,4561,105.278893,21.409097,11,0,1,Phú Thọ
10846,301,4562,105.22563,21.431358,1,60,1,Quảng Ninh
10847,301,4562,107.985713,21.617058,1,60,1,Quảng Ninh
10848,301,4563,105.111292,21.619946,2,0,1,Yên Bái
10849,301,4563,104.912198,21.705361,2,0,1,Yên Bái
10850,301,4564,105.961199,21.720967,1,60,1,Yên Bái
10851,301,4564,104.894079,21.721844,1,60,1,Yên Bái
10852,302,4565,106.189819,9.381931,4,0,1,Kiên Giang
10853,302,4565,105.069569,9.621023,4,0,1,Kiên Giang
10854,302,4566,106.734653,10.054993,1,70,1,Bến Tre
10855,302,4566,106.733288,10.056797,1,70,1,Bến Tre
10856,302,4566,106.727462,10.059463,1,70,1,Bến Tre
10857,302,4567,106.002877,10.13823,4,0,1,Kiên Giang
10858,302,4567,104.879631,10.218804,4,0,1,Kiên Giang
10859,302,4568,105.471041,10.259198,4,0,1,An Giang
10860,302,4568,104.471998,10.411894,4,0,1,An Giang
10861,302,4569,105.48752,10.803675,4,0,1,Đồng Tháp
10862,302,4569,105.698097,10.841111,4,0,1,Đồng Tháp
10863,302,4569,105.727375,10.890266,4,0,1,Đồng Tháp
10864,302,4570,107.896981,14.122594,2,0,1,Kon Tum
10865,302,4570,107.805996,14.397205,2,0,1,Kon Tum
10866,302,4571,107.509451,15.447814,4,0,1,Quảng Nam
10867,302,4571,107.506657,15.460238,4,0,1,Quảng Nam
10868,302,4572,107.646982,15.486999,4,0,1,Quảng Nam
10869,302,4572,107.483378,15.619595,4,0,1,Quảng Nam
10870,302,4572,107.607324,15.532558,4,0,1,Quảng Nam
10871,302,4573,105.333707,18.06879,1,60,1,Hà Tĩnh
10872,302,4573,105.01846,18.19922,1,60,1,Hà Tĩnh
10873,302,4574,106.848055,18.319432,4,0,1,Hà Tĩnh
10874,302,4574,106.704442,18.54877,4,0,1,Hà Tĩnh
10875,302,4575,106.248836,20.51832,4,0,1,Hòa Bình
10876,302,4575,105.296499,20.723091,4,0,1,Hòa Bình
10877,302,4576,105.809422,21.023633,2,0,1,Sơn La
10878,302,4576,104.319595,21.048572,2,0,1,Sơn La
10879,302,4577,106.741238,21.223076,1,90,1,Hải Phòng
10880,302,4577,106.748849,21.234346,1,90,1,Hải Phòng
10881,302,4578,103.909084,21.327599,4,0,1,Bắc Giang
10882,302,4578,106.313233,21.353072,4,0,1,Bắc Giang
10883,302,4578,105.045458,21.354839,4,0,1,Bắc Giang
10884,302,4579,105.224537,21.432639,1,80,1,Lạng Sơn
10885,302,4579,106.564742,21.641929,1,80,1,Lạng Sơn
10886,302,4580,105.576547,21.975924,1,60,1,Tuyên Quang
10887,302,4580,105.557226,21.983924,1,60,1,Tuyên Quang
10888,303,4581,106.355081,9.686149,2,0,1,Hậu Giang
10889,303,4581,105.462084,9.999718,2,0,1,Hậu Giang
10890,303,4582,104.993217,10.144464,4,0,1,Kiên Giang
10891,303,4582,104.989482,10.145913,4,0,1,Kiên Giang
10892,303,4582,104.985824,10.148526,4,0,1,Kiên Giang
10893,303,4582,104.979699,10.16337,4,0,1,Kiên Giang
10894,303,4582,104.974817,10.165625,4,0,1,Kiên Giang
10895,303,4582,104.950335,10.155019,4,0,1,Kiên Giang
10896,303,4582,104.968114,10.157462,4,0,1,Kiên Giang
10897,303,4582,104.963388,10.170407,4,0,1,Kiên Giang
10898,303,4583,104.863221,10.235005,4,0,1,Kiên Giang
10899,303,4583,105.598731,10.246115,4,0,1,Kiên Giang
10900,303,4583,104.823061,10.266555,4,0,1,Kiên Giang
10901,303,4583,104.820204,10.267662,4,0,1,Kiên Giang
10902,303,4583,104.803114,10.25881,4,0,1,Kiên Giang
10903,303,4583,105.366934,10.38636,4,0,1,Kiên Giang
10904,303,4584,105.489741,10.802177,2,0,1,Đồng Tháp
10905,303,4584,105.456712,10.818175,2,0,1,Đồng Tháp
10906,303,4585,105.623501,10.947739,1,80,1,Đồng Tháp
10907,303,4585,105.611665,10.966936,1,80,1,Đồng Tháp
10908,303,4586,107.810193,11.64311,4,0,1,Khánh Hòa
10909,303,4586,109.125793,12.475437,4,0,1,Khánh Hòa
10910,303,4587,108.787538,16.083101,1,50,1,Đà Nẵng
10911,303,4587,108.781047,16.087479,1,50,1,Đà Nẵng
10912,303,4588,108.25795,16.871526,4,0,1,Quảng Nam
10913,303,4588,108.150902,15.051691,4,0,1,Quảng Nam
10914,303,4589,107.91548,15.277603,1,50,1,Quảng Nam
10915,303,4589,107.911111,15.281222,1,50,1,Quảng Nam
10916,303,4590,105.770623,17.135477,1,80,1,Quảng Bình
10917,303,4590,105.829234,17.249006,1,80,1,Quảng Bình
10918,303,4591,105.665931,17.428714,1,70,1,Hà Tĩnh
10919,303,4591,105.472086,17.991142,1,70,1,Hà Tĩnh
10920,303,4592,106.8701,18.304802,4,0,1,Quảng Bình
10921,303,4592,106.852869,18.309547,4,0,1,Quảng Bình
10922,303,4593,105.025553,21.255447,4,0,1,Bắc Giang
10923,303,4593,106.515805,21.307271,4,0,1,Bắc Giang
10924,303,4594,105.027599,21.31969,2,0,1,Bắc Giang
10925,303,4594,106.623705,21.325788,2,0,1,Bắc Giang
10926,303,4595,106.976921,21.452746,4,0,1,Lạng Sơn
10927,303,4595,106.976661,21.453054,4,0,1,Lạng Sơn
10928,303,4596,106.951862,21.687351,2,0,1,Thái Nguyên
10929,303,4596,105.712008,21.931877,2,0,1,Thái Nguyên
10930,303,4597,103.545513,22.317259,1,80,1,Lao Cai
10931,303,4597,104.284656,22.348083,1,80,1,Lao Cai
10932,304,4598,104.847283,8.675372,1,60,1,Bạc Liêu
10933,304,4598,105.658611,8.552762,1,60,1,Bạc Liêu
10934,304,4598,106.13879,9.315664,1,60,1,Bạc Liêu
10935,304,4599,104.973702,10.167221,4,0,1,Đồng Tháp
10936,304,4599,105.526244,10.202784,4,0,1,Đồng Tháp
10937,304,4599,105.520814,10.20683,4,0,1,Đồng Tháp
10938,304,4599,104.492464,10.357109,4,0,1,Đồng Tháp
10939,304,4599,105.375001,10.373057,4,0,1,Đồng Tháp
10940,304,4600,107.941135,10.722826,4,0,1,Đồng Nai
10941,304,4600,107.420239,10.917524,4,0,1,Đồng Nai
10942,304,4601,105.620958,10.94963,1,80,1,Đồng Tháp
10943,304,4601,105.619078,10.960808,1,80,1,Đồng Tháp
10944,304,4601,105.617811,10.961574,1,80,1,Đồng Tháp
10945,304,4601,105.616642,10.963216,1,80,1,Đồng Tháp
10946,304,4601,105.613703,10.964475,1,80,1,Đồng Tháp
10947,304,4602,108.65965,12.108863,4,0,1,Khánh Hòa
10948,304,4602,109.195368,12.156306,4,0,1,Khánh Hòa
10949,304,4603,109.022858,13.868363,4,0,1,Bình Định
10950,304,4603,109.015449,13.852551,4,0,1,Bình Định
10951,304,4603,109.013193,13.854912,4,0,1,Bình Định
10952,304,4603,108.99835,13.876735,4,0,1,Bình Định
10953,304,4604,108.739152,13.972286,1,60,1,Đà Nẵng
10954,304,4604,108.719998,16.202935,1,60,1,Đà Nẵng
10955,304,4605,108.358499,16.886845,4,0,1,Đà Nẵng
10956,304,4605,108.355009,16.88762,4,0,1,Đà Nẵng
10957,304,4606,107.647469,15.416981,1,50,1,Quảng Trị
10958,304,4606,105.818291,15.563204,1,50,1,Quảng Trị
10959,304,4607,105.767981,17.147164,1,80,1,Quảng Bình
10960,304,4607,105.85658,17.204544,1,80,1,Quảng Bình
10961,304,4608,104.946944,20.255561,2,0,1,Hòa Bình
10962,304,4608,104.935904,20.359348,2,0,1,Hòa Bình
10963,304,4609,105.285197,20.41515,1,90,1,Hòa Bình
10964,304,4609,105.278405,20.421656,1,90,1,Hòa Bình
10965,304,4610,105.65674,20.647432,4,0,1,Hải Phòng
10966,304,4610,106.848283,20.502142,4,0,1,Hải Phòng
10967,304,4610,106.693087,20.507878,4,0,1,Hải Phòng
10968,304,4611,106.557797,21.283707,4,0,1,Bắc Giang
10969,304,4611,103.93271,21.306517,4,0,1,Bắc Giang
10970,304,4611,105.045006,21.306948,4,0,1,Bắc Giang
10971,304,4611,106.378198,21.312939,4,0,1,Bắc Giang
10972,304,4611,105.030119,21.317977,4,0,1,Bắc Giang
10973,304,4611,105.021298,21.323964,4,0,1,Bắc Giang
10974,304,4611,103.905502,21.33306,4,0,1,Bắc Giang
10975,304,4612,106.31117,21.354497,4,0,1,Phú Thọ
10976,304,4612,105.208642,21.440923,4,0,1,Phú Thọ
10977,304,4613,106.881976,22.397521,1,80,1,Lao Cai
10978,304,4613,104.145589,22.463806,1,80,1,Lao Cai
10979,305,4614,106.124912,9.210155,1,50,1,Trà Vinh
10980,305,4614,106.730422,9.420492,1,50,1,Trà Vinh
10981,305,4615,106.004554,10.137033,4,0,1,Bến Tre
10982,305,4615,106.780492,10.280201,4,0,1,Bến Tre
10983,305,4615,106.487383,10.313993,4,0,1,Bến Tre
10984,305,4615,106.431463,10.388719,4,0,1,Bến Tre
10985,305,4616,106.65071,10.616701,1,80,1,Bà Rịa - Vũng Tàu
10986,305,4616,107.187271,10.63837,1,80,1,Bà Rịa - Vũng Tàu
10987,305,4616,105.427991,10.664758,1,80,1,Bà Rịa - Vũng Tàu
10988,305,4617,106.44546,10.674193,4,0,1,Đồng Tháp
10989,305,4617,105.617742,10.691764,4,0,1,Đồng Tháp
10990,305,4618,107.171985,10.994867,1,50,1,Đồng Nai
10991,305,4618,107.171676,10.996212,1,50,1,Đồng Nai
10992,305,4618,105.544501,11.00771,1,50,1,Đồng Nai
10993,305,4619,105.902608,11.021769,1,60,1,Tây Ninh
10994,305,4619,105.85961,11.023682,1,60,1,Tây Ninh
10995,305,4620,108.869595,14.964138,4,0,1,Quảng Ngãi
10996,305,4620,108.880917,14.997643,4,0,1,Quảng Ngãi
10997,305,4621,108.774028,16.092174,1,50,1,Đà Nẵng
10998,305,4621,108.875959,16.267538,1,50,1,Đà Nẵng
10999,305,4621,108.555017,16.426857,1,50,1,Đà Nẵng
11000,305,4622,107.130068,15.796991,2,0,1,Quảng Bình
11001,305,4622,105.864581,17.212359,2,0,1,Quảng Bình
11002,305,4623,106.97234,18.270461,4,0,1,Quảng Bình
11003,305,4623,106.815964,18.339163,4,0,1,Quảng Bình
11004,305,4624,105.086016,20.158994,1,50,1,Hòa Bình
11005,305,4624,105.276058,20.423856,1,50,1,Hòa Bình
11006,305,4625,104.591597,20.462862,2,0,1,Hòa Bình
11007,305,4625,105.261973,20.670574,2,0,1,Hòa Bình
11008,305,4625,106.889471,20.674607,2,0,1,Hòa Bình
11009,305,4626,107.11074,20.943523,4,0,1,Hải Phòng
11010,305,4626,106.848207,20.95595,4,0,1,Hải Phòng
11011,305,4627,105.339912,20.996968,4,0,1,Hải Dương
11012,305,4627,105.888035,20.998587,4,0,1,Hải Dương
11013,305,4627,106.513116,21.01747,4,0,1,Hải Dương
11014,305,4627,105.737027,21.035712,4,0,1,Hải Dương
11015,305,4628,107.405627,21.332229,2,0,1,Quảng Ninh
11016,305,4628,106.997363,21.342027,2,0,1,Quảng Ninh
11017,305,4628,107.40208,21.620522,2,0,1,Quảng Ninh
11018,305,4629,104.887722,21.711117,4,0,1,Thái Nguyên
11019,305,4629,105.766608,21.851284,4,0,1,Thái Nguyên
11020,305,4630,104.048198,22.016251,1,80,1,Yên Bái
11021,305,4630,104.63155,22.204803,1,80,1,Yên Bái
11022,305,4631,104.213082,22.285893,4,0,1,Lao Cai
11023,305,4631,104.212304,22.287449,4,0,1,Lao Cai
11024,306,4632,106.912612,9.97181,4,0,1,Bến Tre
11025,306,4632,106.742152,10.080433,4,0,1,Bến Tre
11026,306,4632,106.729531,10.08912,4,0,1,Bến Tre
11027,306,4633,105.536245,10.196845,4,0,1,Bến Tre
11028,306,4633,106.492785,10.310021,4,0,1,Bến Tre
11029,306,4634,106.549882,10.476465,1,50,1,An Giang
11030,306,4634,105.367201,10.639891,1,50,1,An Giang
11031,306,4635,105.376511,10.649102,4,0,1,Đồng Tháp
11032,306,4635,105.432378,10.661655,4,0,1,Đồng Tháp
11033,306,4636,107.853766,11.522468,2,0,1,Tây Ninh
11034,306,4636,105.189618,11.712617,2,0,1,Tây Ninh
11035,306,4637,107.589277,15.335345,1,60,1,Quảng Nam
11036,306,4637,107.710073,15.383796,1,60,1,Quảng Nam
11037,306,4638,105.174182,18.13792,4,0,1,Hà Tĩnh
11038,306,4638,105.150755,18.161425,4,0,1,Hà Tĩnh
11039,306,4638,105.00234,18.210584,4,0,1,Hà Tĩnh
11040,306,4639,106.927621,18.396258,4,0,1,Hà Tĩnh
11041,306,4639,106.596075,18.461266,4,0,1,Hà Tĩnh
11042,306,4640,106.701981,19.259516,1,80,1,Thanh Hóa
11043,306,4640,106.153729,19.661033,1,80,1,Thanh Hóa
11044,306,4641,104.535695,21.902982,1,60,1,Lao Cai
11045,306,4641,104.082373,22.32979,1,60,1,Lao Cai
11046,306,4642,104.202287,22.408502,1,80,1,Lao Cai
11047,306,4642,104.107143,22.490423,1,80,1,Lao Cai
11048,307,4643,106.162787,9.178381,4,0,1,Bạc Liêu
11049,307,4643,106.15115,9.198111,4,0,1,Bạc Liêu
11050,307,4644,106.574371,9.622294,2,0,1,Kiên Giang
11051,307,4644,105.204083,9.98084,2,0,1,Kiên Giang
11052,307,4645,105.630792,10.077872,4,0,1,Cần Thơ
11053,307,4645,105.617128,10.088126,4,0,1,Cần Thơ
11054,307,4645,105.454859,10.133448,4,0,1,Cần Thơ
11055,307,4646,104.814674,10.251026,4,0,1,Bến Tre
11056,307,4646,106.799139,10.335491,4,0,1,Bến Tre
11057,307,4647,107.236637,10.473434,1,50,1,Đồng Tháp
11058,307,4647,105.525191,10.668418,1,50,1,Đồng Tháp
11059,307,4648,107.129072,10.539844,2,0,1,Bà Rịa - Vũng Tàu
11060,307,4648,107.619912,10.589772,2,0,1,Bà Rịa - Vũng Tàu
11061,307,4649,107.617318,11.392882,4,0,1,Ninh Thuận
11062,307,4649,108.924579,11.512286,4,0,1,Ninh Thuận
11063,307,4650,109.174687,13.322791,4,0,1,Bình Định
11064,307,4650,108.446355,13.67455,4,0,1,Bình Định
11065,307,4650,109.192502,13.822695,4,0,1,Bình Định
11066,307,4650,109.139627,13.8693,4,0,1,Bình Định
11067,307,4651,108.61534,16.682914,1,50,1,Đà Nẵng
11068,307,4651,108.603921,16.692652,1,50,1,Đà Nẵng
11069,307,4652,105.780009,17.127442,4,0,1,Hà Tĩnh
11070,307,4652,105.239149,18.095559,4,0,1,Hà Tĩnh
11071,307,4653,106.724873,18.60852,4,0,1,Hà Tĩnh
11072,307,4653,106.838069,18.656702,4,0,1,Hà Tĩnh
11073,307,4654,106.364943,18.87253,1,50,1,Nghệ An
11074,307,4654,104.959792,19.026394,1,50,1,Nghệ An
11075,307,4655,106.576808,19.106692,4,0,1,Hòa Bình
11076,307,4655,105.013697,20.238935,4,0,1,Hòa Bình
11077,307,4656,105.322861,20.562912,2,0,1,Hải Phòng
11078,307,4656,106.756322,20.576575,2,0,1,Hải Phòng
11079,307,4657,105.208248,20.849059,1,60,1,Hòa Bình
11080,307,4657,104.692356,20.857182,1,60,1,Hòa Bình
11081,307,4658,106.966283,21.008981,2,0,1,Hải Dương
11082,307,4658,106.522049,21.01056,2,0,1,Hải Dương
11083,307,4659,106.503585,21.024543,4,0,1,Phú Thọ
11084,307,4659,105.05367,21.147541,4,0,1,Phú Thọ
11085,307,4660,104.115743,22.311568,1,60,1,Lao Cai
11086,307,4660,104.118331,22.342077,1,60,1,Lao Cai
11087,308,4661,105.622503,10.084101,4,0,1,Bến Tre
11088,308,4661,106.761019,10.103863,4,0,1,Bến Tre
11089,308,4662,105.474671,10.255554,4,0,1,Long An
11090,308,4662,107.097924,10.369858,4,0,1,Long An
11091,308,4662,106.741249,10.384654,4,0,1,Long An
11092,308,4662,106.73601,10.389643,4,0,1,Long An
11093,308,4662,106.732444,10.391534,4,0,1,Long An
11094,308,4662,104.457591,10.416326,4,0,1,Long An
11095,308,4662,104.45204,10.419047,4,0,1,Long An
11096,308,4663,107.33713,10.948822,2,0,1,Tây Ninh
11097,308,4663,105.901736,11.022383,2,0,1,Tây Ninh
11098,308,4664,105.708237,11.213934,2,0,1,Tây Ninh
11099,308,4664,105.546842,11.254433,2,0,1,Tây Ninh
11100,308,4665,105.899435,11.672277,4,0,1,Bình Thuận
11101,308,4665,108.986979,11.672421,4,0,1,Bình Thuận
11102,308,4665,108.978647,11.688602,4,0,1,Bình Thuận
11103,308,4665,108.043495,11.503578,4,0,1,Bình Thuận
11104,308,4665,108.880573,11.539035,4,0,1,Bình Thuận
11105,308,4665,107.978541,11.581482,4,0,1,Bình Thuận
11106,308,4666,105.874742,11.727975,2,0,1,Khánh Hòa
11107,308,4666,109.0718,11.958606,2,0,1,Khánh Hòa
11108,308,4666,108.186727,12.405242,2,0,1,Khánh Hòa
11109,308,4667,109.146499,13.8621,4,0,1,Thừa Thiên Huế
11110,308,4667,108.316564,16.890169,4,0,1,Thừa Thiên Huế
11111,308,4668,107.814648,15.405316,4,0,1,Quảng Nam
11112,308,4668,107.579985,15.407063,4,0,1,Quảng Nam
11113,308,4668,107.534165,15.433394,4,0,1,Quảng Nam
11114,308,4669,107.414933,15.581011,2,0,1,Quảng Nam
11115,308,4669,107.261864,15.584294,2,0,1,Quảng Nam
11116,308,4670,107.036604,15.989953,1,50,1,Hà Tĩnh
11117,308,4670,105.561006,17.3886,1,50,1,Hà Tĩnh
11118,308,4670,105.693247,17.42451,1,50,1,Hà Tĩnh
11119,308,4671,105.135769,18.178674,4,0,1,Quảng Bình
11120,308,4671,106.970089,18.231706,4,0,1,Quảng Bình
11121,308,4671,106.900734,18.283453,4,0,1,Quảng Bình
11122,308,4672,106.586997,18.824603,1,80,1,Nghệ An
11123,308,4672,104.905203,19.040615,1,80,1,Nghệ An
11124,308,4673,106.544604,19.748412,2,0,1,Ninh Bình
11125,308,4673,106.035005,20.305924,2,0,1,Ninh Bình
11126,308,4673,106.830319,20.347267,2,0,1,Ninh Bình
11127,308,4674,105.239713,20.49659,4,0,1,Hòa Bình
11128,308,4674,105.232267,20.600883,4,0,1,Hòa Bình
11129,308,4674,105.227807,20.604443,4,0,1,Hòa Bình
11130,308,4675,105.021852,21.052559,1,80,1,Bắc Giang
11131,308,4675,106.660688,21.35167,1,80,1,Bắc Giang
11132,308,4676,104.102546,21.84258,1,60,1,Thái Nguyên
11133,308,4676,106.154465,21.862472,1,60,1,Thái Nguyên
11134,308,4677,104.741632,22.109627,1,80,1,Yên Bái
11135,308,4677,104.540124,22.132268,1,80,1,Yên Bái
11136,308,4677,104.440494,22.264621,1,80,1,Yên Bái
11137,308,4678,105.65277,22.499141,4,0,1,Cao Bằng
11138,308,4678,106.410553,23.153427,4,0,1,Cao Bằng
11139,309,4679,105.112271,9.937926,4,0,1,Kiên Giang
11140,309,4679,105.108845,9.940771,4,0,1,Kiên Giang
11141,309,4680,106.427555,10.096014,4,0,1,Bến Tre
11142,309,4680,106.017662,10.121265,4,0,1,Bến Tre
11143,309,4680,106.650754,10.15153,4,0,1,Bến Tre
11144,309,4680,106.770276,10.29007,4,0,1,Bến Tre
11145,309,4681,106.746453,10.381165,4,0,1,Long An
11146,309,4681,107.260095,10.383222,4,0,1,Long An
11147,309,4681,106.66249,10.429411,4,0,1,Long An
11148,309,4681,106.662309,10.429528,4,0,1,Long An
11149,309,4682,107.191673,10.636237,1,50,1,Bà Rịa - Vũng Tàu
11150,309,4682,107.392494,10.750333,1,50,1,Bà Rịa - Vũng Tàu
11151,309,4682,107.083654,10.834854,1,50,1,Bà Rịa - Vũng Tàu
11152,309,4683,105.582784,11.234391,1,60,1,Tây Ninh
11153,309,4683,105.820794,11.239827,1,60,1,Tây Ninh
11154,309,4683,105.813017,11.245241,1,60,1,Tây Ninh
11155,309,4683,105.568587,11.264129,1,60,1,Tây Ninh
11156,309,4683,105.535483,11.271982,1,60,1,Tây Ninh
11157,309,4683,105.497693,11.453248,1,60,1,Tây Ninh
11158,309,4684,108.790306,12.234578,1,60,1,Phú Yên
11159,309,4684,109.187635,13.476571,1,60,1,Phú Yên
11160,309,4685,108.430664,14.56685,1,50,1,Đà Nẵng
11161,309,4685,108.77161,16.094155,1,50,1,Đà Nẵng
11162,309,4686,108.494901,16.53714,1,70,1,Đà Nẵng
11163,309,4686,108.437298,16.593014,1,70,1,Đà Nẵng
11164,309,4687,107.586927,15.4022,4,0,1,Quảng Nam
11165,309,4687,107.379765,15.670535,4,0,1,Quảng Nam
11166,309,4688,106.383985,19.321208,4,0,1,Thái Bình
11167,309,4688,106.796894,19.793055,4,0,1,Thái Bình
11168,309,4689,104.880384,20.410949,2,0,1,Hòa Bình
11169,309,4689,105.137861,20.4375,2,0,1,Hòa Bình
11170,309,4690,106.820416,20.538429,1,80,1,Hòa Bình
11171,309,4690,105.48043,20.539019,1,80,1,Hòa Bình
11172,309,4691,105.227566,21.327323,1,60,1,Bắc Giang
11173,309,4691,106.663617,21.369273,1,60,1,Bắc Giang
11174,309,4691,106.079227,21.410738,1,60,1,Bắc Giang
11175,309,4692,106.770949,21.535525,1,80,1,Điện Biên
11176,309,4692,103.434006,21.568458,1,80,1,Điện Biên
11177,310,4693,106.748102,10.03392,4,0,1,Bến Tre
11178,310,4693,106.744991,10.035517,4,0,1,Bến Tre
11179,310,4693,105.622601,10.084157,4,0,1,Bến Tre
11180,310,4694,105.784667,10.751946,4,0,1,Đồng Tháp
11181,310,4694,105.772218,10.772459,4,0,1,Đồng Tháp
11182,310,4695,108.057503,10.949872,2,0,1,Tây Ninh
11183,310,4695,105.871314,10.96135,2,0,1,Tây Ninh
11184,310,4696,107.658512,12.389362,1,50,1,Đắk Lắk
11185,310,4696,107.988465,12.682372,1,50,1,Đắk Lắk
11186,310,4697,107.98692,12.684492,1,80,1,Đắk Lắk
11187,310,4697,107.868732,12.843798,1,80,1,Đắk Lắk
11188,310,4698,109.320471,12.971047,4,0,1,Phú Yên
11189,310,4698,109.305798,12.982859,4,0,1,Phú Yên
11190,310,4699,107.250199,15.246276,4,0,1,Quảng Nam
11191,310,4699,107.816846,15.290401,4,0,1,Quảng Nam
11192,310,4699,107.694046,15.392759,4,0,1,Quảng Nam
11193,310,4699,107.67022,15.451296,4,0,1,Quảng Nam
11194,310,4699,107.661087,15.607952,4,0,1,Quảng Nam
11195,310,4699,107.324829,15.506104,4,0,1,Quảng Nam
11196,310,4699,107.304725,15.743701,4,0,1,Quảng Nam
11197,310,4700,105.660354,17.433788,1,90,1,Hà Tĩnh
11198,310,4700,105.660095,17.43404,1,90,1,Hà Tĩnh
11199,310,4701,105.045229,18.29572,4,0,1,Quảng Bình
11200,310,4701,106.922828,18.310783,4,0,1,Quảng Bình
11201,310,4702,106.896733,18.338452,4,0,1,Quảng Bình
11202,310,4702,106.846325,18.386184,4,0,1,Quảng Bình
11203,310,4702,106.844905,18.386499,4,0,1,Quảng Bình
11204,310,4703,106.723518,18.427724,4,0,1,Hà Tĩnh
11205,310,4703,106.710101,18.440388,4,0,1,Hà Tĩnh
11206,310,4704,106.633242,19.814522,2,0,1,Thái Bình
11207,310,4704,106.513426,19.878486,2,0,1,Thái Bình
11208,310,4705,105.669766,20.784005,1,60,1,Hưng Yên
11209,310,4705,105.900633,20.800631,1,60,1,Hưng Yên
11210,310,4706,105.588551,20.826543,1,60,1,Hòa Bình
11211,310,4706,105.472121,20.841715,1,60,1,Hòa Bình
11212,310,4707,105.377694,20.958805,2,0,1,Hải Phòng
11213,310,4707,106.903989,21.08205,2,0,1,Hải Phòng
11214,310,4708,106.30923,21.248515,1,80,1,Bắc Giang
11215,310,4708,106.745036,21.24917,1,80,1,Bắc Giang
11216,310,4708,106.443687,21.354532,1,80,1,Bắc Giang
11217,310,4708,106.077266,21.412399,1,80,1,Bắc Giang
11218,310,4709,106.268488,21.793991,1,50,1,Thái Nguyên
11219,310,4709,106.193318,21.827507,1,50,1,Thái Nguyên
11220,310,4710,106.190896,21.829579,1,50,1,Thái Nguyên
11221,310,4710,106.189554,21.830761,1,50,1,Thái Nguyên
11222,310,4710,106.187931,21.832209,1,50,1,Thái Nguyên
11223,310,4710,106.179023,21.839934,1,50,1,Thái Nguyên
11224,310,4710,106.176824,21.842724,1,50,1,Thái Nguyên
11225,310,4710,106.17471,21.843704,1,50,1,Thái Nguyên
11226,310,4711,106.172705,21.84635,1,60,1,Thái Nguyên
11227,310,4711,106.17002,21.847595,1,60,1,Thái Nguyên
11228,310,4711,106.157668,21.849832,1,60,1,Thái Nguyên
11229,310,4711,106.169466,21.865589,1,60,1,Thái Nguyên
11230,310,4712,102.691437,22.108734,2,0,1,Lai Châu
11231,310,4712,102.657476,22.166545,2,0,1,Lai Châu
11232,310,4713,106.210657,22.192035,2,0,1,Lai Châu
11233,310,4713,103.463332,22.235865,2,0,1,Lai Châu
11234,311,4714,106.741153,9.29297,4,0,1,Trà Vinh
11235,311,4714,106.672641,9.740258,4,0,1,Trà Vinh
11236,311,4715,105.567163,10.437552,4,0,1,Đồng Tháp
11237,311,4715,105.565499,10.438231,4,0,1,Đồng Tháp
11238,311,4716,105.957653,10.762053,11,0,1,Đồng Tháp
11239,311,4716,105.783621,10.752828,11,0,1,Đồng Tháp
11240,311,4716,105.78131,10.754775,11,0,1,Đồng Tháp
11241,311,4717,105.700538,10.911237,4,0,1,Đồng Tháp
11242,311,4717,105.717649,10.957709,4,0,1,Đồng Tháp
11243,311,4718,105.481547,10.971387,11,0,1,An Giang
11244,311,4718,105.414613,11.011925,11,0,1,An Giang
11245,311,4719,105.89849,11.047915,1,80,1,Tây Ninh
11246,311,4719,105.898445,11.047965,1,80,1,Tây Ninh
11247,311,4720,108.989788,11.655909,4,0,1,Đắk Nông
11248,311,4720,107.356641,11.680398,4,0,1,Đắk Nông
11249,311,4720,107.35353,11.68206,4,0,1,Đắk Nông
11250,311,4721,107.884043,12.583741,2,0,1,Phú Yên
11251,311,4721,108.746993,12.744673,2,0,1,Phú Yên
11252,311,4721,107.909727,12.799687,2,0,1,Phú Yên
11253,311,4722,107.107158,15.818023,11,0,1,Thừa Thiên Huế
11254,311,4722,107.106953,15.819106,11,0,1,Thừa Thiên Huế
11255,311,4723,105.761679,17.162028,4,0,1,Hà Tĩnh
11256,311,4723,105.546237,17.393372,4,0,1,Hà Tĩnh
11257,311,4724,106.011594,19.502169,4,0,1,Thái Bình
11258,311,4724,106.790767,19.77084,4,0,1,Thái Bình
11259,311,4725,106.790211,19.771307,11,0,1,Thái Bình
11260,311,4725,106.782967,19.777762,11,0,1,Thái Bình
11261,311,4726,104.871954,20.419407,2,0,1,Hải Dương
11262,311,4726,106.447707,20.73795,2,0,1,Hải Dương
11263,311,4727,105.017965,20.817601,4,0,1,Hòa Bình
11264,311,4727,105.595471,20.81774,4,0,1,Hòa Bình
11265,311,4728,105.184025,20.883794,1,80,1,Hà Nội
11266,311,4728,105.671624,20.909658,1,80,1,Hà Nội
11267,311,4729,106.440508,21.186162,2,0,1,Phú Thọ
11268,311,4729,105.148258,21.2107,2,0,1,Phú Thọ
11269,311,4730,104.008342,21.246528,1,80,1,Vĩnh Phúc
11270,311,4730,105.750478,21.269412,1,80,1,Vĩnh Phúc
11271,311,4731,105.116322,21.25183,4,0,1,Sơn La
11272,311,4731,103.991999,21.256022,4,0,1,Sơn La
11273,311,4732,106.442394,21.303536,4,0,1,Bắc Giang
11274,311,4732,106.392958,21.308724,4,0,1,Bắc Giang
11275,311,4733,106.722374,21.481828,2,0,1,Lạng Sơn
11276,311,4733,106.566304,21.535319,2,0,1,Lạng Sơn
11277,311,4734,104.961275,21.733639,1,60,1,Thái Nguyên
11278,311,4734,106.066826,21.744799,1,60,1,Thái Nguyên
11279,311,4735,106.197978,21.823498,1,50,1,Thái Nguyên
11280,311,4735,106.195349,21.824961,1,50,1,Thái Nguyên
11281,311,4735,106.196342,21.826847,1,50,1,Thái Nguyên
11282,311,4735,106.182098,21.837257,1,50,1,Thái Nguyên
11283,311,4736,104.026541,22.42574,4,0,1,Lao Cai
11284,311,4736,104.00346,22.445267,4,0,1,Lao Cai
11285,312,4737,106.238692,9.81523,4,0,1,Trà Vinh
11286,312,4737,106.314317,9.910529,4,0,1,Trà Vinh
11287,312,4738,106.678524,10.146173,4,0,1,Bến Tre
11288,312,4738,106.672359,10.16098,4,0,1,Bến Tre
11289,312,4739,106.142627,10.593137,4,0,1,Đồng Tháp
11290,312,4739,105.797962,10.869554,4,0,1,Đồng Tháp
11291,312,4740,105.751208,11.031708,1,60,1,An Giang
11292,312,4740,105.343937,11.042648,1,60,1,An Giang
11293,312,4740,107.02734,11.045084,1,60,1,An Giang
11294,312,4741,108.723435,11.234991,1,50,1,Tây Ninh
11295,312,4741,105.481564,11.241781,1,50,1,Tây Ninh
11296,312,4742,107.997121,14.356638,4,0,1,Đà Nẵng
11297,312,4742,108.536906,16.405341,4,0,1,Đà Nẵng
11298,312,4743,108.586709,16.432878,1,50,1,Đà Nẵng
11299,312,4743,108.510304,16.459512,1,50,1,Đà Nẵng
11300,312,4744,105.109289,21.015861,2,0,1,Phú Thọ
11301,312,4744,105.157585,21.147688,2,0,1,Phú Thọ
11302,312,4745,106.728141,21.178394,4,0,1,Hải Phòng
11303,312,4745,106.719704,21.179602,4,0,1,Hải Phòng
11304,312,4745,106.715768,21.182211,4,0,1,Hải Phòng
11305,312,4745,106.715411,21.182623,4,0,1,Hải Phòng
11306,312,4746,106.414301,21.316386,4,0,1,Quảng Ninh
11307,312,4746,107.405829,21.332024,4,0,1,Quảng Ninh
11308,312,4747,103.77885,21.377494,1,60,1,Quảng Ninh
11309,312,4747,107.708564,21.466048,1,60,1,Quảng Ninh
11310,312,4748,105.349206,21.601003,4,0,1,Lạng Sơn
11311,312,4748,106.595931,21.688619,4,0,1,Lạng Sơn
11312,312,4748,106.187011,21.521896,4,0,1,Lạng Sơn
11313,312,4749,102.939126,21.825674,1,60,1,Thái Nguyên
11314,312,4749,105.791668,21.863888,1,60,1,Thái Nguyên
11315,312,4749,105.791476,21.863956,1,60,1,Thái Nguyên
11316,312,4750,104.000974,22.44226,4,0,1,Hà Giang
11317,312,4750,104.979246,22.802089,4,0,1,Hà Giang
11318,313,4751,106.485656,9.213991,4,0,1,Trà Vinh
11319,313,4751,106.230836,9.868934,4,0,1,Trà Vinh
11320,313,4752,106.50491,10.122374,4,0,1,Bến Tre
11321,313,4752,106.699999,10.127002,4,0,1,Bến Tre
11322,313,4752,106.659939,10.163251,4,0,1,Bến Tre
11323,313,4752,106.658273,10.164774,4,0,1,Bến Tre
11324,313,4753,106.706687,10.325752,2,0,1,Bến Tre
11325,313,4753,106.520823,10.333279,2,0,1,Bến Tre
11326,313,4754,108.934743,10.613564,2,0,1,Bà Rịa - Vũng Tàu
11327,313,4754,107.212037,10.657989,2,0,1,Bà Rịa - Vũng Tàu
11328,313,4755,106.550557,10.839723,1,50,1,Đồng Tháp
11329,313,4755,105.81033,10.840231,1,50,1,Đồng Tháp
11330,313,4755,105.800469,10.849557,1,50,1,Đồng Tháp
11331,313,4756,105.798168,10.861869,4,0,1,Đồng Tháp
11332,313,4756,105.797934,10.862105,4,0,1,Đồng Tháp
11333,313,4757,109.058669,11.54968,2,0,1,Khánh Hòa
11334,313,4757,108.950012,12.002271,2,0,1,Khánh Hòa
11335,313,4758,109.034512,13.478858,2,0,1,Gia Lai
11336,313,4758,107.702975,13.792249,2,0,1,Gia Lai
11337,313,4759,107.743823,14.573045,1,50,1,Kon Tum
11338,313,4759,107.736202,14.575614,1,50,1,Kon Tum
11339,313,4760,105.65777,17.623075,4,0,1,Quảng Bình
11340,313,4760,106.969907,18.240767,4,0,1,Quảng Bình
11341,313,4761,106.947084,18.262962,4,0,1,Hà Tĩnh
11342,313,4761,106.491401,18.388608,4,0,1,Hà Tĩnh
11343,313,4762,106.766879,18.594737,1,80,1,Hà Tĩnh
11344,313,4762,106.591895,18.817412,1,80,1,Hà Tĩnh
11345,313,4763,106.749629,19.756712,4,0,1,Thái Bình
11346,313,4763,106.736178,19.779625,4,0,1,Thái Bình
11347,313,4763,106.803566,19.785554,4,0,1,Thái Bình
11348,313,4764,106.855801,21.087986,1,50,1,Hải Phòng
11349,313,4764,106.851229,21.094024,1,50,1,Hải Phòng
11350,313,4765,106.171017,21.309369,1,60,1,Bắc Giang
11351,313,4765,106.414073,21.316655,1,60,1,Bắc Giang
11352,313,4766,104.027867,22.424778,4,0,1,Lao Cai
11353,313,4766,103.975156,22.480418,4,0,1,Lao Cai
11354,314,4767,106.777019,10.288276,2,0,1,Bến Tre
11355,314,4767,106.615723,10.288565,2,0,1,Bến Tre
11356,314,4768,106.642108,10.634973,4,0,1,Long An
11357,314,4768,106.240076,10.672125,4,0,1,Long An
11358,314,4769,106.150404,10.576862,4,0,1,Long An
11359,314,4769,106.163007,10.582972,4,0,1,Long An
11360,314,4769,106.160228,10.586555,4,0,1,Long An
11361,314,4770,106.144601,10.591244,4,0,1,Long An
11362,314,4770,106.143726,10.592001,4,0,1,Long An
11363,314,4770,106.141755,10.593853,4,0,1,Long An
11364,314,4770,106.140876,10.594733,4,0,1,Long An
11365,314,4770,106.132798,10.702642,4,0,1,Long An
11366,314,4770,106.207643,10.783517,4,0,1,Long An
11367,314,4770,106.238123,10.822675,4,0,1,Long An
11368,314,4771,105.701686,10.966889,11,0,1,Đồng Tháp
11369,314,4771,105.60787,10.98064,11,0,1,Đồng Tháp
11370,314,4772,107.073973,11.044522,11,0,1,Đồng Nai
11371,314,4772,107.073767,11.044825,11,0,1,Đồng Nai
11372,314,4773,105.184664,11.305407,2,0,1,Lâm Đồng
11373,314,4773,108.448695,11.771228,2,0,1,Lâm Đồng
11374,314,4774,108.685568,16.636449,1,50,1,Đà Nẵng
11375,314,4774,108.679436,16.642757,1,50,1,Đà Nẵng
11376,314,4775,106.224782,18.783532,1,80,1,Thanh Hóa
11377,314,4775,106.605535,19.263487,1,80,1,Thanh Hóa
11378,314,4776,106.439965,19.458112,4,0,1,Nghệ An
11379,314,4776,106.551597,19.95294,4,0,1,Nghệ An
11380,314,4776,105.075302,20.055639,4,0,1,Nghệ An
11381,314,4776,106.263353,20.164458,4,0,1,Nghệ An
11382,314,4777,105.203531,20.370201,1,50,1,Hòa Bình
11383,314,4777,105.202462,20.371376,1,50,1,Hòa Bình
11384,314,4778,106.840717,20.68903,2,0,1,Hải Phòng
11385,314,4778,106.899599,20.513201,2,0,1,Hải Phòng
11386,314,4779,106.684545,20.517409,4,0,1,Hòa Bình
11387,314,4779,105.359541,20.772322,4,0,1,Hòa Bình
11388,314,4780,103.980347,21.276384,4,0,1,Bắc Giang
11389,314,4780,106.527046,21.368039,4,0,1,Bắc Giang
11390,314,4781,105.133909,21.471853,2,0,1,Bắc Giang
11391,314,4781,106.495499,21.492798,2,0,1,Bắc Giang
11392,314,4782,104.017559,22.421191,4,0,1,Lao Cai
11393,314,4782,103.976887,22.48053,4,0,1,Lao Cai
11394,315,4783,106.527769,9.732616,4,0,1,Trà Vinh
11395,315,4783,106.472385,9.798719,4,0,1,Trà Vinh
11396,315,4784,105.424865,10.490666,4,0,1,Long An
11397,315,4784,106.31687,10.619822,4,0,1,Long An
11398,315,4784,106.226126,10.69638,4,0,1,Long An
11399,315,4784,105.460487,10.574823,4,0,1,Long An
11400,315,4785,105.793717,10.856264,4,0,1,Đồng Tháp
11401,315,4785,105.800094,10.909652,4,0,1,Đồng Tháp
11402,315,4786,105.11247,11.402996,11,0,1,An Giang
11403,315,4786,105.173739,11.414848,11,0,1,An Giang
11404,315,4787,107.652433,14.706547,1,90,1,Kon Tum
11405,315,4787,107.652352,14.70672,1,90,1,Kon Tum
11406,315,4788,107.419031,15.542503,4,0,1,Quảng Bình
11407,315,4788,105.910464,17.02217,4,0,1,Quảng Bình
11408,315,4789,106.392037,18.873636,1,80,1,Thanh Hóa
11409,315,4789,106.166775,19.322373,1,80,1,Thanh Hóa
11410,315,4790,105.257524,20.282598,1,50,1,Hòa Bình
11411,315,4790,105.250472,20.290313,1,50,1,Hòa Bình
11412,315,4791,105.328782,20.923758,4,0,1,Hòa Bình
11413,315,4791,105.017594,20.925873,4,0,1,Hòa Bình
11414,315,4792,105.085673,21.087249,2,0,1,Quảng Ninh
11415,315,4792,106.954619,21.100838,2,0,1,Quảng Ninh
11416,315,4793,105.459957,21.113678,1,60,1,Sơn La
11417,315,4793,104.151939,21.128506,1,60,1,Sơn La
11418,315,4793,105.081322,21.134952,1,60,1,Sơn La
11419,315,4794,105.122299,21.396979,4,0,1,Phú Thọ
11420,315,4794,105.116011,21.405292,4,0,1,Phú Thọ
11421,315,4795,106.112122,21.960787,4,0,1,Lao Cai
11422,315,4795,104.383878,22.139377,4,0,1,Lao Cai
11423,315,4796,104.490317,22.364084,1,60,1,Lao Cai
11424,315,4796,103.452721,22.396473,1,60,1,Lao Cai
11425,315,4796,104.270242,22.592686,1,60,1,Lao Cai
11426,315,4796,105.365347,22.716277,1,60,1,Lao Cai
11427,316,4797,106.755748,10.068768,4,0,1,Kiên Giang
11428,316,4797,105.135451,10.206028,4,0,1,Kiên Giang
11429,316,4798,108.426762,14.023964,1,80,1,Kon Tum
11430,316,4798,108.029972,14.375526,1,80,1,Kon Tum
11431,316,4799,107.360372,15.687824,4,0,1,Quảng Nam
11432,316,4799,107.345694,15.691521,4,0,1,Quảng Nam
11433,316,4800,105.444578,20.279609,2,0,1,Hòa Bình
11434,316,4800,105.363174,20.286577,2,0,1,Hòa Bình
11435,316,4801,106.364625,20.848554,4,0,1,Hải Phòng
11436,316,4801,105.32626,20.927516,4,0,1,Hải Phòng
11437,316,4801,106.917669,20.966877,4,0,1,Hải Phòng
11438,316,4801,106.997961,20.96911,4,0,1,Hải Phòng
11439,316,4802,106.627635,21.115835,2,0,1,Hải Phòng
11440,316,4802,106.732114,21.23082,2,0,1,Hải Phòng
11441,316,4803,106.183901,21.530772,2,0,1,Yên Bái
11442,316,4803,104.928722,21.711988,2,0,1,Yên Bái
11443,317,4804,106.933941,9.644503,1,60,1,Trà Vinh
11444,317,4804,106.444064,9.652833,1,60,1,Trà Vinh
11445,317,4805,106.804491,9.829685,4,0,1,Trà Vinh
11446,317,4805,106.784518,9.860957,4,0,1,Trà Vinh
11447,317,4806,106.132523,10.255432,1,80,1,Bến Tre
11448,317,4806,106.471007,10.309011,1,80,1,Bến Tre
11449,317,4807,105.662134,10.932966,4,0,1,Tây Ninh
11450,317,4807,105.812212,10.938762,4,0,1,Tây Ninh
11451,317,4808,108.379783,11.75673,2,0,1,Bình Phước
11452,317,4808,107.000378,11.776945,2,0,1,Bình Phước
11453,317,4809,107.000439,11.776954,4,0,1,Lâm Đồng
11454,317,4809,107.00034,11.775068,4,0,1,Lâm Đồng
11455,317,4809,109.049585,11.883995,4,0,1,Lâm Đồng
11456,317,4809,108.491171,12.041263,4,0,1,Lâm Đồng
11457,317,4809,107.891176,12.815909,4,0,1,Lâm Đồng
11458,317,4809,108.265531,12.942718,4,0,1,Lâm Đồng
11459,317,4810,109.167062,13.731628,4,0,1,Bình Định
11460,317,4810,109.113083,13.893679,4,0,1,Bình Định
11461,317,4811,105.747678,17.165041,1,50,1,Hà Tĩnh
11462,317,4811,105.441964,17.702672,1,50,1,Hà Tĩnh
11463,317,4812,105.210595,18.109964,4,0,1,Hà Tĩnh
11464,317,4812,105.197113,18.124749,4,0,1,Hà Tĩnh
11465,317,4813,106.794278,20.241611,1,50,1,Hòa Bình
11466,317,4813,105.363364,20.245439,1,50,1,Hòa Bình
11467,317,4814,105.251431,20.289252,1,90,1,Hải Phòng
11468,317,4814,106.941486,20.319699,1,90,1,Hải Phòng
11469,317,4815,105.593484,20.820836,4,0,1,Hòa Bình
11470,317,4815,105.216659,20.841153,4,0,1,Hòa Bình
11471,317,4815,105.709241,20.844658,4,0,1,Hòa Bình
11472,317,4816,106.386232,21.332263,4,0,1,Bắc Giang
11473,317,4816,106.389085,21.347195,4,0,1,Bắc Giang
11474,317,4817,104.744936,21.807009,1,80,1,Yên Bái
11475,317,4817,104.571453,21.880604,1,80,1,Yên Bái
11476,317,4817,104.736496,21.996958,1,80,1,Yên Bái
11477,317,4818,104.539062,22.155885,2,0,1,Cao Bằng
11478,317,4818,105.603219,22.236871,2,0,1,Cao Bằng
11479,317,4818,103.195031,22.450988,2,0,1,Cao Bằng
11480,318,4819,106.622618,9.476624,4,0,1,Trà Vinh
11481,318,4819,106.622418,9.476514,4,0,1,Trà Vinh
11482,318,4820,105.529801,10.481781,4,0,1,Đồng Tháp
11483,318,4820,105.529185,10.482471,4,0,1,Đồng Tháp
11484,318,4821,105.332701,10.522966,2,0,1,Đồng Tháp
11485,318,4821,105.490019,10.536858,2,0,1,Đồng Tháp
11486,318,4822,108.333847,16.708467,4,0,1,Đà Nẵng
11487,318,4822,108.330522,16.712104,4,0,1,Đà Nẵng
11488,318,4823,105.105289,18.253072,1,60,1,Quảng Bình
11489,318,4823,106.902759,18.330513,1,60,1,Quảng Bình
11490,318,4824,106.89306,18.480533,4,0,1,Hà Tĩnh
11491,318,4824,106.77757,18.72741,4,0,1,Hà Tĩnh
11492,318,4825,105.134964,20.242618,1,50,1,Ninh Bình
11493,318,4825,105.655669,20.316231,1,50,1,Ninh Bình
11494,318,4826,105.780924,20.942887,1,60,1,Hà Nội
11495,318,4826,105.805025,20.943628,1,60,1,Hà Nội
11496,318,4827,107.102932,20.945075,4,0,1,Hải Phòng
11497,318,4827,106.848789,20.955212,4,0,1,Hải Phòng
11498,318,4828,106.353009,21.17163,1,60,1,Bắc Giang
11499,318,4828,106.426338,21.203118,1,60,1,Bắc Giang
11500,319,4829,105.198531,9.607135,2,0,1,Trà Vinh
11501,319,4829,106.448452,9.667905,2,0,1,Trà Vinh
11502,319,4830,105.096107,9.739604,2,0,1,Trà Vinh
11503,319,4830,106.497748,9.802197,2,0,1,Trà Vinh
11504,319,4831,106.111468,9.95978,4,0,1,Bến Tre
11505,319,4831,106.110198,10.010189,4,0,1,Bến Tre
11506,319,4831,106.72666,10.127857,4,0,1,Bến Tre
11507,319,4831,106.997746,10.207224,4,0,1,Bến Tre
11508,319,4831,106.773546,10.286569,4,0,1,Bến Tre
11509,319,4832,104.612265,10.346439,4,0,1,Đồng Tháp
11510,319,4832,105.458556,10.441115,4,0,1,Đồng Tháp
11511,319,4832,106.610063,10.477946,4,0,1,Đồng Tháp
11512,319,4833,106.3709,10.658366,4,0,1,Long An
11513,319,4833,106.234915,10.677861,4,0,1,Long An
11514,319,4834,105.260775,10.797035,1,60,1,Đồng Nai
11515,319,4834,107.39511,10.980205,1,60,1,Đồng Nai
11516,319,4835,105.520802,11.107612,1,70,1,Tây Ninh
11517,319,4835,105.504779,11.13428,1,70,1,Tây Ninh
11518,319,4836,107.372464,11.192107,2,0,1,Lâm Đồng
11519,319,4836,108.269541,11.77009,2,0,1,Lâm Đồng
11520,319,4836,107.619713,11.99436,2,0,1,Lâm Đồng
11521,319,4837,108.22472,16.335389,4,0,1,Đà Nẵng
11522,319,4837,108.294955,16.81856,4,0,1,Đà Nẵng
11523,319,4838,105.183325,20.126931,1,80,1,Hòa Bình
11524,319,4838,105.13685,20.241479,1,80,1,Hòa Bình
11525,319,4839,105.136586,20.790613,1,80,1,Hòa Bình
11526,319,4839,105.187411,20.796871,1,80,1,Hòa Bình
11527,319,4840,105.826641,20.903413,4,0,1,Hà Nội
11528,319,4840,105.826641,20.903413,4,0,1,Hà Nội
11529,319,4841,105.039122,21.105001,4,0,1,Sơn La
11530,319,4841,103.96198,21.258506,4,0,1,Sơn La
11531,319,4841,103.96607,21.293551,4,0,1,Sơn La
11532,319,4841,106.377294,21.313799,4,0,1,Sơn La
11533,319,4842,106.389001,21.327816,4,0,1,Phú Thọ
11534,319,4842,106.336442,21.375977,4,0,1,Phú Thọ
11535,319,4842,105.119198,21.403867,4,0,1,Phú Thọ
11536,319,4842,107.767292,21.460719,4,0,1,Phú Thọ
11537,319,4843,107.101951,21.647211,4,0,1,Lạng Sơn
11538,319,4843,107.09871,21.660994,4,0,1,Lạng Sơn
11539,319,4844,105.542064,22.012516,1,80,1,Yên Bái
11540,319,4844,104.717085,22.012953,1,80,1,Yên Bái
11541,319,4844,104.178787,22.315562,1,80,1,Yên Bái
11542,319,4845,104.0187,22.420137,4,0,1,Lao Cai
11543,319,4845,103.959663,22.604053,4,0,1,Lao Cai
11544,320,4846,105.377432,10.200612,4,0,1,Đồng Tháp
11545,320,4846,105.374019,10.204642,4,0,1,Đồng Tháp
11546,320,4846,105.420789,10.227133,4,0,1,Đồng Tháp
11547,320,4846,106.641632,10.252531,4,0,1,Đồng Tháp
11548,320,4847,106.317721,10.617578,1,80,1,Bà Rịa - Vũng Tàu
11549,320,4847,107.440673,10.660789,1,80,1,Bà Rịa - Vũng Tàu
11550,320,4848,107.027472,10.592122,1,60,1,Bà Rịa - Vũng Tàu
11551,320,4848,107.027333,10.59227,1,60,1,Bà Rịa - Vũng Tàu
11552,320,4849,105.542915,11.030373,1,70,1,Tây Ninh
11553,320,4849,105.520001,11.108464,1,70,1,Tây Ninh
11554,320,4849,105.502368,11.143116,1,70,1,Tây Ninh
11555,320,4850,108.989246,13.883198,4,0,1,Bình Định
11556,320,4850,109.025741,13.884817,4,0,1,Bình Định
11557,320,4851,108.614068,16.537797,1,80,1,Thừa Thiên Huế
11558,320,4851,107.780241,16.582913,1,80,1,Thừa Thiên Huế
11559,320,4852,108.295267,16.817112,4,0,1,Quảng Nam
11560,320,4852,108.125792,15.116104,4,0,1,Quảng Nam
11561,320,4853,108.087059,15.225219,1,50,1,Quảng Nam
11562,320,4853,107.706536,15.238742,1,50,1,Quảng Nam
11563,320,4854,105.978003,15.620219,1,80,1,Quảng Bình
11564,320,4854,106.943704,17.870898,1,80,1,Quảng Bình
11565,320,4855,106.527256,18.52931,4,0,1,Hà Tĩnh
11566,320,4855,106.739896,18.765061,4,0,1,Hà Tĩnh
11567,320,4856,105.492514,20.768818,2,0,1,Hải Phòng
11568,320,4856,106.829832,20.777744,2,0,1,Hải Phòng
11569,320,4857,105.569512,20.854651,1,60,1,Hà Nội
11570,320,4857,105.661798,20.933814,1,60,1,Hà Nội
11571,320,4858,105.572275,20.944361,1,60,1,Hải Phòng
11572,320,4858,106.780647,20.957675,1,60,1,Hải Phòng
11573,320,4858,107.013984,20.976184,1,60,1,Hải Phòng
11574,320,4859,106.916136,21.016703,2,0,1,Hải Dương
11575,320,4859,106.279057,21.047919,2,0,1,Hải Dương
11576,320,4859,104.156215,21.12392,2,0,1,Hải Dương
11577,320,4860,105.650022,21.356798,2,0,1,Yên Bái
11578,320,4860,104.739236,21.473619,2,0,1,Yên Bái
11579,320,4861,103.560257,21.610174,4,0,1,Sơn La
11580,320,4861,103.534224,21.63685,4,0,1,Sơn La
11581,320,4862,105.700492,21.94213,2,0,1,Yên Bái
11582,320,4862,104.951755,21.950855,2,0,1,Yên Bái
11583,321,4863,106.687209,9.273763,1,50,1,Trà Vinh
11584,321,4863,106.649711,9.321313,1,50,1,Trà Vinh
11585,321,4864,106.076297,10.047084,4,0,1,Vinh Long
11586,321,4864,106.049648,10.080357,4,0,1,Vinh Long
11587,321,4864,106.040938,10.091641,4,0,1,Vinh Long
11588,321,4864,106.033804,10.100658,4,0,1,Vinh Long
11589,321,4865,106.465644,10.391186,4,0,1,Bà Rịa - Vũng Tàu
11590,321,4865,107.234003,10.392967,4,0,1,Bà Rịa - Vũng Tàu
11591,321,4866,107.26998,10.469928,4,0,1,Long An
11592,321,4866,107.225428,10.485573,4,0,1,Long An
11593,321,4866,106.33613,10.489896,4,0,1,Long An
11594,321,4866,106.317865,10.617604,4,0,1,Long An
11595,321,4866,106.268157,10.671403,4,0,1,Long An
11596,321,4866,106.217418,10.504742,4,0,1,Long An
11597,321,4867,105.323906,10.711928,2,0,1,An Giang
11598,321,4867,105.054893,10.726803,2,0,1,An Giang
11599,321,4868,105.989569,10.888779,1,60,1,Tây Ninh
11600,321,4868,105.859565,10.912654,1,60,1,Tây Ninh
11601,321,4869,105.879161,10.925865,4,0,1,Tây Ninh
11602,321,4869,105.879161,10.925865,4,0,1,Tây Ninh
11603,321,4870,105.877547,10.928745,4,0,1,Tây Ninh
11604,321,4870,105.877143,10.929391,4,0,1,Tây Ninh
11605,321,4871,105.843246,10.939054,1,60,1,Tây Ninh
11606,321,4871,105.839968,10.943322,1,60,1,Tây Ninh
11607,321,4872,107.1978,10.988705,1,50,1,Đồng Nai
11608,321,4872,107.197486,10.989116,1,50,1,Đồng Nai
11609,321,4873,105.699685,11.145495,1,70,1,Tây Ninh
11610,321,4873,105.693426,11.152129,1,70,1,Tây Ninh
11611,321,4874,107.740917,16.078705,4,0,1,Đà Nẵng
11612,321,4874,108.868708,16.276952,4,0,1,Đà Nẵng
11613,321,4875,107.905155,15.348075,4,0,1,Quảng Nam
11614,321,4875,107.659457,15.488732,4,0,1,Quảng Nam
11615,321,4875,107.658631,15.489985,4,0,1,Quảng Nam
11616,321,4876,107.252082,15.656766,1,60,1,Thừa Thiên Huế
11617,321,4876,107.06781,15.722269,1,60,1,Thừa Thiên Huế
11618,321,4877,106.600741,19.26898,4,0,1,Thanh Hóa
11619,321,4877,106.600663,19.269188,4,0,1,Thanh Hóa
11620,321,4877,106.799882,19.334112,4,0,1,Thanh Hóa
11621,321,4878,106.52705,20.065794,1,60,1,Nghệ An
11622,321,4878,105.052773,20.085302,1,60,1,Nghệ An
11623,321,4879,105.388635,20.737715,1,50,1,Hòa Bình
11624,321,4879,105.384544,20.742503,1,50,1,Hòa Bình
11625,321,4880,106.942117,20.986921,4,0,1,Hải Phòng
11626,321,4880,106.802862,20.992384,4,0,1,Hải Phòng
11627,321,4881,105.154779,21.306283,4,0,1,Phú Thọ
11628,321,4881,105.231156,21.323612,4,0,1,Phú Thọ
11629,321,4882,106.15181,21.372696,1,50,1,Phú Thọ
11630,321,4882,105.234426,21.460292,1,50,1,Phú Thọ
11631,321,4883,103.979938,22.475342,4,0,1,Hà Giang
11632,321,4883,105.254249,22.555289,4,0,1,Hà Giang
11633,322,4884,106.182596,9.021801,1,50,1,Trà Vinh
11634,322,4884,106.735516,9.297471,1,50,1,Trà Vinh
11635,322,4885,105.064478,9.750294,4,0,1,Kiên Giang
11636,322,4885,105.039513,9.778338,4,0,1,Kiên Giang
11637,322,4886,106.058082,10.065465,4,0,1,Vinh Long
11638,322,4886,106.051929,10.054158,4,0,1,Vinh Long
11639,322,4886,106.06526,10.071748,4,0,1,Vinh Long
11640,322,4886,106.062405,10.075706,4,0,1,Vinh Long
11641,322,4886,106.044307,10.087188,4,0,1,Vinh Long
11642,322,4886,106.042687,10.089428,4,0,1,Vinh Long
11643,322,4886,106.038037,10.096205,4,0,1,Vinh Long
11644,322,4887,106.022245,10.11649,4,0,1,Vinh Long
11645,322,4887,106.013591,10.125429,4,0,1,Vinh Long
11646,322,4888,105.388002,10.187294,4,0,1,Kiên Giang
11647,322,4888,105.381449,10.196545,4,0,1,Kiên Giang
11648,322,4888,106.628336,10.319429,4,0,1,Kiên Giang
11649,322,4889,104.486935,10.374157,4,0,1,Bà Rịa - Vũng Tàu
11650,322,4889,104.484245,10.375365,4,0,1,Bà Rịa - Vũng Tàu
11651,322,4889,107.238037,10.387427,4,0,1,Bà Rịa - Vũng Tàu
11652,322,4889,105.119137,10.412188,4,0,1,Bà Rịa - Vũng Tàu
11653,322,4890,106.222766,10.698013,4,0,1,Đồng Nai
11654,322,4890,107.330792,10.964364,4,0,1,Đồng Nai
11655,322,4891,109.01977,12.264844,4,0,1,Đắk Lắk
11656,322,4891,109.36676,12.922111,4,0,1,Đắk Lắk
11657,322,4891,108.210018,13.186395,4,0,1,Đắk Lắk
11658,322,4891,108.139775,13.359956,4,0,1,Đắk Lắk
11659,322,4891,108.135164,13.374777,4,0,1,Đắk Lắk
11660,322,4892,109.027005,14.241714,4,0,1,Kon Tum
11661,322,4892,107.796268,14.411305,4,0,1,Kon Tum
11662,322,4892,108.309973,16.487429,4,0,1,Kon Tum
11663,322,4893,108.389867,16.703142,1,90,1,Đà Nẵng
11664,322,4893,108.387917,16.706517,1,90,1,Đà Nẵng
11665,322,4894,108.334249,16.774435,4,0,1,Đà Nẵng
11666,322,4894,108.332941,16.775073,4,0,1,Đà Nẵng
11667,322,4894,108.310003,16.933174,4,0,1,Đà Nẵng
11668,322,4895,105.524939,17.496979,1,60,1,Hà Tĩnh
11669,322,4895,106.549106,18.490685,1,60,1,Hà Tĩnh
11670,322,4896,106.775565,18.728597,4,0,1,Hà Tĩnh
11671,322,4896,106.763257,18.758752,4,0,1,Hà Tĩnh
11672,322,4896,106.76002,18.772955,4,0,1,Hà Tĩnh
11673,322,4897,105.209357,21.25433,11,0,1,Bắc Giang
11674,322,4897,106.5143,21.311834,11,0,1,Bắc Giang
11675,322,4898,106.329347,21.389054,4,0,1,Bắc Giang
11676,322,4898,106.328816,21.38976,4,0,1,Bắc Giang
11677,322,4899,104.757485,21.495481,1,60,1,Yên Bái
11678,322,4899,105.098338,21.634706,1,60,1,Yên Bái
11679,322,4900,107.096333,21.649377,4,0,1,Yên Bái
11680,322,4900,104.61481,21.696531,4,0,1,Yên Bái
11681,322,4901,104.494698,22.361302,2,0,1,Hà Giang
11682,322,4901,105.198678,22.571275,2,0,1,Hà Giang
11683,322,4901,106.604083,22.983776,2,0,1,Hà Giang
11684,323,4902,106.854373,9.761825,4,0,1,Trà Vinh
11685,323,4902,106.849892,9.771885,4,0,1,Trà Vinh
11686,323,4903,106.092516,9.995916,11,0,1,Trà Vinh
11687,323,4903,106.090023,10.000393,11,0,1,Trà Vinh
11688,323,4904,106.086825,10.005091,4,0,1,Kiên Giang
11689,323,4904,103.985776,10.139475,4,0,1,Kiên Giang
11690,323,4904,105.223132,10.190295,4,0,1,Kiên Giang
11691,323,4905,106.861362,10.612964,2,0,1,An Giang
11692,323,4905,105.356167,10.698807,2,0,1,An Giang
11693,323,4906,105.678107,11.730827,4,0,1,Lâm Đồng
11694,323,4906,108.372831,11.751837,4,0,1,Lâm Đồng
11695,323,4907,107.697871,12.281915,1,50,1,Đắk Lắk
11696,323,4907,107.893697,12.419098,1,50,1,Đắk Lắk
11697,323,4908,108.84347,12.500743,1,80,1,Phú Yên
11698,323,4908,108.71024,12.933757,1,80,1,Phú Yên
11699,323,4909,108.90472,12.978502,2,0,1,Phú Yên
11700,323,4909,109.389231,12.982468,2,0,1,Phú Yên
11701,323,4910,108.817918,16.09737,4,0,1,Đà Nẵng
11702,323,4910,108.814337,16.124433,4,0,1,Đà Nẵng
11703,323,4910,107.781882,16.427796,4,0,1,Đà Nẵng
11704,323,4911,105.948697,15.965518,1,80,1,Thừa Thiên Huế
11705,323,4911,107.032381,15.992905,1,80,1,Thừa Thiên Huế
11706,323,4912,105.756195,17.140789,4,0,1,Hà Tĩnh
11707,323,4912,105.612448,17.550799,4,0,1,Hà Tĩnh
11708,323,4913,105.611982,17.551497,1,90,1,Hà Tĩnh
11709,323,4913,105.369812,17.869448,1,90,1,Hà Tĩnh
11710,323,4914,106.886456,18.490526,4,0,1,Hà Tĩnh
11711,323,4914,106.551142,18.727885,4,0,1,Hà Tĩnh
11712,323,4915,106.559977,19.944941,4,0,1,Thái Bình
11713,323,4915,106.847681,20.020933,4,0,1,Thái Bình
11714,323,4915,105.016836,20.091118,4,0,1,Thái Bình
11715,323,4916,105.348854,20.460297,4,0,1,Hải Phòng
11716,323,4916,105.080604,20.452,4,0,1,Hải Phòng
11717,323,4916,106.867157,20.692906,4,0,1,Hải Phòng
11718,323,4916,106.988055,20.542224,4,0,1,Hải Phòng
11719,323,4916,106.925433,20.591102,4,0,1,Hải Phòng
11720,323,4917,105.555626,20.731672,1,80,1,Hòa Bình
11721,323,4917,105.37659,20.768632,1,80,1,Hòa Bình
11722,323,4918,107.084687,20.953804,10,0,1,Hải Phòng
11723,323,4918,106.80509,20.987754,10,0,1,Hải Phòng
11724,323,4919,104.105401,21.195498,11,0,1,Phú Thọ
11725,323,4919,105.214103,21.26835,11,0,1,Phú Thọ
11726,323,4920,105.272733,21.252599,2,0,1,Phú Thọ
11727,323,4920,105.394126,21.31319,2,0,1,Phú Thọ
11728,323,4921,104.216439,22.083391,1,80,1,Lao Cai
11729,323,4921,104.340781,22.169388,1,80,1,Lao Cai
11730,324,4922,105.499799,9.597517,4,0,1,Trà Vinh
11731,324,4922,106.851786,9.766429,4,0,1,Trà Vinh
11732,324,4922,106.842467,9.782048,4,0,1,Trà Vinh
11733,324,4923,105.359809,10.209971,4,0,1,Bến Tre
11734,324,4923,106.526503,10.216947,4,0,1,Bến Tre
11735,324,4923,106.303,10.632192,4,0,1,Bến Tre
11736,324,4924,105.672964,10.904274,4,0,1,Đồng Tháp
11737,324,4924,105.65358,10.917417,4,0,1,Đồng Tháp
11738,324,4924,105.652963,10.918423,4,0,1,Đồng Tháp
11739,324,4925,105.651551,10.920317,1,80,1,Đồng Tháp
11740,324,4925,105.668016,10.926604,1,80,1,Đồng Tháp
11741,324,4925,105.665817,10.927255,1,80,1,Đồng Tháp
11742,324,4926,108.720463,12.752929,4,0,1,Phú Yên
11743,324,4926,109.41762,12.961658,4,0,1,Phú Yên
11744,324,4927,105.72069,17.199829,1,80,1,Hà Tĩnh
11745,324,4927,105.572531,17.370894,1,80,1,Hà Tĩnh
11746,324,4928,106.861418,20.241021,1,80,1,Hòa Bình
11747,324,4928,105.127616,20.262464,1,80,1,Hòa Bình
11748,324,4929,105.125587,20.263505,1,50,1,Hòa Bình
11749,324,4929,105.124138,20.267206,1,50,1,Hòa Bình
11750,324,4930,106.780746,20.432526,4,0,1,Hải Phòng
11751,324,4930,106.780603,20.432957,4,0,1,Hải Phòng
11752,324,4931,106.951956,20.799531,4,0,1,Hòa Bình
11753,324,4931,105.060494,20.884374,4,0,1,Hòa Bình
11754,324,4932,105.676647,20.904933,1,60,1,Hà Nội
11755,324,4932,105.6744,20.905492,1,60,1,Hà Nội
11756,324,4932,105.660542,20.936257,1,60,1,Hà Nội
11757,324,4933,106.926935,21.003845,1,50,1,Quảng Ninh
11758,324,4933,107.018275,21.006106,1,50,1,Quảng Ninh
11759,324,4934,107.018126,21.006428,4,0,1,Quảng Ninh
11760,324,4934,107.018035,21.00648,4,0,1,Quảng Ninh
11761,324,4935,106.506627,21.368425,4,0,1,Phú Thọ
11762,324,4935,105.306269,21.390261,4,0,1,Phú Thọ
11763,324,4936,106.076564,21.469666,10,0,1,Bắc Giang
11764,324,4936,106.057601,21.471063,10,0,1,Bắc Giang
11765,324,4937,105.756343,21.856615,4,0,1,Thái Nguyên
11766,324,4937,105.750559,21.872104,4,0,1,Thái Nguyên
11767,324,4938,105.592402,21.939684,2,0,1,Lao Cai
11768,324,4938,103.990515,22.26691,2,0,1,Lao Cai
11769,325,4939,106.221633,9.666367,4,0,1,Sóc Trăng
11770,325,4939,106.149013,9.546891,4,0,1,Sóc Trăng
11771,325,4939,105.608002,9.584019,4,0,1,Sóc Trăng
11772,325,4940,106.70884,9.819441,1,60,1,Trà Vinh
11773,325,4940,106.706293,9.824847,1,60,1,Trà Vinh
11774,325,4940,106.704943,9.826395,1,60,1,Trà Vinh
11775,325,4941,106.539069,9.914955,2,0,1,Trà Vinh
11776,325,4941,106.536491,9.920404,2,0,1,Trà Vinh
11777,325,4942,107.231074,10.478418,4,0,1,Long An
11778,325,4942,106.603165,10.485681,4,0,1,Long An
11779,325,4942,106.658072,10.498083,4,0,1,Long An
11780,325,4942,105.513315,10.61981,4,0,1,Long An
11781,325,4943,105.796945,10.852069,4,0,1,Đồng Tháp
11782,325,4943,105.733213,10.872051,4,0,1,Đồng Tháp
11783,325,4944,107.421336,10.915657,11,0,1,Đồng Tháp
11784,325,4944,105.667068,10.925912,11,0,1,Đồng Tháp
11785,325,4945,107.344824,10.942626,4,0,1,An Giang
11786,325,4945,105.362656,11.049295,4,0,1,An Giang
11787,325,4945,105.362445,11.049461,4,0,1,An Giang
11788,325,4946,107.390441,11.238762,1,60,1,Tây Ninh
11789,325,4946,105.637785,11.292568,1,60,1,Tây Ninh
11790,325,4947,108.792924,11.731531,4,0,1,Khánh Hòa
11791,325,4947,109.192592,12.213508,4,0,1,Khánh Hòa
11792,325,4948,107.694234,12.291673,1,50,1,Đắk Lắk
11793,325,4948,108.125411,12.525349,1,50,1,Đắk Lắk
11794,325,4949,107.714995,13.783941,1,80,1,Kon Tum
11795,325,4949,107.970282,14.420278,1,80,1,Kon Tum
11796,325,4950,108.447422,16.744913,1,60,1,Đà Nẵng
11797,325,4950,108.415777,16.759242,1,60,1,Đà Nẵng
11798,325,4951,108.246939,16.894668,4,0,1,Quảng Nam
11799,325,4951,108.135714,15.184969,4,0,1,Quảng Nam
11800,325,4951,108.080996,15.237115,4,0,1,Quảng Nam
11801,325,4951,107.603851,15.484317,4,0,1,Quảng Nam
11802,325,4951,107.001087,15.831312,4,0,1,Quảng Nam
11803,325,4952,106.662059,19.145438,1,80,1,Ninh Bình
11804,325,4952,106.406292,19.888483,1,80,1,Ninh Bình
11805,325,4953,105.117719,20.252303,1,50,1,Thái Bình
11806,325,4953,106.77359,20.253866,1,50,1,Thái Bình
11807,325,4953,106.772367,20.256873,1,50,1,Thái Bình
11808,325,4954,106.996573,20.617076,1,80,1,Nam Định
11809,325,4954,106.220733,20.530779,1,80,1,Nam Định
11810,325,4955,106.910736,20.75932,4,0,1,Hải Phòng
11811,325,4955,106.906988,20.775604,4,0,1,Hải Phòng
11812,325,4955,106.906152,20.777771,4,0,1,Hải Phòng
11813,325,4956,105.203815,21.272333,11,0,1,Bắc Giang
11814,325,4956,106.238399,21.287074,11,0,1,Bắc Giang
11815,325,4957,103.443783,21.547402,2,0,1,Yên Bái
11816,325,4957,104.872917,21.588976,2,0,1,Yên Bái
11817,325,4957,104.903446,21.701936,2,0,1,Yên Bái
11818,325,4958,104.445554,22.084896,1,60,1,Lao Cai
11819,325,4958,103.90302,22.301342,1,60,1,Lao Cai
11820,326,4959,105.480135,9.726481,2,0,1,Hậu Giang
11821,326,4959,105.37736,9.911962,2,0,1,Hậu Giang
11822,326,4960,105.621406,9.93708,2,0,1,Trà Vinh
11823,326,4960,106.130807,9.94083,2,0,1,Trà Vinh
11824,326,4961,105.618852,9.940863,4,0,1,Trà Vinh
11825,326,4961,106.123949,9.960595,4,0,1,Trà Vinh
11826,326,4962,107.074106,10.346742,4,0,1,Đồng Tháp
11827,326,4962,105.750757,10.644603,4,0,1,Đồng Tháp
11828,326,4962,106.216453,10.507603,4,0,1,Đồng Tháp
11829,326,4963,105.775697,10.55427,4,0,1,Đồng Tháp
11830,326,4963,105.747154,10.581704,4,0,1,Đồng Tháp
11831,326,4963,107.020168,10.589622,4,0,1,Đồng Tháp
11832,326,4964,105.687249,10.883802,11,0,1,Đồng Tháp
11833,326,4964,105.681078,10.892687,11,0,1,Đồng Tháp
11834,326,4965,105.654784,10.916862,4,0,1,Đồng Tháp
11835,326,4965,105.65191,10.91996,4,0,1,Đồng Tháp
11836,326,4966,105.171588,11.32383,1,90,1,An Giang
11837,326,4966,105.152643,11.3373,1,90,1,An Giang
11838,326,4967,109.133373,11.912911,1,60,1,Khánh Hòa
11839,326,4967,109.012113,12.28681,1,60,1,Khánh Hòa
11840,326,4968,107.685955,15.671414,1,60,1,Thừa Thiên Huế
11841,326,4968,107.040656,15.747639,1,60,1,Thừa Thiên Huế
11842,326,4969,105.051064,20.186287,4,0,1,Hòa Bình
11843,326,4969,105.043825,20.216112,4,0,1,Hòa Bình
11844,326,4970,106.339089,20.8471,4,0,1,Hải Phòng
11845,326,4970,106.87862,20.872642,4,0,1,Hải Phòng
11846,326,4971,105.84576,21.004182,4,0,1,Hải Phòng
11847,326,4971,106.879421,21.059618,4,0,1,Hải Phòng
11848,326,4972,105.173829,21.292428,11,0,1,Bắc Giang
11849,326,4972,106.363248,21.365354,11,0,1,Bắc Giang
11850,326,4973,105.555889,21.493344,1,60,1,Phú Thọ
11851,326,4973,105.36261,21.497513,1,60,1,Phú Thọ
11852,326,4974,104.839006,21.704752,1,80,1,Điện Biên
11853,326,4974,102.926718,21.841222,1,80,1,Điện Biên
11854,326,4974,104.698317,21.927716,1,80,1,Điện Biên
11855,326,4975,106.902698,22.311896,1,80,1,Lạng Sơn
11856,326,4975,106.902659,22.316323,1,80,1,Lạng Sơn
11857,326,4976,103.985652,22.466782,4,0,1,Lao Cai
11858,326,4976,103.983048,22.451227,4,0,1,Lao Cai
11859,326,4976,103.983395,22.471639,4,0,1,Lao Cai
11860,326,4976,104.988704,22.551654,4,0,1,Lao Cai
11861,327,4977,105.700656,10.328343,4,0,1,Vinh Long
11862,327,4977,106.00163,10.429288,4,0,1,Vinh Long
11863,327,4978,105.753283,10.640884,4,0,1,Long An
11864,327,4978,106.192866,10.565953,4,0,1,Long An
11865,327,4979,105.697003,10.744662,4,0,1,Đồng Tháp
11866,327,4979,105.695238,10.746765,4,0,1,Đồng Tháp
11867,327,4980,105.970323,10.759708,1,80,1,Đồng Tháp
11868,327,4980,105.524739,10.828127,1,80,1,Đồng Tháp
11869,327,4980,105.519873,10.836573,1,80,1,Đồng Tháp
11870,327,4981,107.610443,10.842932,2,0,1,Bình Thuận
11871,327,4981,107.877517,10.846357,2,0,1,Bình Thuận
11872,327,4982,105.51261,10.847238,11,0,1,Đồng Tháp
11873,327,4982,105.507335,10.866273,11,0,1,Đồng Tháp
11874,327,4983,109.334064,12.966553,4,0,1,Đắk Lắk
11875,327,4983,108.217308,13.025108,4,0,1,Đắk Lắk
11876,327,4984,107.677368,15.494271,4,0,1,Thừa Thiên Huế
11877,327,4984,107.116983,15.80981,4,0,1,Thừa Thiên Huế
11878,327,4985,105.145972,18.153058,4,0,1,Hà Tĩnh
11879,327,4985,106.783903,18.393853,4,0,1,Hà Tĩnh
11880,327,4985,106.553556,18.614362,4,0,1,Hà Tĩnh
11881,327,4985,106.842646,18.669952,4,0,1,Hà Tĩnh
11882,327,4986,106.697325,19.532984,4,0,1,Thái Bình
11883,327,4986,106.592864,19.709196,4,0,1,Thái Bình
11884,327,4986,106.969141,20.170194,4,0,1,Thái Bình
11885,327,4987,105.202002,20.397904,4,0,1,Hải Phòng
11886,327,4987,105.163709,20.438396,4,0,1,Hải Phòng
11887,327,4987,106.893797,20.63518,4,0,1,Hải Phòng
11888,327,4987,106.892156,20.638738,4,0,1,Hải Phòng
11889,327,4988,105.414707,20.812119,2,0,1,Hòa Bình
11890,327,4988,105.404531,20.896852,2,0,1,Hòa Bình
11891,327,4989,105.329636,21.343785,4,0,1,Bắc Giang
11892,327,4989,106.3485,21.353611,4,0,1,Bắc Giang
11893,327,4990,105.650659,21.354829,4,0,1,Bắc Giang
11894,327,4990,106.347512,21.356052,4,0,1,Bắc Giang
11895,327,4990,106.63703,21.386162,4,0,1,Bắc Giang
11896,327,4991,105.703689,21.941242,4,0,1,Thái Nguyên
11897,327,4991,105.701143,21.949261,4,0,1,Thái Nguyên
11898,327,4992,104.249873,22.12515,1,60,1,Thái Nguyên
11899,327,4992,105.691759,22.125467,1,60,1,Thái Nguyên
11900,327,4992,105.461633,22.338806,1,60,1,Thái Nguyên
11901,328,4993,106.862793,9.927982,1,60,1,Trà Vinh
11902,328,4993,106.862772,9.928021,1,60,1,Trà Vinh
11903,328,4993,106.774704,10.188942,1,60,1,Trà Vinh
11904,328,4994,106.570201,10.273165,1,80,1,Kiên Giang
11905,328,4994,103.874752,10.322179,1,80,1,Kiên Giang
11906,328,4994,104.057283,10.383015,1,80,1,Kiên Giang
11907,328,4995,106.530899,10.450164,4,0,1,Đồng Tháp
11908,328,4995,105.439529,10.474745,4,0,1,Đồng Tháp
11909,328,4996,107.350127,10.54179,2,0,1,Long An
11910,328,4996,106.193796,10.56641,2,0,1,Long An
11911,328,4997,106.21206,10.872404,1,80,1,Tây Ninh
11912,328,4997,105.904243,10.894068,1,80,1,Tây Ninh
11913,328,4998,107.007029,11.87613,1,80,1,Lâm Đồng
11914,328,4998,108.450574,11.906829,1,80,1,Lâm Đồng
11915,328,4999,108.030921,13.879068,1,60,1,Bình Định
11916,328,4999,109.073255,13.962302,1,60,1,Bình Định
11917,328,5000,108.952931,14.776025,1,90,1,Đà Nẵng
11918,328,5000,108.839002,16.054635,1,90,1,Đà Nẵng
11919,328,5001,108.825267,16.086512,1,50,1,Đà Nẵng
11920,328,5001,108.66014,16.671633,1,50,1,Đà Nẵng
11921,328,5002,106.888435,18.396439,10,0,1,Hà Tĩnh
11922,328,5002,106.58521,18.597302,10,0,1,Hà Tĩnh
11923,328,5003,105.065879,20.715994,2,0,1,Hòa Bình
11924,328,5003,105.180216,20.725443,2,0,1,Hòa Bình
11925,328,5004,105.512794,20.951802,2,0,1,Quảng Ninh
11926,328,5004,107.292689,21.005372,2,0,1,Quảng Ninh
11927,328,5005,105.983367,21.027163,1,60,1,Hải Phòng
11928,328,5005,106.618705,21.027893,1,60,1,Hải Phòng
11929,328,5006,106.383947,21.33405,4,0,1,Phú Thọ
11930,328,5006,105.136584,21.369719,4,0,1,Phú Thọ
11931,328,5007,106.15045,21.374634,4,0,1,Lạng Sơn
11932,328,5007,106.826495,21.65575,4,0,1,Lạng Sơn
11933,328,5007,104.881991,21.558891,4,0,1,Lạng Sơn
11934,329,5008,105.39404,9.886042,4,0,1,Trà Vinh
11935,329,5008,106.169234,9.90453,4,0,1,Trà Vinh
11936,329,5009,106.528371,10.454622,4,0,1,Bà Rịa - Vũng Tàu
11937,329,5009,107.399074,10.636656,4,0,1,Bà Rịa - Vũng Tàu
11938,329,5010,105.39933,10.694712,2,0,1,An Giang
11939,329,5010,105.252511,10.575291,2,0,1,An Giang
11940,329,5011,105.632114,11.066877,4,0,1,An Giang
11941,329,5011,105.116878,11.176157,4,0,1,An Giang
11942,329,5012,107.407714,11.283516,4,0,1,Đắk Nông
11943,329,5012,107.868008,11.634094,4,0,1,Đắk Nông
11944,329,5012,107.017515,11.851964,4,0,1,Đắk Nông
11945,329,5013,109.120999,12.481997,4,0,1,Phú Yên
11946,329,5013,109.296407,12.995485,4,0,1,Phú Yên
11947,329,5014,108.836617,16.070336,1,50,1,Đà Nẵng
11948,329,5014,108.83458,16.071757,1,50,1,Đà Nẵng
11949,329,5015,106.765837,19.347132,1,60,1,Thanh Hóa
11950,329,5015,105.212756,20.051334,1,60,1,Thanh Hóa
11951,329,5016,105.201439,20.094847,1,80,1,Nghệ An
11952,329,5016,105.05265,20.107456,1,80,1,Nghệ An
11953,329,5017,106.753633,20.771481,1,50,1,Hòa Bình
11954,329,5017,105.036577,20.825963,1,50,1,Hòa Bình
11955,329,5018,106.240499,21.029782,4,0,1,Hải Phòng
11956,329,5018,106.761186,21.164512,4,0,1,Hải Phòng
11957,329,5019,104.975605,21.445534,2,0,1,Bắc Giang
11958,329,5019,106.225112,21.700711,2,0,1,Bắc Giang
11959,330,5020,106.758633,9.878076,4,0,1,Trà Vinh
11960,330,5020,106.755248,9.882042,4,0,1,Trà Vinh
11961,330,5020,105.355453,9.928397,4,0,1,Trà Vinh
11962,330,5021,106.230426,10.684471,4,0,1,Long An
11963,330,5021,106.223001,10.513869,4,0,1,Long An
11964,330,5021,106.206569,10.53062,4,0,1,Long An
11965,330,5022,106.693921,10.828833,4,0,1,Đồng Tháp
11966,330,5022,105.935666,10.83168,4,0,1,Đồng Tháp
11967,330,5023,109.044422,12.202637,4,0,1,Khánh Hòa
11968,330,5023,109.203481,12.220767,4,0,1,Khánh Hòa
11969,330,5024,109.259444,13.331174,1,50,1,Bình Định
11970,330,5024,109.176346,13.702389,1,50,1,Bình Định
11971,330,5025,109.194186,13.820564,1,50,1,Bình Định
11972,330,5025,109.139853,13.867699,1,50,1,Bình Định
11973,330,5026,109.129698,13.85712,4,0,1,Bình Định
11974,330,5026,109.090927,13.921174,4,0,1,Bình Định
11975,330,5027,107.747237,16.796653,1,80,1,Đà Nẵng
11976,330,5027,108.320638,16.825745,1,80,1,Đà Nẵng
11977,330,5028,105.612458,17.492115,1,90,1,Hà Tĩnh
11978,330,5028,105.40516,17.502773,1,90,1,Hà Tĩnh
11979,330,5029,105.475734,17.94047,1,90,1,Hà Tĩnh
11980,330,5029,105.475716,17.940605,1,90,1,Hà Tĩnh
11981,330,5030,105.474137,17.94604,1,70,1,Hà Tĩnh
11982,330,5030,105.409213,18.100655,1,70,1,Hà Tĩnh
11983,330,5031,105.242806,18.165777,1,60,1,Hà Tĩnh
11984,330,5031,105.242398,18.167646,1,60,1,Hà Tĩnh
11985,330,5032,106.799217,18.350791,4,0,1,Hà Tĩnh
11986,330,5032,106.705809,18.629409,4,0,1,Hà Tĩnh
11987,330,5033,106.718424,18.817268,1,50,1,Hà Tĩnh
11988,330,5033,106.36006,18.958783,1,50,1,Hà Tĩnh
11989,330,5034,105.129825,20.172841,4,0,1,Thái Bình
11990,330,5034,106.69623,20.233207,4,0,1,Thái Bình
11991,330,5035,105.133323,20.364512,1,50,1,Hòa Bình
11992,330,5035,105.118131,20.39209,1,50,1,Hòa Bình
11993,330,5036,105.134363,20.569658,4,0,1,Hải Phòng
11994,330,5036,105.12698,20.580005,4,0,1,Hải Phòng
11995,330,5036,106.478781,20.712138,4,0,1,Hải Phòng
11996,330,5036,105.179169,20.728184,4,0,1,Hải Phòng
11997,330,5037,106.593688,20.742278,2,0,1,Hòa Bình
11998,330,5037,105.101488,20.797313,2,0,1,Hòa Bình
11999,330,5038,105.033702,20.830473,1,80,1,Hòa Bình
12000,330,5038,105.033499,20.830787,1,80,1,Hòa Bình
12001,330,5039,105.026138,20.846474,1,60,1,Hà Nội
12002,330,5039,105.709372,20.890245,1,60,1,Hà Nội
12003,330,5040,105.997114,20.986138,4,0,1,Hải Phòng
12004,330,5040,106.687904,21.041714,4,0,1,Hải Phòng
12005,330,5041,106.658875,21.080547,2,0,1,Phú Thọ
12006,330,5041,105.110322,21.411271,2,0,1,Phú Thọ
12007,330,5042,106.146536,21.872214,1,50,1,Thái Nguyên
12008,330,5042,106.143274,21.875345,1,50,1,Thái Nguyên
12009,330,5042,106.139545,21.882591,1,50,1,Thái Nguyên
12010,330,5043,105.599712,21.960108,4,0,1,Yên Bái
12011,330,5043,104.658181,21.970372,4,0,1,Yên Bái
12012,331,5044,106.779924,9.867743,4,0,1,Hậu Giang
12013,331,5044,105.355327,9.928568,4,0,1,Hậu Giang
12014,331,5044,106.095766,10.03376,4,0,1,Hậu Giang
12015,331,5045,107.231835,10.402046,4,0,1,Bà Rịa - Vũng Tàu
12016,331,5045,107.227623,10.410025,4,0,1,Bà Rịa - Vũng Tàu
12017,331,5045,106.660746,10.431445,4,0,1,Bà Rịa - Vũng Tàu
12018,331,5046,105.889606,10.450001,1,80,1,Bà Rịa - Vũng Tàu
12019,331,5046,107.416429,10.492526,1,80,1,Bà Rịa - Vũng Tàu
12020,331,5046,105.629776,10.612664,1,80,1,Bà Rịa - Vũng Tàu
12021,331,5047,106.031448,10.621392,4,0,1,Đồng Tháp
12022,331,5047,105.405279,10.635398,4,0,1,Đồng Tháp
12023,331,5048,105.967668,10.771185,2,0,1,Long An
12024,331,5048,106.367421,10.771761,2,0,1,Long An
12025,331,5049,106.36261,10.780868,4,0,1,Long An
12026,331,5049,105.960435,10.783573,4,0,1,Long An
12027,331,5049,106.349596,10.78507,4,0,1,Long An
12028,331,5049,106.349077,10.78715,4,0,1,Long An
12029,331,5050,105.535052,11.041588,1,70,1,Đồng Tháp
12030,331,5050,105.536018,11.043668,1,70,1,Đồng Tháp
12031,331,5050,105.534704,11.044158,1,70,1,Đồng Tháp
12032,331,5051,105.79292,11.268206,1,60,1,Tây Ninh
12033,331,5051,105.788756,11.256872,1,60,1,Tây Ninh
12034,331,5052,108.429652,11.938326,11,0,1,Đắk Nông
12035,331,5052,107.548905,11.975333,11,0,1,Đắk Nông
12036,331,5053,108.106612,12.714886,1,60,1,Đắk Lắk
12037,331,5053,107.883815,13.071014,1,60,1,Đắk Lắk
12038,331,5054,109.241775,13.231254,4,0,1,Phú Yên
12039,331,5054,109.21967,13.275457,4,0,1,Phú Yên
12040,331,5055,108.908524,14.91372,1,90,1,Quảng Ngãi
12041,331,5055,108.90186,14.925446,1,90,1,Quảng Ngãi
12042,331,5056,108.289492,16.823295,4,0,1,Thừa Thiên Huế
12043,331,5056,108.241222,16.906078,4,0,1,Thừa Thiên Huế
12044,331,5057,105.969605,15.922603,1,60,1,Hà Tĩnh
12045,331,5057,105.473266,17.945508,1,60,1,Hà Tĩnh
12046,331,5058,106.719668,18.816185,1,50,1,Thanh Hóa
12047,331,5058,106.471528,19.292415,1,50,1,Thanh Hóa
12048,331,5059,105.086553,20.102205,4,0,1,Thanh Hóa
12049,331,5059,105.112301,20.117115,4,0,1,Thanh Hóa
12050,331,5060,105.108248,20.124753,4,0,1,Hòa Bình
12051,331,5060,105.108086,20.124941,4,0,1,Hòa Bình
12052,331,5061,105.173214,20.182984,1,50,1,Hải Phòng
12053,331,5061,106.943592,20.315442,1,50,1,Hải Phòng
12054,331,5062,105.322955,20.929575,4,0,1,Hải Phòng
12055,331,5062,106.969427,20.930717,4,0,1,Hải Phòng
12056,331,5063,107.509592,21.330525,1,60,1,Bắc Giang
12057,331,5063,106.115954,21.351892,1,60,1,Bắc Giang
12058,331,5064,103.954843,22.045377,1,80,1,Lai Châu
12059,331,5064,103.117646,22.098887,1,80,1,Lai Châu
12060,331,5065,105.478067,22.677114,1,80,1,Hà Giang
12061,331,5065,105.379401,22.596175,1,80,1,Hà Giang
12062,332,5066,106.769008,9.896413,4,0,1,Vinh Long
12063,332,5066,106.088277,10.030302,4,0,1,Vinh Long
12064,332,5067,106.764892,10.284077,2,0,1,Đồng Tháp
12065,332,5067,105.682741,10.338207,2,0,1,Đồng Tháp
12066,332,5067,106.345472,10.466827,2,0,1,Đồng Tháp
12067,332,5068,106.032785,10.618934,4,0,1,Vinh Long
12068,332,5068,106.032513,10.619228,4,0,1,Vinh Long
12069,332,5069,106.425228,10.694746,1,80,1,Long An
12070,332,5069,106.21106,10.516761,1,80,1,Long An
12071,332,5070,105.90845,10.878403,11,0,1,Tây Ninh
12072,332,5070,105.908351,10.87857,11,0,1,Tây Ninh
12073,332,5071,105.268523,11.110068,4,0,1,An Giang
12074,332,5071,105.146547,11.224439,4,0,1,An Giang
12075,332,5072,105.333807,11.310321,1,80,1,Tây Ninh
12076,332,5072,105.261727,11.377304,1,80,1,Tây Ninh
12077,332,5073,108.615134,11.739001,2,0,1,Bình Phước
12078,332,5073,107.010511,11.835698,2,0,1,Bình Phước
12079,332,5074,108.640802,12.805569,4,0,1,Đắk Lắk
12080,332,5074,107.825243,13.164979,4,0,1,Đắk Lắk
12081,332,5075,109.219513,14.062667,1,90,1,Kon Tum
12082,332,5075,107.992452,14.304516,1,90,1,Kon Tum
12083,332,5076,108.940071,14.845657,4,0,1,Quảng Ngãi
12084,332,5076,108.938737,14.849184,4,0,1,Quảng Ngãi
12085,332,5076,108.886966,14.907018,4,0,1,Quảng Ngãi
12086,332,5077,108.663593,16.686188,10,0,1,Đà Nẵng
12087,332,5077,108.408975,16.696123,10,0,1,Đà Nẵng
12088,332,5077,108.408418,16.695163,10,0,1,Đà Nẵng
12089,332,5078,107.694813,15.66809,1,80,1,Quảng Trị
12090,332,5078,105.966934,15.677176,1,80,1,Quảng Trị
12091,332,5079,107.202857,15.733675,11,0,1,Thừa Thiên Huế
12092,332,5079,107.158391,15.7569,11,0,1,Thừa Thiên Huế
12093,332,5080,106.704747,18.805171,1,60,1,Thanh Hóa
12094,332,5080,106.510278,19.150271,1,60,1,Thanh Hóa
12095,332,5081,105.200908,20.055107,1,50,1,Thanh Hóa
12096,332,5081,105.200815,20.096912,1,50,1,Thanh Hóa
12097,332,5082,106.850388,20.660072,1,60,1,Hòa Bình
12098,332,5082,105.43382,20.541531,1,60,1,Hòa Bình
12099,332,5083,105.056249,20.855291,4,0,1,Quảng Ninh
12100,332,5083,106.854813,20.898943,4,0,1,Quảng Ninh
12101,332,5083,107.105968,20.949335,4,0,1,Quảng Ninh
12102,332,5083,106.965293,20.951774,4,0,1,Quảng Ninh
12103,332,5083,106.988627,20.977068,4,0,1,Quảng Ninh
12104,332,5084,107.171284,21.458415,1,80,1,Quảng Ninh
12105,332,5084,107.149335,21.496899,1,80,1,Quảng Ninh
12106,332,5085,105.776564,21.843758,4,0,1,Thái Nguyên
12107,332,5085,105.774326,21.845202,4,0,1,Thái Nguyên
12108,332,5085,105.772369,21.849954,4,0,1,Thái Nguyên
12109,332,5086,104.119649,22.337079,1,60,1,Lao Cai
12110,332,5086,104.24735,22.374367,1,60,1,Lao Cai
12111,333,5087,106.152477,9.16017,2,0,1,Trà Vinh
12112,333,5087,106.705969,9.48779,2,0,1,Trà Vinh
12113,333,5088,106.748964,10.296509,4,0,1,Bà Rịa - Vũng Tàu
12114,333,5088,106.885233,10.307097,4,0,1,Bà Rịa - Vũng Tàu
12115,333,5088,104.631344,10.313636,4,0,1,Bà Rịa - Vũng Tàu
12116,333,5089,106.030222,10.623784,4,0,1,Đồng Tháp
12117,333,5089,105.828575,10.651242,4,0,1,Đồng Tháp
12118,333,5089,106.212451,10.51298,4,0,1,Đồng Tháp
12119,333,5090,108.023386,11.674144,2,0,1,Lâm Đồng
12120,333,5090,108.416709,11.781706,2,0,1,Lâm Đồng
12121,333,5091,105.856234,11.925822,4,0,1,Khánh Hòa
12122,333,5091,108.983838,12.279479,4,0,1,Khánh Hòa
12123,333,5092,108.224018,16.940004,4,0,1,Thừa Thiên Huế
12124,333,5092,108.222654,16.942984,4,0,1,Thừa Thiên Huế
12125,333,5093,108.240054,15.044266,11,0,1,Quảng Nam
12126,333,5093,108.135255,15.098501,11,0,1,Quảng Nam
12127,333,5094,105.528762,17.46513,1,60,1,Hà Tĩnh
12128,333,5094,105.407992,18.102506,1,60,1,Hà Tĩnh
12129,333,5095,106.832167,18.671728,4,0,1,Thanh Hóa
12130,333,5095,106.679043,19.544948,4,0,1,Thanh Hóa
12131,333,5096,106.894146,20.80321,4,0,1,Hòa Bình
12132,333,5096,105.321535,20.814933,4,0,1,Hòa Bình
12133,333,5097,106.608556,21.142426,2,0,1,Quảng Ninh
12134,333,5097,107.300939,21.145013,2,0,1,Quảng Ninh
12135,333,5098,105.069677,21.177119,4,0,1,Phú Thọ
12136,333,5098,105.157763,21.261224,4,0,1,Phú Thọ
12137,333,5099,106.392515,21.324808,4,0,1,Bắc Giang
12138,333,5099,106.37896,21.337407,4,0,1,Bắc Giang
12139,333,5100,107.184044,21.463067,1,80,1,Bắc Giang
12140,333,5100,106.19291,21.66515,1,80,1,Bắc Giang
12141,333,5101,106.042594,22.035211,2,0,1,Lao Cai
12142,333,5101,103.790097,22.405089,2,0,1,Lao Cai
12143,334,5102,105.700702,10.172402,4,0,1,Kiên Giang
12144,334,5102,105.595964,10.180416,4,0,1,Kiên Giang
12145,334,5102,105.220516,10.206745,4,0,1,Kiên Giang
12146,334,5102,106.784237,10.345681,4,0,1,Kiên Giang
12147,334,5103,107.221217,10.407334,4,0,1,Bà Rịa - Vũng Tàu
12148,334,5103,107.225707,10.411703,4,0,1,Bà Rịa - Vũng Tàu
12149,334,5103,107.224972,10.416238,4,0,1,Bà Rịa - Vũng Tàu
12150,334,5103,105.544577,10.4518,4,0,1,Bà Rịa - Vũng Tàu
12151,334,5104,106.4562,10.636137,4,0,1,An Giang
12152,334,5104,106.456057,10.636498,4,0,1,An Giang
12153,334,5104,105.356154,10.664333,4,0,1,An Giang
12154,334,5104,105.497729,10.521072,4,0,1,An Giang
12155,334,5105,105.837277,11.049319,1,60,1,Tây Ninh
12156,334,5105,105.83529,11.061362,1,60,1,Tây Ninh
12157,334,5106,105.702244,11.092832,1,60,1,Đồng Nai
12158,334,5106,107.047091,11.097362,1,60,1,Đồng Nai
12159,334,5107,105.338669,11.097729,2,0,1,Đồng Nai
12160,334,5107,107.602121,11.131426,2,0,1,Đồng Nai
12161,334,5108,109.201001,12.226326,4,0,1,Phú Yên
12162,334,5108,109.372004,12.886925,4,0,1,Phú Yên
12163,334,5109,108.244421,12.957991,4,0,1,Phú Yên
12164,334,5109,109.278743,13.025424,4,0,1,Phú Yên
12165,334,5110,108.81132,16.107888,4,0,1,Đà Nẵng
12166,334,5110,108.806905,16.119027,4,0,1,Đà Nẵng
12167,334,5111,108.803936,16.123138,11,0,1,Đà Nẵng
12168,334,5111,108.762831,16.310075,11,0,1,Đà Nẵng
12169,334,5112,105.028422,18.321197,4,0,1,Hà Tĩnh
12170,334,5112,106.809275,18.504553,4,0,1,Hà Tĩnh
12171,334,5113,106.947435,20.180231,1,50,1,Hòa Bình
12172,334,5113,105.159014,20.191332,1,50,1,Hòa Bình
12173,334,5114,105.079725,20.760583,1,50,1,Hòa Bình
12174,334,5114,105.078862,20.762824,1,50,1,Hòa Bình
12175,334,5115,105.358733,20.773345,4,0,1,Hòa Bình
12176,334,5115,105.597508,20.81558,4,0,1,Hòa Bình
12177,334,5116,106.857249,20.894278,4,0,1,Hòa Bình
12178,334,5116,105.160428,20.914595,4,0,1,Hòa Bình
12179,334,5116,106.957155,20.940638,4,0,1,Hòa Bình
12180,334,5117,107.45208,21.214068,4,0,1,Phú Thọ
12181,334,5117,105.130832,21.240306,4,0,1,Phú Thọ
12182,334,5118,106.673383,21.28076,2,0,1,Bắc Giang
12183,334,5118,106.298807,21.37213,2,0,1,Bắc Giang
12184,334,5119,106.226605,21.491698,4,0,1,Lạng Sơn
12185,334,5119,106.825681,21.690906,4,0,1,Lạng Sơn
12186,334,5120,104.826907,21.730651,10,0,1,Yên Bái
12187,334,5120,104.822463,21.737582,10,0,1,Yên Bái
12188,334,5121,104.178031,22.252874,1,60,1,Lao Cai
12189,334,5121,103.941547,22.281168,1,60,1,Lao Cai
12190,335,5122,105.652695,8.576272,1,60,1,Cà Mau
12191,335,5122,105.521222,8.701463,1,60,1,Cà Mau
12192,335,5122,106.567594,9.208506,1,60,1,Cà Mau
12193,335,5123,106.657171,10.499836,4,0,1,TP. Hồ Chí Minh
12194,335,5123,106.655005,10.602468,4,0,1,TP. Hồ Chí Minh
12195,335,5124,106.832932,10.646272,4,0,1,Long An
12196,335,5124,106.021484,10.661506,4,0,1,Long An
12197,335,5124,105.417989,10.657137,4,0,1,Long An
12198,335,5125,105.392744,10.894601,4,0,1,Tây Ninh
12199,335,5125,105.6713,10.995199,4,0,1,Tây Ninh
12200,335,5126,105.699334,11.816787,4,0,1,Tây Ninh
12201,335,5126,105.696034,11.826841,4,0,1,Tây Ninh
12202,335,5127,108.488809,11.991493,4,0,1,Khánh Hòa
12203,335,5127,109.120618,12.049137,4,0,1,Khánh Hòa
12204,335,5128,109.120458,12.049294,1,90,1,Khánh Hòa
12205,335,5128,109.115933,12.067697,1,90,1,Khánh Hòa
12206,335,5128,109.115616,12.068642,1,90,1,Khánh Hòa
12207,335,5129,109.228048,13.268731,1,90,1,Phú Yên
12208,335,5129,109.179187,13.481779,1,90,1,Phú Yên
12209,335,5130,109.004175,14.424227,4,0,1,Kon Tum
12210,335,5130,107.839449,14.56962,4,0,1,Kon Tum
12211,335,5130,108.942583,14.84108,4,0,1,Kon Tum
12212,335,5131,108.900514,14.949007,1,80,1,Quảng Ngãi
12213,335,5131,108.931383,14.959827,1,80,1,Quảng Ngãi
12214,335,5132,108.380467,16.865032,1,50,1,Quảng Nam
12215,335,5132,107.90777,15.287032,1,50,1,Quảng Nam
12216,335,5133,107.308338,15.538931,4,0,1,Quảng Trị
12217,335,5133,105.855245,15.711475,4,0,1,Quảng Trị
12218,335,5134,106.789345,19.580781,4,0,1,Thái Bình
12219,335,5134,106.802771,19.80075,4,0,1,Thái Bình
12220,335,5135,106.802554,19.801889,1,60,1,Thái Bình
12221,335,5135,106.801804,19.803821,1,60,1,Thái Bình
12222,335,5136,105.010317,20.296561,4,0,1,Hòa Bình
12223,335,5136,105.007088,20.303199,4,0,1,Hòa Bình
12224,335,5137,105.052257,21.171902,4,0,1,Hải Phòng
12225,335,5137,106.703919,21.215576,4,0,1,Hải Phòng
12226,335,5137,105.127369,21.247805,4,0,1,Hải Phòng
12227,335,5138,105.646209,22.15554,1,60,1,Lao Cai
12228,335,5138,104.083043,22.406959,1,60,1,Lao Cai
12229,336,5139,105.549753,8.594981,1,60,1,Sóc Trăng
12230,336,5139,106.443587,9.264525,1,60,1,Sóc Trăng
12231,336,5140,106.51127,10.237851,2,0,1,Bà Rịa - Vũng Tàu
12232,336,5140,106.984476,10.245813,2,0,1,Bà Rịa - Vũng Tàu
12233,336,5141,107.277342,10.453072,4,0,1,Bà Rịa - Vũng Tàu
12234,336,5141,107.277187,10.453433,4,0,1,Bà Rịa - Vũng Tàu
12235,336,5141,107.274005,10.470125,4,0,1,Bà Rịa - Vũng Tàu
12236,336,5142,105.859329,10.496271,1,50,1,TP. Hồ Chí Minh
12237,336,5142,106.81218,10.690857,1,50,1,TP. Hồ Chí Minh
12238,336,5143,105.55195,10.529874,11,0,1,Bà Rịa - Vũng Tàu
12239,336,5143,107.048238,10.534231,11,0,1,Bà Rịa - Vũng Tàu
12240,336,5144,105.568164,10.537901,4,0,1,Bà Rịa - Vũng Tàu
12241,336,5144,107.046299,10.540688,4,0,1,Bà Rịa - Vũng Tàu
12242,336,5145,107.041747,10.548276,11,0,1,Bà Rịa - Vũng Tàu
12243,336,5145,107.038279,10.565082,11,0,1,Bà Rịa - Vũng Tàu
12244,336,5145,107.038105,10.565309,11,0,1,Bà Rịa - Vũng Tàu
12245,336,5146,105.95943,10.554636,1,90,1,Bà Rịa - Vũng Tàu
12246,336,5146,107.029285,10.576319,1,90,1,Bà Rịa - Vũng Tàu
12247,336,5147,105.820407,10.718344,1,60,1,Đồng Tháp
12248,336,5147,105.670183,10.832628,1,60,1,Đồng Tháp
12249,336,5148,105.745706,11.122097,4,0,1,An Giang
12250,336,5148,105.113942,11.178652,4,0,1,An Giang
12251,336,5148,105.113058,11.180499,4,0,1,An Giang
12252,336,5148,105.670133,11.209327,4,0,1,An Giang
12253,336,5149,107.414384,11.389737,4,0,1,Đắk Nông
12254,336,5149,107.742967,11.58295,4,0,1,Đắk Nông
12255,336,5150,105.694835,11.589938,1,80,1,Ninh Thuận
12256,336,5150,109.105799,11.808546,1,80,1,Ninh Thuận
12257,336,5151,105.697472,11.820072,4,0,1,Khánh Hòa
12258,336,5151,109.023729,12.247099,4,0,1,Khánh Hòa
12259,336,5151,109.202275,12.274644,4,0,1,Khánh Hòa
12260,336,5151,109.290133,13.102362,4,0,1,Khánh Hòa
12261,336,5152,106.409151,18.788912,1,80,1,Hà Tĩnh
12262,336,5152,106.700961,18.813624,1,80,1,Hà Tĩnh
12263,336,5153,106.798936,19.810472,11,0,1,Thái Bình
12264,336,5153,106.798827,19.810505,11,0,1,Thái Bình
12265,336,5154,106.971855,20.265911,11,0,1,Hải Phòng
12266,336,5154,106.959593,20.251584,11,0,1,Hải Phòng
12267,336,5154,106.958237,20.254929,11,0,1,Hải Phòng
12268,336,5154,106.957946,20.25665,11,0,1,Hải Phòng
12269,336,5155,105.02714,20.305084,4,0,1,Hòa Bình
12270,336,5155,105.255318,20.320835,4,0,1,Hòa Bình
12271,336,5155,105.364743,20.403341,4,0,1,Hòa Bình
12272,336,5155,106.773937,20.60217,4,0,1,Hòa Bình
12273,336,5156,105.558629,21.218651,1,80,1,Quảng Ninh
12274,336,5156,107.34985,21.220318,1,80,1,Quảng Ninh
12275,336,5157,106.522416,21.282385,2,0,1,Hải Phòng
12276,336,5157,106.88672,21.283169,2,0,1,Hải Phòng
12277,336,5158,107.0558,21.68396,1,80,1,Yên Bái
12278,336,5158,104.994884,21.71093,1,80,1,Yên Bái
12279,337,5159,105.376517,10.243486,4,0,1,Kiên Giang
12280,337,5159,103.876597,10.32063,4,0,1,Kiên Giang
12281,337,5160,104.480114,10.399436,4,0,1,Đồng Tháp
12282,337,5160,105.857117,10.600339,4,0,1,Đồng Tháp
12283,337,5160,106.654387,10.6056,4,0,1,Đồng Tháp
12284,337,5161,105.826436,11.382977,4,0,1,Bình Thuận
12285,337,5161,107.853905,11.409851,4,0,1,Bình Thuận
12286,337,5162,108.877706,11.543144,4,0,1,Lâm Đồng
12287,337,5162,108.312486,11.563876,4,0,1,Lâm Đồng
12288,337,5163,109.028547,12.236222,4,0,1,Khánh Hòa
12289,337,5163,108.959433,12.31258,4,0,1,Khánh Hòa
12290,337,5164,108.919163,12.649577,1,50,1,Đắk Lắk
12291,337,5164,107.969958,12.520052,1,50,1,Đắk Lắk
12292,337,5165,109.000682,13.507469,2,0,1,Gia Lai
12293,337,5165,107.84505,13.768041,2,0,1,Gia Lai
12294,337,5166,108.765352,13.968879,1,60,1,Gia Lai
12295,337,5166,107.997903,13.975169,1,60,1,Gia Lai
12296,337,5167,108.373408,16.872466,11,0,1,Quảng Nam
12297,337,5167,108.161745,15.058901,11,0,1,Quảng Nam
12298,337,5167,108.160663,15.071888,11,0,1,Quảng Nam
12299,337,5167,108.160013,15.073251,11,0,1,Quảng Nam
12300,337,5167,108.145511,15.081494,11,0,1,Quảng Nam
12301,337,5168,107.614262,15.658712,4,0,1,Quảng Nam
12302,337,5168,107.613875,15.659694,4,0,1,Quảng Nam
12303,337,5169,107.01896,15.814936,4,0,1,Thừa Thiên Huế
12304,337,5169,107.100501,15.824325,4,0,1,Thừa Thiên Huế
12305,337,5169,105.6346,17.686203,4,0,1,Thừa Thiên Huế
12306,337,5170,106.493458,18.592046,2,0,1,Hà Tĩnh
12307,337,5170,106.393103,18.818052,2,0,1,Hà Tĩnh
12308,337,5171,106.354361,18.848944,1,80,1,Nghệ An
12309,337,5171,104.769742,19.1181,1,80,1,Nghệ An
12310,337,5172,105.057987,19.986878,2,0,1,Nam Định
12311,337,5172,106.269518,20.146718,2,0,1,Nam Định
12312,337,5173,106.929717,20.337805,1,50,1,Hải Phòng
12313,337,5173,106.924881,20.345608,1,50,1,Hải Phòng
12314,337,5173,105.249644,20.350512,1,50,1,Hải Phòng
12315,337,5174,106.993724,20.621296,1,60,1,Hà Nam
12316,337,5174,105.666974,20.653046,1,60,1,Hà Nam
12317,337,5174,106.556408,20.58316,1,60,1,Hà Nam
12318,338,5175,105.698765,8.555035,1,60,1,Sóc Trăng
12319,338,5175,106.551332,9.199339,1,60,1,Sóc Trăng
12320,338,5175,106.578891,9.296617,1,60,1,Sóc Trăng
12321,338,5176,105.499061,10.489874,4,0,1,Long An
12322,338,5176,106.022599,10.64856,4,0,1,Long An
12323,338,5177,106.042425,10.889397,2,0,1,An Giang
12324,338,5177,105.383716,10.915886,2,0,1,An Giang
12325,338,5178,105.824326,10.921401,11,0,1,Đồng Nai
12326,338,5178,107.238899,10.939117,11,0,1,Đồng Nai
12327,338,5179,105.527188,11.078493,1,70,1,Tây Ninh
12328,338,5179,105.517476,11.113724,1,70,1,Tây Ninh
12329,338,5180,105.738695,11.15459,1,50,1,Bình Thuận
12330,338,5180,107.853568,11.233715,1,50,1,Bình Thuận
12331,338,5181,105.899372,11.54299,1,50,1,Đắk Nông
12332,338,5181,107.548195,11.992782,1,50,1,Đắk Nông
12333,338,5182,108.418187,13.437772,4,0,1,Bình Định
12334,338,5182,109.02007,13.661579,4,0,1,Bình Định
12335,338,5183,108.233522,13.979853,1,80,1,Gia Lai
12336,338,5183,108.146742,13.989675,1,80,1,Gia Lai
12337,338,5183,107.988519,14.079759,1,80,1,Gia Lai
12338,338,5184,108.977468,14.761168,4,0,1,Quảng Ngãi
12339,338,5184,108.929821,14.859216,4,0,1,Quảng Ngãi
12340,338,5184,108.812449,16.106303,4,0,1,Quảng Ngãi
12341,338,5185,108.829247,16.332475,1,60,1,Đà Nẵng
12342,338,5185,108.343129,16.702133,1,60,1,Đà Nẵng
12343,338,5186,105.536894,17.431421,1,90,1,Hà Tĩnh
12344,338,5186,105.440846,17.704433,1,90,1,Hà Tĩnh
12345,338,5187,106.509127,19.156646,1,80,1,Nghệ An
12346,338,5187,104.636698,19.221776,1,80,1,Nghệ An
12347,338,5188,106.596082,19.396285,4,0,1,Thanh Hóa
12348,338,5188,106.568631,19.499133,4,0,1,Thanh Hóa
12349,338,5189,105.451484,20.854621,1,80,1,Hòa Bình
12350,338,5189,105.288999,20.85715,1,80,1,Hòa Bình
12351,338,5190,105.469988,20.858643,1,50,1,Hải Phòng
12352,338,5190,106.85258,20.903503,1,50,1,Hải Phòng
12353,338,5191,105.056579,21.154614,4,0,1,Bắc Giang
12354,338,5191,106.582294,21.231,4,0,1,Bắc Giang
12355,338,5192,106.168816,21.377387,1,80,1,Sơn La
12356,338,5192,103.776689,21.382935,1,80,1,Sơn La
12357,338,5193,103.421837,22.417056,4,0,1,Lao Cai
12358,338,5193,104.00999,22.431964,4,0,1,Lao Cai
12359,339,5194,106.452892,9.22221,1,60,1,Sóc Trăng
12360,339,5194,106.439568,9.273657,1,60,1,Sóc Trăng
12361,339,5195,106.700919,9.959311,1,50,1,Trà Vinh
12362,339,5195,106.596385,9.984487,1,50,1,Trà Vinh
12363,339,5196,106.910517,10.275193,4,0,1,Bà Rịa - Vũng Tàu
12364,339,5196,106.909694,10.278787,4,0,1,Bà Rịa - Vũng Tàu
12365,339,5197,105.030855,10.410417,1,60,1,An Giang
12366,339,5197,105.190537,10.413646,1,60,1,An Giang
12367,339,5198,105.564663,10.563424,4,0,1,Bà Rịa - Vũng Tàu
12368,339,5198,107.712058,10.747704,4,0,1,Bà Rịa - Vũng Tàu
12369,339,5199,106.203591,10.789528,4,0,1,Long An
12370,339,5199,106.095443,10.793158,4,0,1,Long An
12371,339,5199,106.180647,10.879535,4,0,1,Long An
12372,339,5200,105.741082,11.151824,1,60,1,Bình Thuận
12373,339,5200,108.611189,11.236019,1,60,1,Bình Thuận
12374,339,5200,105.722375,11.278548,1,60,1,Bình Thuận
12375,339,5201,107.372462,11.669897,2,0,1,Bình Phước
12376,339,5201,107.004358,11.883557,2,0,1,Bình Phước
12377,339,5202,107.695742,12.283736,1,50,1,Đắk Nông
12378,339,5202,107.930775,12.339537,1,50,1,Đắk Nông
12379,339,5202,107.89071,12.406221,1,50,1,Đắk Nông
12380,339,5203,109.14049,13.837918,4,0,1,Bình Định
12381,339,5203,109.137225,13.845705,4,0,1,Bình Định
12382,339,5204,108.017653,13.903785,1,90,1,Bình Định
12383,339,5204,109.245216,13.953382,1,90,1,Bình Định
12384,339,5205,108.802648,16.12544,11,0,1,Đà Nẵng
12385,339,5205,108.781674,16.260791,11,0,1,Đà Nẵng
12386,339,5206,106.791557,18.376641,4,0,1,Hà Tĩnh
12387,339,5206,106.572353,18.495884,4,0,1,Hà Tĩnh
12388,339,5206,106.571906,18.498214,4,0,1,Hà Tĩnh
12389,339,5207,106.51539,19.788583,4,0,1,Thái Bình
12390,339,5207,106.751153,19.807737,4,0,1,Thái Bình
12391,339,5208,105.785657,20.599838,1,60,1,Hải Phòng
12392,339,5208,107.039366,20.732346,1,60,1,Hải Phòng
12393,339,5209,105.365877,21.238602,4,0,1,Quảng Ninh
12394,339,5209,107.468079,21.271621,4,0,1,Quảng Ninh
12395,339,5210,105.71278,21.401369,1,60,1,Bắc Giang
12396,339,5210,106.192685,21.413913,1,60,1,Bắc Giang
12397,339,5211,105.10191,21.427646,2,0,1,Yên Bái
12398,339,5211,104.625086,21.683381,2,0,1,Yên Bái
12399,340,5212,106.05092,9.442136,4,0,1,Sóc Trăng
12400,340,5212,106.069698,9.446728,4,0,1,Sóc Trăng
12401,340,5213,106.679054,9.567779,2,0,1,Trà Vinh
12402,340,5213,106.674311,9.570724,2,0,1,Trà Vinh
12403,340,5214,105.334405,10.125872,4,0,1,Kiên Giang
12404,340,5214,105.273102,10.189153,4,0,1,Kiên Giang
12405,340,5215,105.387588,10.363112,4,0,1,Đồng Tháp
12406,340,5215,105.576713,10.350816,4,0,1,Đồng Tháp
12407,340,5216,105.464183,10.392681,1,80,1,An Giang
12408,340,5216,105.031792,10.407863,1,80,1,An Giang
12409,340,5217,105.404851,10.697792,4,0,1,Đồng Tháp
12410,340,5217,105.740301,10.59465,4,0,1,Đồng Tháp
12411,340,5217,105.731965,10.731092,4,0,1,Đồng Tháp
12412,340,5218,105.724161,10.85496,4,0,1,Tây Ninh
12413,340,5218,105.827993,10.911809,4,0,1,Tây Ninh
12414,340,5219,107.16005,11.00841,1,50,1,Tây Ninh
12415,340,5219,105.963557,11.073396,1,50,1,Tây Ninh
12416,340,5220,105.099294,11.201351,4,0,1,Bình Thuận
12417,340,5220,107.839077,11.475857,4,0,1,Bình Thuận
12418,340,5220,107.837926,11.479974,4,0,1,Bình Thuận
12419,340,5220,107.478035,11.613692,4,0,1,Bình Thuận
12420,340,5221,105.897351,11.548175,1,50,1,Bình Phước
12421,340,5221,107.150033,11.768165,1,50,1,Bình Phước
12422,340,5222,107.79242,11.910792,4,0,1,Khánh Hòa
12423,340,5222,109.166855,12.081032,4,0,1,Khánh Hòa
12424,340,5223,107.386258,12.269757,2,0,1,Phú Yên
12425,340,5223,109.350815,12.760252,2,0,1,Phú Yên
12426,340,5224,108.162275,13.307412,4,0,1,Phú Yên
12427,340,5224,109.195735,13.354591,4,0,1,Phú Yên
12428,340,5225,108.643126,13.79095,1,60,1,Gia Lai
12429,340,5225,107.947399,13.873084,1,60,1,Gia Lai
12430,340,5226,107.945129,13.875635,1,80,1,Kon Tum
12431,340,5226,108.0256,14.381658,1,80,1,Kon Tum
12432,340,5227,106.866424,18.644125,4,0,1,Hà Tĩnh
12433,340,5227,106.519863,18.540506,4,0,1,Hà Tĩnh
12434,340,5228,106.619675,18.576569,1,60,1,Hà Tĩnh
12435,340,5228,106.537627,18.588597,1,60,1,Hà Tĩnh
12436,340,5228,106.535579,18.591116,1,60,1,Hà Tĩnh
12437,340,5228,106.533606,18.700148,1,60,1,Hà Tĩnh
12438,340,5229,106.785063,20.535305,4,0,1,Hòa Bình
12439,340,5229,105.063233,20.767707,4,0,1,Hòa Bình
12440,340,5229,105.238071,20.788132,4,0,1,Hòa Bình
12441,340,5230,105.311737,20.835668,1,50,1,Hòa Bình
12442,340,5230,105.308956,20.844786,1,50,1,Hòa Bình
12443,340,5231,106.979453,20.885493,1,50,1,Hải Phòng
12444,340,5231,106.961235,20.914064,1,50,1,Hải Phòng
12445,340,5232,106.161854,21.389455,2,0,1,Lạng Sơn
12446,340,5232,106.808118,21.606044,2,0,1,Lạng Sơn
12447,340,5233,104.878863,22.004986,1,80,1,Yên Bái
12448,340,5233,104.732025,22.114009,1,80,1,Yên Bái
12449,341,5234,105.481618,10.195112,2,0,1,Kiên Giang
12450,341,5234,106.991057,10.223739,2,0,1,Kiên Giang
12451,341,5234,104.688899,10.238101,2,0,1,Kiên Giang
12452,341,5234,105.339021,10.388227,2,0,1,Kiên Giang
12453,341,5235,105.34223,10.474395,1,60,1,Đồng Tháp
12454,341,5235,105.752303,10.493435,1,60,1,Đồng Tháp
12455,341,5236,106.026703,10.634764,4,0,1,Đồng Tháp
12456,341,5236,105.415638,10.670787,4,0,1,Đồng Tháp
12457,341,5236,105.732956,10.728253,4,0,1,Đồng Tháp
12458,341,5237,105.686255,10.775114,1,60,1,Đồng Tháp
12459,341,5237,105.683282,10.782116,1,60,1,Đồng Tháp
12460,341,5237,105.680889,10.789174,1,60,1,Đồng Tháp
12461,341,5238,105.928406,10.863668,1,50,1,Đồng Nai
12462,341,5238,107.365563,10.90864,1,50,1,Đồng Nai
12463,341,5239,107.365529,10.908561,4,0,1,Bình Thuận
12464,341,5239,108.104969,10.929759,4,0,1,Bình Thuận
12465,341,5240,108.772404,11.864788,4,0,1,Khánh Hòa
12466,341,5240,109.19867,12.230499,4,0,1,Khánh Hòa
12467,341,5241,109.264033,13.26044,1,90,1,Phú Yên
12468,341,5241,109.188117,13.50013,1,90,1,Phú Yên
12469,341,5242,109.121841,13.887154,1,60,1,Bình Định
12470,341,5242,109.047888,13.941528,1,60,1,Bình Định
12471,341,5243,108.245733,15.106532,11,0,1,Quảng Nam
12472,341,5243,108.12684,15.115463,11,0,1,Quảng Nam
12473,341,5244,106.554532,18.722548,4,0,1,Hà Tĩnh
12474,341,5244,106.697022,18.775894,4,0,1,Hà Tĩnh
12475,341,5245,105.34464,20.304035,4,0,1,Hà Nam
12476,341,5245,105.613694,20.628122,4,0,1,Hà Nam
12477,341,5245,105.646796,20.523966,4,0,1,Hà Nam
12478,341,5246,105.515604,20.863883,2,0,1,Hòa Bình
12479,341,5246,105.306663,20.864563,2,0,1,Hòa Bình
12480,341,5247,106.881995,20.865714,4,0,1,Hòa Bình
12481,341,5247,105.304324,20.868333,4,0,1,Hòa Bình
12482,341,5248,106.881622,21.054979,4,0,1,Hải Phòng
12483,341,5248,106.881255,21.056709,4,0,1,Hải Phòng
12484,341,5249,105.890003,21.229464,2,0,1,Bắc Giang
12485,341,5249,106.564044,21.253172,2,0,1,Bắc Giang
12486,341,5250,106.196114,21.429281,2,0,1,Tuyên Quang
12487,341,5250,105.434304,21.607445,2,0,1,Tuyên Quang
12488,341,5251,106.927207,22.389243,1,60,1,Hà Giang
12489,341,5251,105.244317,22.587356,1,60,1,Hà Giang
12490,342,5252,105.529962,10.472533,4,0,1,Bà Rịa - Vũng Tàu
12491,342,5252,107.197802,10.481088,4,0,1,Bà Rịa - Vũng Tàu
12492,342,5252,105.419076,10.630922,4,0,1,Bà Rịa - Vũng Tàu
12493,342,5253,105.5652,10.548052,4,0,1,Long An
12494,342,5253,106.396805,10.568717,4,0,1,Long An
12495,342,5254,105.534157,10.809371,1,80,1,Đồng Tháp
12496,342,5254,105.532723,10.814052,1,80,1,Đồng Tháp
12497,342,5255,108.232314,11.757394,1,80,1,Đắk Nông
12498,342,5255,107.416897,12.239943,1,80,1,Đắk Nông
12499,342,5255,107.517745,12.244217,1,80,1,Đắk Nông
12500,342,5256,109.19143,13.460765,4,0,1,Phú Yên
12501,342,5256,108.997122,13.522755,4,0,1,Phú Yên
12502,342,5257,108.926408,14.984308,1,60,1,Đà Nẵng
12503,342,5257,108.811795,16.39536,1,60,1,Đà Nẵng
12504,342,5258,106.84421,20.262882,1,60,1,Hải Phòng
12505,342,5258,106.921109,20.350583,1,60,1,Hải Phòng
12506,342,5259,104.569896,20.845014,4,0,1,Hải Phòng
12507,342,5259,106.880791,20.858361,4,0,1,Hải Phòng
12508,342,5260,105.7595,21.825575,4,0,1,Thái Nguyên
12509,342,5260,105.70179,21.948291,4,0,1,Thái Nguyên
12510,342,5261,103.747535,22.592842,1,60,1,Hà Giang
12511,342,5261,104.986965,22.79652,1,60,1,Hà Giang
12512,343,5262,106.726781,10.398662,4,0,1,Đồng Tháp
12513,343,5262,104.47814,10.404142,4,0,1,Đồng Tháp
12514,343,5262,105.460237,10.404706,4,0,1,Đồng Tháp
12515,343,5262,107.293187,10.432363,4,0,1,Đồng Tháp
12516,343,5263,105.928491,10.86325,11,0,1,Đồng Tháp
12517,343,5263,105.733762,10.858169,11,0,1,Đồng Tháp
12518,343,5263,105.733715,10.858294,11,0,1,Đồng Tháp
12519,343,5264,107.139567,10.89507,2,0,1,Đồng Tháp
12520,343,5264,105.575351,10.969545,2,0,1,Đồng Tháp
12521,343,5265,107.384883,10.991997,1,60,1,Tây Ninh
12522,343,5265,105.914097,11.008745,1,60,1,Tây Ninh
12523,343,5266,105.549312,11.024242,1,70,1,Tây Ninh
12524,343,5266,105.527888,11.075726,1,70,1,Tây Ninh
12525,343,5267,105.514709,11.122318,1,70,1,Tây Ninh
12526,343,5267,105.513945,11.124839,1,70,1,Tây Ninh
12527,343,5268,107.840108,11.525572,4,0,1,Ninh Thuận
12528,343,5268,109.099092,11.877918,4,0,1,Ninh Thuận
12529,343,5269,109.191997,13.506879,1,80,1,Gia Lai
12530,343,5269,108.00072,13.823565,1,80,1,Gia Lai
12531,343,5270,108.237719,15.060757,10,0,1,Quảng Ngãi
12532,343,5270,108.247393,15.066434,10,0,1,Quảng Ngãi
12533,343,5270,108.233411,15.054815,10,0,1,Quảng Ngãi
12534,343,5271,106.66955,18.656933,1,60,1,Hà Tĩnh
12535,343,5271,106.532658,18.702991,1,60,1,Hà Tĩnh
12536,343,5272,105.236109,20.3261,1,50,1,Hòa Bình
12537,343,5272,105.347518,20.336018,1,50,1,Hòa Bình
12538,343,5273,105.481269,20.551813,1,80,1,Hải Phòng
12539,343,5273,106.829527,20.7222,1,80,1,Hải Phòng
12540,343,5274,105.063101,20.768123,4,0,1,Hải Phòng
12541,343,5274,106.598183,20.894553,4,0,1,Hải Phòng
12542,343,5274,106.960505,20.915348,4,0,1,Hải Phòng
12543,343,5275,105.1854,20.93007,1,60,1,Hải Phòng
12544,343,5275,106.585122,20.941108,1,60,1,Hải Phòng
12545,343,5276,105.794916,21.336398,4,0,1,Quảng Ninh
12546,343,5276,106.983939,21.364346,4,0,1,Quảng Ninh
12547,343,5277,105.653828,21.37178,2,0,1,Lạng Sơn
12548,343,5277,107.017948,21.474457,2,0,1,Lạng Sơn
12549,343,5278,104.407549,22.276149,1,80,1,Lao Cai
12550,343,5278,104.150007,22.438113,1,80,1,Lao Cai
12551,344,5279,106.490985,9.152143,1,50,1,Trà Vinh
12552,344,5279,106.842235,9.607462,1,50,1,Trà Vinh
12553,344,5280,106.470769,9.746869,1,50,1,Trà Vinh
12554,344,5280,106.782522,10.016807,1,50,1,Trà Vinh
12555,344,5281,105.375768,10.231082,4,0,1,Đồng Tháp
12556,344,5281,105.369914,10.254321,4,0,1,Đồng Tháp
12557,344,5282,106.224726,10.83765,4,0,1,Đồng Tháp
12558,344,5282,105.733153,10.870163,4,0,1,Đồng Tháp
12559,344,5283,105.51238,11.510381,4,0,1,Bình Thuận
12560,344,5283,108.0212,11.546271,4,0,1,Bình Thuận
12561,344,5284,109.120133,12.484258,4,0,1,Đắk Lắk
12562,344,5284,107.993907,12.632927,4,0,1,Đắk Lắk
12563,344,5284,108.129453,12.517707,4,0,1,Đắk Lắk
12564,344,5284,108.073387,12.768718,4,0,1,Đắk Lắk
12565,344,5284,108.072916,12.750355,4,0,1,Đắk Lắk
12566,344,5285,108.76288,12.978788,4,0,1,Đắk Lắk
12567,344,5285,108.23146,12.983723,4,0,1,Đắk Lắk
12568,344,5286,108.875058,14.991802,1,80,1,Đà Nẵng
12569,344,5286,108.912054,16.024069,1,80,1,Đà Nẵng
12570,344,5287,107.745345,16.188841,1,60,1,Đà Nẵng
12571,344,5287,108.330985,16.546948,1,60,1,Đà Nẵng
12572,344,5288,107.062926,15.999342,1,50,1,Hà Tĩnh
12573,344,5288,105.434236,17.789604,1,50,1,Hà Tĩnh
12574,344,5289,106.586059,18.526792,1,80,1,Hà Tĩnh
12575,344,5289,106.518733,18.559868,1,80,1,Hà Tĩnh
12576,344,5290,106.509491,19.154284,1,50,1,Hải Phòng
12577,344,5290,106.923577,20.349659,1,50,1,Hải Phòng
12578,344,5291,105.444512,20.383055,1,60,1,Hải Phòng
12579,344,5291,106.993775,20.642632,1,60,1,Hải Phòng
12580,344,5292,105.425184,20.715902,1,80,1,Hòa Bình
12581,344,5292,105.374102,20.768044,1,80,1,Hòa Bình
12582,344,5293,105.543951,20.920945,2,0,1,Hải Phòng
12583,344,5293,106.944216,20.938934,2,0,1,Hải Phòng
12584,344,5294,106.623308,20.996948,1,80,1,Hòa Bình
12585,344,5294,105.325752,21.026265,1,80,1,Hòa Bình
12586,344,5295,106.787025,21.108315,4,0,1,Phú Thọ
12587,344,5295,105.137263,21.337563,4,0,1,Phú Thọ
12588,344,5296,103.009084,21.3951,4,0,1,Điện Biên
12589,344,5296,103.009026,21.395306,4,0,1,Điện Biên
12590,344,5296,106.844234,21.472632,4,0,1,Điện Biên
12591,344,5297,105.468605,21.663123,1,80,1,Điện Biên
12592,344,5297,103.060794,21.537905,1,80,1,Điện Biên
12593,344,5297,103.479991,21.540027,1,80,1,Điện Biên
12594,345,5298,106.465994,9.824352,4,0,1,Trà Vinh
12595,345,5298,106.465901,9.824699,4,0,1,Trà Vinh
12596,345,5299,105.349894,9.850228,2,0,1,Bến Tre
12597,345,5299,106.837671,10.035041,2,0,1,Bến Tre
12598,345,5300,103.989367,10.129397,4,0,1,Bến Tre
12599,345,5300,106.407883,10.19109,4,0,1,Bến Tre
12600,345,5301,105.936419,10.703247,1,50,1,Đồng Tháp
12601,345,5301,105.93242,10.715119,1,50,1,Đồng Tháp
12602,345,5302,105.359393,11.281417,1,60,1,Đồng Nai
12603,345,5302,105.419063,11.330758,1,60,1,Đồng Nai
12604,345,5302,107.336188,11.34225,1,60,1,Đồng Nai
12605,345,5302,105.733677,11.386383,1,60,1,Đồng Nai
12606,345,5303,108.142497,12.685269,4,0,1,Phú Yên
12607,345,5303,109.397488,12.873951,4,0,1,Phú Yên
12608,345,5304,109.213808,13.293394,4,0,1,Phú Yên
12609,345,5304,109.200598,13.31582,4,0,1,Phú Yên
12610,345,5305,109.048818,14.682106,4,0,1,Quảng Ngãi
12611,345,5305,109.048576,14.682712,4,0,1,Quảng Ngãi
12612,345,5306,105.204721,20.085346,1,50,1,Hòa Bình
12613,345,5306,105.151528,20.216968,1,50,1,Hòa Bình
12614,345,5307,106.954431,20.469133,4,0,1,Hải Phòng
12615,345,5307,106.950221,20.475907,4,0,1,Hải Phòng
12616,345,5308,105.047061,20.790804,4,0,1,Hòa Bình
12617,345,5308,105.30383,20.791529,4,0,1,Hòa Bình
12618,345,5309,105.096236,21.038205,11,0,1,Phú Thọ
12619,345,5309,105.096233,21.055848,11,0,1,Phú Thọ
12620,345,5310,105.126469,21.206485,2,0,1,Quảng Ninh
12621,345,5310,107.274965,21.258431,2,0,1,Quảng Ninh
12622,345,5311,105.059053,21.380085,1,80,1,Sơn La
12623,345,5311,103.776413,21.385667,1,80,1,Sơn La
12624,345,5312,107.75134,21.472612,1,60,1,Quảng Ninh
12625,345,5312,107.952349,21.616857,1,60,1,Quảng Ninh
12626,346,5313,104.033071,10.162078,1,60,1,Kiên Giang
12627,346,5313,103.950549,10.241137,1,60,1,Kiên Giang
12628,346,5314,105.673537,10.394467,11,0,1,Đồng Tháp
12629,346,5314,105.575001,10.398668,11,0,1,Đồng Tháp
12630,346,5315,105.601575,10.507545,4,0,1,Đồng Tháp
12631,346,5315,105.600003,10.514117,4,0,1,Đồng Tháp
12632,346,5315,105.499933,10.514466,4,0,1,Đồng Tháp
12633,346,5315,106.369928,10.755135,4,0,1,Đồng Tháp
12634,346,5316,105.799433,10.980746,1,60,1,Tây Ninh
12635,346,5316,105.724701,11.041911,1,60,1,Tây Ninh
12636,346,5317,105.410165,11.263672,1,60,1,Tây Ninh
12637,346,5317,105.732623,11.251031,1,60,1,Tây Ninh
12638,346,5317,105.426056,11.305924,1,60,1,Tây Ninh
12639,346,5318,105.029488,11.445411,2,0,1,An Giang
12640,346,5318,105.021347,11.47855,2,0,1,An Giang
12641,346,5319,105.006621,11.641009,4,0,1,Bình Thuận
12642,346,5319,108.304532,11.519149,4,0,1,Bình Thuận
12643,346,5320,106.756094,17.580405,1,90,1,Hà Tĩnh
12644,346,5320,105.373372,17.776599,1,90,1,Hà Tĩnh
12645,346,5321,106.902189,18.345882,4,0,1,Hà Tĩnh
12646,346,5321,106.54897,18.696083,4,0,1,Hà Tĩnh
12647,346,5321,106.548893,18.696372,4,0,1,Hà Tĩnh
12648,346,5322,106.68131,18.844062,4,0,1,Hà Tĩnh
12649,346,5322,106.67705,18.86509,4,0,1,Hà Tĩnh
12650,346,5323,106.289525,19.000594,2,0,1,Thanh Hóa
12651,346,5323,106.604605,19.330189,2,0,1,Thanh Hóa
12652,346,5324,105.338962,20.532924,1,60,1,Hải Phòng
12653,346,5324,106.940556,20.535851,1,60,1,Hải Phòng
12654,346,5325,103.907141,21.330366,4,0,1,Sơn La
12655,346,5325,103.910376,21.337086,4,0,1,Sơn La
12656,346,5325,103.910311,21.337328,4,0,1,Sơn La
12657,346,5326,105.524786,22.038943,4,0,1,Thái Nguyên
12658,346,5326,106.033419,22.065351,4,0,1,Thái Nguyên
12659,347,5327,105.189414,9.843733,4,0,1,Bến Tre
12660,347,5327,105.199929,10.060557,4,0,1,Bến Tre
12661,347,5327,106.417222,10.149702,4,0,1,Bến Tre
12662,347,5327,106.412785,10.170614,4,0,1,Bến Tre
12663,347,5328,105.347114,10.321352,4,0,1,Long An
12664,347,5328,106.532666,10.435737,4,0,1,Long An
12665,347,5328,106.5323,10.437758,4,0,1,Long An
12666,347,5329,106.989719,11.694566,4,0,1,Bình Phước
12667,347,5329,106.989599,11.694903,4,0,1,Bình Phước
12668,347,5330,108.108007,12.564075,4,0,1,Đắk Lắk
12669,347,5330,108.254927,12.918882,4,0,1,Đắk Lắk
12670,347,5330,109.257288,13.183546,4,0,1,Đắk Lắk
12671,347,5331,109.213997,13.292686,1,90,1,Phú Yên
12672,347,5331,109.246168,13.620714,1,90,1,Phú Yên
12673,347,5332,108.794142,16.188715,4,0,1,Quảng Nam
12674,347,5332,107.679146,15.427948,4,0,1,Quảng Nam
12675,347,5333,105.534345,17.435918,4,0,1,Hà Tĩnh
12676,347,5333,105.534297,17.437154,4,0,1,Hà Tĩnh
12677,347,5333,106.901433,18.349631,4,0,1,Hà Tĩnh
12678,347,5334,106.680992,20.895671,4,0,1,Hòa Bình
12679,347,5334,106.677976,20.90826,4,0,1,Hòa Bình
12680,347,5334,105.314639,20.941019,4,0,1,Hòa Bình
12681,347,5334,105.066043,20.967965,4,0,1,Hòa Bình
12682,347,5334,105.191431,21.020854,4,0,1,Hòa Bình
12683,347,5335,105.765503,21.864532,4,0,1,Thái Nguyên
12684,347,5335,106.093589,21.982945,4,0,1,Thái Nguyên
12685,347,5336,105.620616,22.189675,1,80,1,Hà Giang
12686,347,5336,105.319873,22.653379,1,80,1,Hà Giang
12687,348,5337,104.869514,9.085885,2,0,1,Trà Vinh
12688,348,5337,106.71672,9.340713,2,0,1,Trà Vinh
12689,348,5337,106.978135,9.676224,2,0,1,Trà Vinh
12690,348,5338,106.67265,9.58946,1,50,1,Trà Vinh
12691,348,5338,106.672661,9.589607,1,50,1,Trà Vinh
12692,348,5339,105.465382,9.833794,4,0,1,Hậu Giang
12693,348,5339,105.344575,9.883019,4,0,1,Hậu Giang
12694,348,5339,105.344687,9.883391,4,0,1,Hậu Giang
12695,348,5340,106.647873,10.261164,2,0,1,Bà Rịa - Vũng Tàu
12696,348,5340,106.927308,10.269355,2,0,1,Bà Rịa - Vũng Tàu
12697,348,5341,105.34265,10.343038,4,0,1,An Giang
12698,348,5341,105.341971,10.346867,4,0,1,An Giang
12699,348,5341,104.99182,10.426576,4,0,1,An Giang
12700,348,5342,105.515238,10.608874,4,0,1,Long An
12701,348,5342,106.024945,10.63816,4,0,1,Long An
12702,348,5343,107.242026,10.711474,1,50,1,Đồng Tháp
12703,348,5343,105.933423,10.71186,1,50,1,Đồng Tháp
12704,348,5344,105.692038,10.765844,1,60,1,TP. Hồ Chí Minh
12705,348,5344,105.675459,10.818152,1,60,1,TP. Hồ Chí Minh
12706,348,5344,106.338661,10.832164,1,60,1,TP. Hồ Chí Minh
12707,348,5344,106.557285,10.838515,1,60,1,TP. Hồ Chí Minh
12708,348,5344,107.311906,10.90392,1,60,1,TP. Hồ Chí Minh
12709,348,5344,107.421933,10.914372,1,60,1,TP. Hồ Chí Minh
12710,348,5345,105.713157,11.139966,1,60,1,Đồng Nai
12711,348,5345,107.435252,11.246726,1,60,1,Đồng Nai
12712,348,5346,105.688632,11.847438,4,0,1,Lâm Đồng
12713,348,5346,108.13768,12.181682,4,0,1,Lâm Đồng
12714,348,5346,109.313698,13.036953,4,0,1,Lâm Đồng
12715,348,5347,109.004095,13.693248,4,0,1,Bình Định
12716,348,5347,109.207706,13.737782,4,0,1,Bình Định
12717,348,5348,109.0679,13.997422,4,0,1,Bình Định
12718,348,5348,109.065912,14.002339,4,0,1,Bình Định
12719,348,5349,106.580294,18.187205,4,0,1,Hà Tĩnh
12720,348,5349,106.523306,18.283882,4,0,1,Hà Tĩnh
12721,348,5350,106.922552,20.364431,1,50,1,Thái Bình
12722,348,5350,106.59649,20.508982,1,50,1,Thái Bình
12723,348,5350,106.594771,20.512418,1,50,1,Thái Bình
12724,348,5350,105.083679,20.700043,1,50,1,Thái Bình
12725,348,5351,105.119737,21.093052,2,0,1,Phú Thọ
12726,348,5351,105.184513,21.275718,2,0,1,Phú Thọ
12727,348,5351,105.137306,21.337277,2,0,1,Phú Thọ
12728,349,5352,105.495815,10.133226,1,80,1,Kiên Giang
12729,349,5352,104.694904,10.216162,1,80,1,Kiên Giang
12730,349,5353,105.298328,10.465342,4,0,1,Đồng Tháp
12731,349,5353,105.501238,10.637495,4,0,1,Đồng Tháp
12732,349,5353,105.500952,10.638578,4,0,1,Đồng Tháp
12733,349,5353,106.024099,10.642762,4,0,1,Đồng Tháp
12734,349,5353,107.072092,10.64499,4,0,1,Đồng Tháp
12735,349,5354,105.687106,10.562118,4,0,1,Đồng Tháp
12736,349,5354,105.685783,10.56365,4,0,1,Đồng Tháp
12737,349,5355,105.5028,10.734587,4,0,1,Bà Rịa - Vũng Tàu
12738,349,5355,105.691659,10.769398,4,0,1,Bà Rịa - Vũng Tàu
12739,349,5355,107.244317,10.769682,4,0,1,Bà Rịa - Vũng Tàu
12740,349,5355,107.612735,10.838401,4,0,1,Bà Rịa - Vũng Tàu
12741,349,5356,105.994184,10.880716,1,60,1,Tây Ninh
12742,349,5356,105.8451,10.934828,1,60,1,Tây Ninh
12743,349,5356,107.402773,10.971744,1,60,1,Tây Ninh
12744,349,5357,105.806551,11.075709,1,50,1,Đồng Nai
12745,349,5357,107.070253,11.26698,1,50,1,Đồng Nai
12746,349,5358,108.254179,12.922474,1,60,1,Đắk Lắk
12747,349,5358,108.254014,12.92341,1,60,1,Đắk Lắk
12748,349,5359,108.252964,12.929089,4,0,1,Phú Yên
12749,349,5359,109.269069,13.078108,4,0,1,Phú Yên
12750,349,5360,109.258674,13.337067,1,80,1,Phú Yên
12751,349,5360,108.611681,13.350688,1,80,1,Phú Yên
12752,349,5360,107.864575,13.731825,1,80,1,Phú Yên
12753,349,5361,109.194235,13.836622,4,0,1,Bình Định
12754,349,5361,109.074841,13.864036,4,0,1,Bình Định
12755,349,5361,109.043069,13.876879,4,0,1,Bình Định
12756,349,5362,108.994276,14.076544,1,80,1,Kon Tum
12757,349,5362,107.943248,14.802464,1,80,1,Kon Tum
12758,349,5363,106.967942,17.726583,1,80,1,Hà Tĩnh
12759,349,5363,106.430949,18.632462,1,80,1,Hà Tĩnh
12760,349,5364,105.075479,20.054937,1,50,1,Hải Phòng
12761,349,5364,106.936727,20.296273,1,50,1,Hải Phòng
12762,349,5365,105.171531,20.768469,4,0,1,Hòa Bình
12763,349,5365,105.062683,20.750717,4,0,1,Hòa Bình
12764,349,5365,105.061578,20.756268,4,0,1,Hòa Bình
12765,349,5365,106.958996,20.780197,4,0,1,Hòa Bình
12766,349,5366,105.293794,20.920981,1,50,1,Hòa Bình
12767,349,5366,105.292401,20.929396,1,50,1,Hòa Bình
12768,349,5367,105.118883,21.375957,2,0,1,Phú Thọ
12769,349,5367,105.116744,21.39625,2,0,1,Phú Thọ
12770,349,5368,106.231939,21.449463,1,90,1,Bắc Giang
12771,349,5368,106.231509,21.461298,1,90,1,Bắc Giang
12772,349,5369,108.011959,21.485909,1,80,1,Vĩnh Phúc
12773,349,5369,105.558088,21.489365,1,80,1,Vĩnh Phúc
12774,349,5370,103.959998,22.485112,4,0,1,Lao Cai
12775,349,5370,103.958808,22.492054,4,0,1,Lao Cai
12776,349,5371,104.990064,22.569091,2,0,1,Lao Cai
12777,349,5371,104.142656,22.724588,2,0,1,Lao Cai
12778,349,5371,105.326908,22.81831,2,0,1,Lao Cai
12779,360,5372,106.015052,9.03003,4,0,1,Trà Vinh
12780,360,5372,106.695959,9.67781,4,0,1,Trà Vinh
12781,360,5372,105.465758,9.814407,4,0,1,Trà Vinh
12782,360,5373,103.979284,10.162571,4,0,1,Kiên Giang
12783,360,5373,103.978078,10.150064,4,0,1,Kiên Giang
12784,360,5374,105.40003,10.877359,4,0,1,Đồng Nai
12785,360,5374,107.403608,10.949999,4,0,1,Đồng Nai
12786,360,5375,105.657187,11.323661,1,60,1,Tây Ninh
12787,360,5375,105.725491,11.361851,1,60,1,Tây Ninh
12788,360,5376,109.086297,11.856056,4,0,1,Đắk Nông
12789,360,5376,107.587739,12.030615,4,0,1,Đắk Nông
12790,360,5377,108.218192,12.966065,4,0,1,Đắk Lắk
12791,360,5377,108.231229,12.984699,4,0,1,Đắk Lắk
12792,360,5378,109.118564,13.905605,4,0,1,Bình Định
12793,360,5378,109.016917,13.909728,4,0,1,Bình Định
12794,360,5379,108.175258,16.88937,4,0,1,Quảng Nam
12795,360,5379,108.230923,15.071939,4,0,1,Quảng Nam
12796,360,5380,106.731105,18.654648,4,0,1,Thanh Hóa
12797,360,5380,106.575104,19.525415,4,0,1,Thanh Hóa
12798,360,5381,105.353575,20.78245,4,0,1,Hòa Bình
12799,360,5381,105.047257,20.789779,4,0,1,Hòa Bình
12800,360,5382,105.292937,20.925144,1,50,1,Hòa Bình
12801,360,5382,105.291906,20.932445,1,50,1,Hòa Bình
12802,360,5383,106.534481,21.072392,1,80,1,Hải Dương
12803,360,5383,106.498532,21.096091,1,80,1,Hải Dương
12804,360,5383,106.293657,21.108188,1,80,1,Hải Dương
12805,360,5383,105.015751,21.241981,1,80,1,Hải Dương
12806,360,5384,106.086698,21.556545,1,80,1,Lạng Sơn
12807,360,5384,106.752366,21.71406,1,80,1,Lạng Sơn
12808,360,5385,105.624966,21.864154,2,0,1,Tuyên Quang
12809,360,5385,105.503447,21.88576,2,0,1,Tuyên Quang
12810,361,5386,106.127363,9.571006,4,0,1,Kiên Giang
12811,361,5386,106.450064,9.806028,4,0,1,Kiên Giang
12812,361,5386,105.300329,10.1348,4,0,1,Kiên Giang
12813,361,5386,103.979978,10.14827,4,0,1,Kiên Giang
12814,361,5386,103.971058,10.159856,4,0,1,Kiên Giang
12815,361,5387,105.349045,10.310886,4,0,1,An Giang
12816,361,5387,105.348531,10.313413,4,0,1,An Giang
12817,361,5388,107.158787,10.45733,4,0,1,An Giang
12818,361,5388,105.297328,10.477118,4,0,1,An Giang
12819,361,5389,105.555785,10.518418,4,0,1,Đồng Tháp
12820,361,5389,105.567278,10.541196,4,0,1,Đồng Tháp
12821,361,5390,105.96572,10.586139,2,0,1,Đồng Tháp
12822,361,5390,105.445687,10.595578,2,0,1,Đồng Tháp
12823,361,5391,105.446377,10.704809,4,0,1,Đồng Tháp
12824,361,5391,105.737543,10.706339,4,0,1,Đồng Tháp
12825,361,5392,105.730422,10.737831,11,0,1,Đồng Tháp
12826,361,5392,105.729647,10.74356,11,0,1,Đồng Tháp
12827,361,5393,105.979639,10.798647,1,60,1,Đồng Tháp
12828,361,5393,105.791471,10.817395,1,60,1,Đồng Tháp
12829,361,5394,107.176399,11.02624,4,0,1,Đồng Nai
12830,361,5394,107.174531,11.030058,4,0,1,Đồng Nai
12831,361,5394,107.173855,11.036171,4,0,1,Đồng Nai
12832,361,5395,107.377306,11.186634,1,60,1,Tây Ninh
12833,361,5395,105.749856,11.314615,1,60,1,Tây Ninh
12834,361,5396,105.171742,11.456807,11,0,1,Bình Phước
12835,361,5396,106.902968,11.489234,11,0,1,Bình Phước
12836,361,5397,109.225887,12.704785,1,60,1,Phú Yên
12837,361,5397,109.116148,13.02296,1,60,1,Phú Yên
12838,361,5397,109.114966,13.024198,1,60,1,Phú Yên
12839,361,5398,107.999865,14.352863,4,0,1,Đà Nẵng
12840,361,5398,108.96301,14.818467,4,0,1,Đà Nẵng
12841,361,5398,108.726923,16.357506,4,0,1,Đà Nẵng
12842,361,5398,108.463575,16.639435,4,0,1,Đà Nẵng
12843,361,5398,108.106125,15.147471,4,0,1,Đà Nẵng
12844,361,5399,106.567653,18.659215,4,0,1,Hà Tĩnh
12845,361,5399,106.567619,18.659491,4,0,1,Hà Tĩnh
12846,361,5400,106.529006,18.590385,1,60,1,Hà Tĩnh
12847,361,5400,106.527908,18.597668,1,60,1,Hà Tĩnh
12848,361,5400,106.527707,18.59885,1,60,1,Hà Tĩnh
12849,361,5401,105.118472,20.70016,4,0,1,Hà Nội
12850,361,5401,105.76211,20.804557,4,0,1,Hà Nội
12851,361,5402,106.889975,20.81562,4,0,1,Hải Phòng
12852,361,5402,106.889504,20.819502,4,0,1,Hải Phòng
12853,361,5403,104.938187,21.766196,1,80,1,Yên Bái
12854,361,5403,104.922737,21.755544,1,80,1,Yên Bái
12855,361,5403,105.740264,21.774986,1,80,1,Yên Bái
12856,361,5404,105.765254,21.868629,4,0,1,Thái Nguyên
12857,361,5404,105.765227,21.868767,4,0,1,Thái Nguyên
12858,361,5404,105.701501,21.944955,4,0,1,Thái Nguyên
12859,361,5405,106.929982,22.394754,1,60,1,Lao Cai
12860,361,5405,104.032713,22.441311,1,60,1,Lao Cai
12861,362,5406,106.721101,9.30317,4,0,1,Trà Vinh
12862,362,5406,106.719537,9.314206,4,0,1,Trà Vinh
12863,362,5407,106.783027,10.014387,2,0,1,Kiên Giang
12864,362,5407,105.330379,10.16348,2,0,1,Kiên Giang
12865,362,5408,106.493549,10.945652,2,0,1,Tây Ninh
12866,362,5408,105.847821,10.98019,2,0,1,Tây Ninh
12867,362,5409,105.694624,11.82845,4,0,1,Tây Ninh
12868,362,5409,105.934058,11.840986,4,0,1,Tây Ninh
12869,362,5410,107.395389,12.264412,1,50,1,Đắk Lắk
12870,362,5410,108.21853,12.96227,1,50,1,Đắk Lắk
12871,362,5411,109.116261,13.022246,1,70,1,Phú Yên
12872,362,5411,109.261273,13.648061,1,70,1,Phú Yên
12873,362,5412,108.463933,16.63788,4,0,1,Thừa Thiên Huế
12874,362,5412,108.176969,16.891206,4,0,1,Thừa Thiên Huế
12875,362,5412,108.176439,16.92694,4,0,1,Thừa Thiên Huế
12876,362,5413,105.10813,20.432016,1,50,1,Hải Phòng
12877,362,5413,106.917166,20.43586,1,50,1,Hải Phòng
12878,362,5414,106.916923,20.445389,4,0,1,Hà Nam
12879,362,5414,105.61605,20.496365,4,0,1,Hà Nam
12880,362,5414,105.61356,20.605247,4,0,1,Hà Nam
12881,362,5415,105.248668,20.747516,1,60,1,Hải Dương
12882,362,5415,106.334442,20.780081,1,60,1,Hải Dương
12883,362,5416,106.887017,20.837506,4,0,1,Hòa Bình
12884,362,5416,105.314779,20.93974,4,0,1,Hòa Bình
12885,363,5417,105.246656,10.35795,4,0,1,Bà Rịa - Vũng Tàu
12886,363,5417,107.071463,10.374155,4,0,1,Bà Rịa - Vũng Tàu
12887,363,5418,109.216149,12.02147,4,0,1,Khánh Hòa
12888,363,5418,109.150878,12.066534,4,0,1,Khánh Hòa
12889,363,5418,109.065589,12.157846,4,0,1,Khánh Hòa
12890,363,5419,107.940327,13.902741,1,60,1,Bình Định
12891,363,5419,109.068962,13.94352,1,60,1,Bình Định
12892,363,5420,109.029207,14.373143,1,60,1,Bình Định
12893,363,5420,109.083574,14.489758,1,60,1,Bình Định
12894,363,5421,107.522103,15.628431,1,60,1,Quảng Nam
12895,363,5421,107.304151,15.531484,1,60,1,Quảng Nam
12896,363,5422,106.701174,19.318515,4,0,1,Thanh Hóa
12897,363,5422,106.582924,19.430237,4,0,1,Thanh Hóa
12898,363,5423,105.126611,20.376805,1,50,1,Hòa Bình
12899,363,5423,105.110844,20.41003,1,50,1,Hòa Bình
12900,363,5423,105.109888,20.41782,1,50,1,Hòa Bình
12901,363,5424,105.006676,20.445336,4,0,1,Hòa Bình
12902,363,5424,105.290278,20.673041,4,0,1,Hòa Bình
12903,363,5425,105.04833,20.781925,2,0,1,Hòa Bình
12904,363,5425,105.477058,20.835323,2,0,1,Hòa Bình
12905,363,5426,105.139835,21.086988,2,0,1,Hải Phòng
12906,363,5426,106.769393,21.146182,2,0,1,Hải Phòng
12907,363,5427,105.318726,21.368207,1,80,1,Phú Thọ
12908,363,5427,105.296771,21.468218,1,80,1,Phú Thọ
12909,363,5428,105.127123,21.476823,4,0,1,Thái Nguyên
12910,363,5428,105.768662,21.849203,4,0,1,Thái Nguyên
12911,363,5429,103.973329,22.476319,4,0,1,Hà Giang
12912,363,5429,104.95871,22.598898,4,0,1,Hà Giang
12913,364,5430,105.567182,10.694517,4,0,1,Long An
12914,364,5430,106.208481,10.521668,4,0,1,Long An
12915,364,5431,105.527723,11.070334,1,70,1,Tây Ninh
12916,364,5431,105.504154,11.135736,1,70,1,Tây Ninh
12917,364,5432,105.411591,11.259072,1,60,1,Tây Ninh
12918,364,5432,105.371417,11.281702,1,60,1,Tây Ninh
12919,364,5432,105.105437,11.293467,1,60,1,Tây Ninh
12920,364,5433,107.977827,11.58548,1,80,1,Đắk Nông
12921,364,5433,107.693616,12.298748,1,80,1,Đắk Nông
12922,364,5434,107.67977,15.426074,2,0,1,Hà Tĩnh
12923,364,5434,106.501361,18.954214,2,0,1,Hà Tĩnh
12924,364,5435,106.861302,20.012392,11,0,1,Hải Phòng
12925,364,5435,106.918183,20.42356,11,0,1,Hải Phòng
12926,364,5436,106.914998,20.629612,4,0,1,Hải Phòng
12927,364,5436,106.909698,20.631416,4,0,1,Hải Phòng
12928,364,5437,105.800599,21.025261,2,0,1,Quảng Ninh
12929,364,5437,106.965905,21.170314,2,0,1,Quảng Ninh
12930,364,5437,106.9924,21.26714,2,0,1,Quảng Ninh
12931,364,5438,105.277098,21.400273,2,0,1,Yên Bái
12932,364,5438,105.00465,21.601533,2,0,1,Yên Bái
12933,364,5439,104.105949,21.839382,1,60,1,Yên Bái
12934,364,5439,104.843067,21.875985,1,60,1,Yên Bái
12935,365,5440,107.076432,10.934051,2,0,1,Tây Ninh
12936,365,5440,105.864796,11.011855,2,0,1,Tây Ninh
12937,365,5441,105.527625,11.072456,1,70,1,Tây Ninh
12938,365,5441,105.525621,11.089994,1,70,1,Tây Ninh
12939,365,5442,105.514951,11.476489,4,0,1,Tây Ninh
12940,365,5442,105.514927,11.475354,4,0,1,Tây Ninh
12941,365,5443,109.053905,11.574628,2,0,1,Lâm Đồng
12942,365,5443,108.264274,11.768758,2,0,1,Lâm Đồng
12943,365,5444,109.21638,12.204866,4,0,1,Khánh Hòa
12944,365,5444,109.19566,12.240843,4,0,1,Khánh Hòa
12945,365,5444,109.206903,12.25925,4,0,1,Khánh Hòa
12946,365,5445,109.149049,13.774508,4,0,1,Bình Định
12947,365,5445,109.147792,13.793431,4,0,1,Bình Định
12948,365,5446,107.178922,15.785707,1,80,1,Hà Tĩnh
12949,365,5446,105.510887,17.387206,1,80,1,Hà Tĩnh
12950,365,5447,106.557596,19.579235,4,0,1,Thanh Hóa
12951,365,5447,106.555548,19.598948,4,0,1,Thanh Hóa
12952,365,5448,106.775386,19.801411,4,0,1,Thái Bình
12953,365,5448,106.623318,19.925091,4,0,1,Thái Bình
12954,365,5449,105.656219,20.37173,1,50,1,Hải Phòng
12955,365,5449,106.91742,20.43391,1,50,1,Hải Phòng
12956,365,5449,105.107408,20.437813,1,50,1,Hải Phòng
12957,365,5450,106.451265,21.395593,2,0,1,Phú Thọ
12958,365,5450,105.230678,21.436065,2,0,1,Phú Thọ
12959,365,5451,105.294822,21.819056,2,0,1,Lai Châu
12960,365,5451,102.794143,22.384113,2,0,1,Lai Châu
12961,366,5452,105.423218,10.601579,4,0,1,Đồng Tháp
12962,366,5452,105.423147,10.60275,4,0,1,Đồng Tháp
12963,366,5452,105.422767,10.605917,4,0,1,Đồng Tháp
12964,366,5452,105.422767,10.605917,4,0,1,Đồng Tháp
12965,366,5452,105.422229,10.613128,4,0,1,Đồng Tháp
12966,366,5453,106.247657,10.812767,4,0,1,Đồng Tháp
12967,366,5453,105.713616,10.921398,4,0,1,Đồng Tháp
12968,366,5454,105.136766,11.241564,2,0,1,An Giang
12969,366,5454,105.130465,11.245468,2,0,1,An Giang
12970,366,5455,107.834491,11.447658,4,0,1,Lâm Đồng
12971,366,5455,108.347979,11.649523,4,0,1,Lâm Đồng
12972,366,5456,108.677855,11.849245,4,0,1,Đắk Nông
12973,366,5456,107.586484,12.042023,4,0,1,Đắk Nông
12974,366,5457,108.000175,14.343198,4,0,1,Kon Tum
12975,366,5457,108.000497,14.362023,4,0,1,Kon Tum
12976,366,5458,106.846644,19.858619,4,0,1,Hòa Bình
12977,366,5458,105.343953,20.296306,4,0,1,Hòa Bình
12978,366,5458,106.917517,20.431656,4,0,1,Hòa Bình
12979,367,5459,104.018025,10.17397,4,0,1,An Giang
12980,367,5459,106.727958,10.319676,4,0,1,An Giang
12981,367,5459,106.546417,10.390644,4,0,1,An Giang
12982,367,5459,105.306358,10.392107,4,0,1,An Giang
12983,367,5459,106.546245,10.394532,4,0,1,An Giang
12984,367,5459,106.546177,10.396514,4,0,1,An Giang
12985,367,5459,105.304911,10.403357,4,0,1,An Giang
12986,367,5460,105.19105,10.564573,4,0,1,Đồng Tháp
12987,367,5460,105.697433,10.701338,4,0,1,Đồng Tháp
12988,367,5460,105.792792,10.791286,4,0,1,Đồng Tháp
12989,367,5461,107.48775,11.435863,4,0,1,Bình Thuận
12990,367,5461,107.837414,11.483824,4,0,1,Bình Thuận
12991,367,5462,108.159656,12.648936,4,0,1,Đắk Lắk
12992,367,5462,108.159405,12.662301,4,0,1,Đắk Lắk
12993,367,5463,109.082104,14.603042,1,60,1,Quảng Ngãi
12994,367,5463,109.031786,14.727152,1,60,1,Quảng Ngãi
12995,367,5464,108.412941,16.797646,1,80,1,Thừa Thiên Huế
12996,367,5464,108.175111,16.918779,1,80,1,Thừa Thiên Huế
12997,367,5465,106.518071,18.571175,4,0,1,Hà Tĩnh
12998,367,5465,106.517773,18.708287,4,0,1,Hà Tĩnh
12999,367,5466,106.562457,18.827578,10,0,1,Hà Tĩnh
13000,367,5466,106.500817,18.977198,10,0,1,Hà Tĩnh
13001,367,5467,106.775285,19.803295,4,0,1,Thái Bình
13002,367,5467,106.552714,19.963241,4,0,1,Thái Bình
13003,367,5467,106.552714,19.964318,4,0,1,Thái Bình
13004,367,5468,105.581329,20.853978,11,0,1,Hải Dương
13005,367,5468,106.345179,20.879528,11,0,1,Hải Dương
13006,367,5468,105.574338,20.888767,11,0,1,Hải Dương
13007,367,5469,107.115766,21.021392,1,80,1,Bắc Giang
13008,367,5469,106.381991,21.225606,1,80,1,Bắc Giang
13009,367,5470,104.488309,22.26551,1,80,1,Cao Bằng
13010,367,5470,105.416565,22.465061,1,80,1,Cao Bằng
13011,367,5470,104.242575,22.798647,1,80,1,Cao Bằng
13012,368,5471,106.821174,9.536691,4,0,1,Trà Vinh
13013,368,5471,106.674528,9.570064,4,0,1,Trà Vinh
13014,368,5471,106.136922,9.879371,4,0,1,Trà Vinh
13015,368,5471,104.017442,10.064188,4,0,1,Trà Vinh
13016,368,5472,104.017331,10.068014,1,50,1,Kiên Giang
13017,368,5472,104.017268,10.051146,1,50,1,Kiên Giang
13018,368,5473,107.198141,10.619306,4,0,1,Đồng Tháp
13019,368,5473,105.825695,10.680865,4,0,1,Đồng Tháp
13020,368,5474,105.792738,10.792693,1,50,1,Đồng Tháp
13021,368,5474,105.792575,10.796023,1,50,1,Đồng Tháp
13022,368,5474,105.792511,10.79853,1,50,1,Đồng Tháp
13023,368,5474,105.792683,10.800225,1,50,1,Đồng Tháp
13024,368,5474,105.792669,10.801273,1,50,1,Đồng Tháp
13025,368,5475,105.981157,10.941758,2,0,1,Đồng Nai
13026,368,5475,107.090592,10.953103,2,0,1,Đồng Nai
13027,368,5476,105.479524,11.246958,1,60,1,Đồng Nai
13028,368,5476,107.162114,11.309393,1,60,1,Đồng Nai
13029,368,5477,105.113363,11.432196,11,0,1,Tây Ninh
13030,368,5477,105.514553,11.483069,11,0,1,Tây Ninh
13031,368,5478,109.06103,12.235851,1,50,1,Khánh Hòa
13032,368,5478,109.062457,12.265165,1,50,1,Khánh Hòa
13033,368,5478,107.696283,12.288178,1,50,1,Khánh Hòa
13034,368,5479,108.953347,12.39987,4,0,1,Đắk Lắk
13035,368,5479,108.159155,12.668555,4,0,1,Đắk Lắk
13036,368,5479,108.15915,12.668867,4,0,1,Đắk Lắk
13037,368,5479,108.266527,12.870272,4,0,1,Đắk Lắk
13038,368,5480,109.210351,13.733591,4,0,1,Bình Định
13039,368,5480,109.239628,13.933858,4,0,1,Bình Định
13040,368,5481,109.033287,14.223979,1,90,1,Bình Định
13041,368,5481,109.078904,14.257741,1,90,1,Bình Định
13042,368,5482,109.078533,14.283984,1,60,1,Bình Định
13043,368,5482,109.082015,14.604628,1,60,1,Bình Định
13044,368,5483,106.67545,18.870093,4,0,1,Hà Tĩnh
13045,368,5483,106.677092,18.886874,4,0,1,Hà Tĩnh
13046,368,5484,106.652005,18.976855,4,0,1,Thanh Hóa
13047,368,5484,106.72419,19.316686,4,0,1,Thanh Hóa
13048,368,5485,106.956603,20.198576,2,0,1,Hòa Bình
13049,368,5485,105.224688,20.255682,2,0,1,Hòa Bình
13050,368,5486,106.91666,20.624948,11,0,1,Hòa Bình
13051,368,5486,105.034323,20.676224,11,0,1,Hòa Bình
13052,368,5487,106.891185,20.677169,1,80,1,Hải Phòng
13053,368,5487,106.890653,20.698918,1,80,1,Hải Phòng
13054,368,5488,106.811203,20.500322,1,60,1,Hải Phòng
13055,368,5488,106.890492,20.502753,1,60,1,Hải Phòng
13056,368,5489,106.546272,20.80932,2,0,1,Hòa Bình
13057,368,5489,105.104041,20.838045,2,0,1,Hòa Bình
13058,368,5490,106.85006,20.916856,4,0,1,Hải Phòng
13059,368,5490,106.869247,20.932965,4,0,1,Hải Phòng
13060,368,5490,105.314552,20.936357,4,0,1,Hải Phòng
13061,368,5491,106.919721,20.973023,4,0,1,Hòa Bình
13062,368,5491,105.416266,20.999533,4,0,1,Hòa Bình
13063,368,5492,105.710755,21.046018,1,70,1,Hà Nội
13064,368,5492,105.713366,21.05895,1,70,1,Hà Nội
13065,368,5493,106.827372,21.128072,4,0,1,Phú Thọ
13066,368,5493,105.100038,21.230395,4,0,1,Phú Thọ
13067,368,5494,105.099938,21.234426,2,0,1,Yên Bái
13068,368,5494,104.539573,21.247249,2,0,1,Yên Bái
13069,369,5495,106.095946,9.211717,4,0,1,Bạc Liêu
13070,369,5495,106.095911,9.212274,4,0,1,Bạc Liêu
13071,369,5496,104.005138,10.067368,4,0,1,Kiên Giang
13072,369,5496,104.005131,10.068677,4,0,1,Kiên Giang
13073,369,5496,104.005086,10.059967,4,0,1,Kiên Giang
13074,369,5497,105.140746,10.406691,1,60,1,An Giang
13075,369,5497,105.140593,10.407681,1,60,1,An Giang
13076,369,5497,105.140563,10.414853,1,60,1,An Giang
13077,369,5498,107.073965,10.697663,1,50,1,Bà Rịa - Vũng Tàu
13078,369,5498,107.073923,10.50219,1,50,1,Bà Rịa - Vũng Tàu
13079,369,5499,105.721744,10.738207,11,0,1,Đồng Tháp
13080,369,5499,105.71827,10.844595,11,0,1,Đồng Tháp
13081,369,5500,105.718267,10.844947,4,0,1,Đồng Nai
13082,369,5500,107.140207,10.940019,4,0,1,Đồng Nai
13083,369,5501,105.56992,10.972751,4,0,1,Đồng Tháp
13084,369,5501,105.561054,10.991278,4,0,1,Đồng Tháp
13085,369,5502,107.183293,11.043137,1,60,1,Đồng Nai
13086,369,5502,107.178157,11.055757,1,60,1,Đồng Nai
13087,369,5502,107.255719,11.075997,1,60,1,Đồng Nai
13088,369,5502,105.701234,11.097378,1,60,1,Đồng Nai
13089,369,5503,105.541967,11.114966,1,80,1,Tây Ninh
13090,369,5503,105.542234,11.140434,1,80,1,Tây Ninh
13091,369,5504,105.329998,11.68907,2,0,1,Bình Phước
13092,369,5504,107.00069,11.861886,2,0,1,Bình Phước
13093,369,5505,108.018841,12.573493,1,90,1,Đắk Lắk
13094,369,5505,108.018869,12.589006,1,90,1,Đắk Lắk
13095,369,5505,108.018832,12.594944,1,90,1,Đắk Lắk
13096,369,5506,108.787427,13.982431,1,80,1,Bình Định
13097,369,5506,108.953509,14.067794,1,80,1,Bình Định
13098,369,5507,109.078467,14.294504,4,0,1,Kon Tum
13099,369,5507,107.999988,14.345869,4,0,1,Kon Tum
13100,369,5508,108.194083,15.019924,11,0,1,Quảng Nam
13101,369,5508,108.119428,15.127319,11,0,1,Quảng Nam
13102,369,5509,106.564332,18.635621,1,90,1,Hà Tĩnh
13103,369,5509,106.564342,18.635681,1,90,1,Hà Tĩnh
13104,369,5510,106.918828,20.416121,2,0,1,Hải Phòng
13105,369,5510,106.777236,20.445798,2,0,1,Hải Phòng
13106,369,5511,106.886424,20.604168,4,0,1,Hải Phòng
13107,369,5511,106.948069,20.639134,4,0,1,Hải Phòng
13108,369,5511,106.908921,20.640692,4,0,1,Hải Phòng
13109,369,5512,106.918764,20.708848,4,0,1,Hải Phòng
13110,369,5512,106.918714,20.713885,4,0,1,Hải Phòng
13111,369,5513,105.082434,20.728718,1,60,1,Hòa Bình
13112,369,5513,105.082707,20.736939,1,60,1,Hòa Bình
13113,369,5514,105.746323,20.83183,1,60,1,Hà Nội
13114,369,5514,105.746318,20.832297,1,60,1,Hà Nội
13115,369,5515,105.572838,21.033927,2,0,1,Phú Thọ
13116,369,5515,105.052596,21.035296,2,0,1,Phú Thọ
13117,369,5516,105.094838,21.065384,4,0,1,Vĩnh Phúc
13118,369,5516,105.60189,21.085344,4,0,1,Vĩnh Phúc
13119,369,5516,106.827187,21.112706,4,0,1,Vĩnh Phúc
13120,369,5517,103.132593,21.880038,1,80,1,Yên Bái
13121,369,5517,104.564852,21.912947,1,80,1,Yên Bái
